song_id,title,artist,period,primary_genre,confidence,reason,identity_primary,review,identity_review,review_note,review_source
song_26dc8b6a55362935b770a92681be528031e1eae60d47b21f5bbe20b9a2398b27,White Bucks And Saddle Shoes,"Bobby Pedrick, Jr.",1958–1969,Pop,low,"No tags are supplied; the identifiable late-1950s teen-pop novelty/rock-and-roll context suggests pop, but the basis is indirect and uncertain.",,,,,
song_2d1c4e54ff3b4fea69b44bc5076c5c2e707dc6f2834e4bef86e57b071425eda2,Can't Help Falling In Love,Elvis Presley With The Jordanaires,1958–1969,Pop,high,"Recording tags include strong pop and rock evidence, but the identifiable Elvis recording is a pop ballad rather than primarily rock-and-roll.",,,,,
song_30d830a95ffb8c7322352dd1f2121a5deea8394105665f02987fe06fa0a7b146,In And Out Of Love,Diana Ross & The Supremes,1958–1969,R&B / Soul,medium,"No tags are supplied, but the identifiable Diana Ross & The Supremes Motown single is soul-pop; absent direct evidence keeps confidence moderate.",R&B / Soul,,,,
song_3bdcd0c52b13009a6dc8b41cff8ae72333763ec0677acbdc762853aba365b808,The Christmas Song (Merry Christmas To You),Nat King Cole,1958–1969,Jazz / Blues,high,"Recording tags include jazz and swing alongside holiday labels; the identifiable Nat King Cole recording is a jazz/traditional pop vocal standard, with jazz the best taxonomy fit.",,,,,
song_445ce019f72fefe5e322a604f3bf07c182e78c35bce0cb59086d3947a50d1916,Let Me In,The Sensations,1958–1969,R&B / Soul,high,Recording tags strongly indicate doo-wop with R&B and soul support; learned context also fits an early-1960s vocal-group R&B/pop crossover.,R&B / Soul,,,,
song_50ea809b682afcab684a2f64fcfd5e86c3286489df4267129108b5b8893a4bf8,Like A Rolling Stone,Bob Dylan,1958–1969,Rock,high,"No tags were supplied, but the identifiable Bob Dylan recording is widely known as a landmark folk-rock/rock single rather than purely acoustic folk.",,,,,
song_5a5cd16abaf07246bb5337c8d24388917029f3347ac3b755d00e4df427018642,Unwind,Ray Stevens,1958–1969,Other,low,"Supplied recording tags only indicate comedy and novelty, which do not map cleanly to the taxonomy, and there is too little style evidence for a defensible musical genre.",,,,,
song_629b0d4543a0482a9145a0a75efd8b0f3e2bef536b05e6cb73fc5f7bfd4678c7,Hey Jude,The Beatles,1958–1969,Rock,high,"No tags were supplied, but the identifiable Beatles recording is a rock/pop ballad with strong mainstream pop crossover.",,,,,
song_6ff9b0c852e2518543efdeb12a8d461bb12cb1f08d87f7f3872960d2d742929e,For Your Love,Peaches & Herb,1958–1969,R&B / Soul,medium,"No tags were supplied, but this identifiable Peaches & Herb version is best understood as late-1960s soul/R&B vocal pop; exact arrangement evidence is indirect.",R&B / Soul,,,,
song_73bb6d17dc79b2d3de5b3da5aa9c9bac42813c975b368517a5f7e28fdd76e1c6,"Hold Me, Thrill Me, Kiss Me",Mel Carter,1958–1969,Pop,high,"Recording tags most strongly support pop and classic pop vocals, with doo-wop, R&B, and soul showing genuine vocal-pop crossover.",Pop,,,,
song_7e30c1693734863a0fecc8328bf158f36c0fedb96ad6b1a253efba966bc482af,The Guns Of Navarone,Joe Reisman Orch. & Chorus,1958–1969,Other,medium,"No tags were supplied; the identifiable orchestral theme recording is primarily instrumental film/TV orchestral music, outside the taxonomy despite some popular-chart context.",Other,,,,
song_8c13d8e4ead4fff60549ddec575dad40428747a694cb844f51a73e2e59e443e1,Respect,Aretha Franklin,1958–1969,R&B / Soul,high,"Identifiable Aretha Franklin recording; supplied recording tags heavily support soul, R&B, rhythm and blues, and deep soul, with pop/rock only secondary noise.",R&B / Soul,,,,
song_940fad53a151dbed140e4f3434e01f801e7bf9f6c2bc8ab11087d241736bfade,Folsom Prison Blues,Johnny Cash,1958–1969,Country,high,"Identifiable Johnny Cash recording; recording tags strongly support country, classic country, Americana, and country rock, with rock as a genuine crossover element.",,,,,
song_9a06fb279bf9a89ed1a79eccc04ee6dd680a707912152979014ba32ccadf8d7c,True Love Goes On And On,Burl Ives,1958–1969,Folk / Singer-Songwriter,low,"Only an oldies tag is supplied; learned artist context points toward Burl Ives's folk/pop vocal lane, but this specific recording has sparse evidence.",,,,,
song_ad441ca7d322688fff5b1fcb0977b786e5d613405e7dd3e05f181c5f4a2ebe6c,I Fall To Pieces,Patsy Cline,1958–1969,Country,high,"Identifiable Patsy Cline recording; supplied tags strongly support country, classic country, Nashville sound, and traditional country.",,,,,
song_aec5a72fd688d3465643aa325e35349fa4c0a9a062230772a3e5b5fab3bd2dac,"Hello, Dolly!",Louis Armstrong And The All Stars,1958–1969,Jazz / Blues,high,"No tags are supplied, but this identifiable Louis Armstrong hit is a jazz/pop show-tune performance, with Armstrong's style supporting jazz as primary.",,,,,
song_c175234ba4926133ea1ec08dc7971e3446004ae13bd450e4937342dcfc6bf077,I Heard It Through The Grapevine,Marvin Gaye,1958–1969,R&B / Soul,high,"Identifiable Marvin Gaye Motown hit; recording tags strongly support soul, R&B, funk and Motown, with pop/rock tags secondary to its soul style.",,,,,
song_c621cfa245241f1ede4d5a3c0552e33fcf76bcfd4ccb6daa72e3ad013b3d4fa0,I Can't Stop Loving You,Ray Charles,1958–1969,R&B / Soul,high,"Identifiable Ray Charles crossover recording; tags most strongly support soul and R&B, while jazz, blues and country evidence reflect genuine stylistic crossover.",Country,,,,
song_d1144e651a7db9b1bfac074c20e133c378ff0d99c0fb41156bb1677cb1b254a3,Over And Over,Bobby Day,1958–1969,Rock,medium,"Recording tags split between doo-wop/R&B and rock and roll for Bobby Day, making early rock and roll the best broad fit with R&B crossover.",R&B / Soul,,,,
song_de9170e8e62446f52437643bfd1b1dd47bc4b8293c7035f8888c5d679cef5cd8,Malayisha,Miriam Makeba,1958–1969,Other,low,"No supplied tags and the specific recording is not clear enough here; Miriam Makeba context suggests African popular/folk influence, but that is insufficient song-specific evidence.",Afrobeats / African Pop,,,,
song_e8c3fc6c6e1f765fc422070358b4fa4e705e746857c034d5ed2a511db646b411,Two Little Kids,Peaches & Herb,1958–1969,R&B / Soul,low,"No tags are supplied; Peaches & Herb were known for 1960s soul/pop duets, but this specific recording has limited evidence, so R&B / Soul is tentative.",R&B / Soul,,,,
song_f02e6d705e7faa04e469d80e3875be41a76646cc7117a1e563c8811c46ecdd25,Everybody Go Home,Eydie Gorme,1958–1969,Pop,low,"No tags are supplied and the specific Eydie Gorme recording is uncertain; her early-1960s chart material generally fits traditional pop, but evidence is sparse.",,,,,
song_f9ddcd2f7850ac896c1cdb787d553b63fe78a5f64c8ff1f0fb8e2e7cf7641e9c,3rd Man Theme,Herb Alpert & The Tijuana Brass,1958–1969,Jazz / Blues,high,"Recording tags emphasize easy listening, jazz and latin jazz for Herb Alpert's instrumental version, making jazz the best taxonomy fit with some Latin stylistic influence.",Jazz / Blues,,,,
song_002cebf313bfd5ccfd563b8ec75fc04cee875e3417d9f4c8bca42ea377016acf,Let's Stay Together,Al Green,1970s,R&B / Soul,high,"The identifiable Al Green recording is clearly soul/R&B, and supplied recording tags heavily support soul, Memphis soul, smooth soul, funk and R&B.",,,,,
song_1f3dbe6945ae1849e0479aa13b2ac79769d21af4419b277f92c42de038a0a958,Jolene,Dolly Parton,1970s,Country,high,"The identifiable Dolly Parton recording and supplied tags strongly support country, classic country, bluegrass and country pop; scattered rock, reggae and other tags look noisy.",,,,,
song_32e956d7ab212c9ce517184027a9a0a8b2814bdb25f7a4247e9ce8d1d8d33ba2,Baby Face,The Wing And A Prayer Fife & Drum Corps.,1970s,Other,low,"No genre tags are supplied, and the identifiable 1975 hit version is a novelty/disco-styled revival by a fife-and-drum-named studio act, making a taxonomy choice uncertain.",Pop,,,,
song_3d3d6dbe6afb23cfdf8bdb56ae16f1238644091c6091cfea602a92f3ec0a978e,Stayin' Alive,Bee Gees,1970s,Electronic / Dance,high,"Recording evidence is dominated by disco and dance tags, and the identifiable Bee Gees recording is a canonical disco track with pop and blue-eyed soul crossover elements.",,,,,
song_4e595dae396b8c8d6e617d22ebdf96eefd808ddb3b2d50663c0b96ba1809faae,(I'd Know You) Anywhere,Ashford & Simpson,1970s,R&B / Soul,low,"No tags are supplied, but the identifiable Ashford & Simpson act and early-1970s Motown-associated song plausibly indicate soul; the specific recording evidence is absent, so confidence is low.",,,,,
song_66e3a32dd4604c4c4bb2490dafb9a9780fa010bf35d988f55be64637d260d37a,Viva Tirado - Part I,El Chicano,1970s,Jazz / Blues,medium,"No tags are supplied, but the identifiable El Chicano recording is best known as a Latin jazz/rock instrumental; Jazz / Blues is the closest primary with Latin crossover.",Latin,,,,
song_728925dc4a3c8dbfe9f3246dffa5d6a5f5ae65ef8637ee88e521237fad75a8da,Don't Want To Live Without It,Pablo Cruise,1970s,Rock,high,"Recording tags strongly point to soft rock, rock, and pop/rock, so Rock is better supported than generic Pop.",Rock,,,,
song_743651acd80309a38ef51ee4e42f7dc5e9cd9a4d8a66440fa563b76e7a855478,Feels So Good,Chuck Mangione,1970s,Jazz / Blues,high,"Recording tags heavily support jazz, smooth jazz, instrumental jazz, and contemporary jazz; disco/pop/Latin tags indicate crossover but not the main style.",,,,,
song_7af106e9903c0d3166b0e4713f04b5f19e9fd66ab7805f1e45bfa0eb60c7eb4c,Some Guys Have All The Luck,The Persuaders,1970s,R&B / Soul,high,"The supplied recording tag is soul, and the identifiable Persuaders version is a soul/R&B recording.",R&B / Soul,,,,
song_871c4ad5bdbc31a2492e368ff5235aa8f8aaa094a3dcb8ba0e0ac32ed4b9c53a,Rapper's Delight,Sugarhill Gang,1970s,Hip-Hop / Rap,high,"Recording tags strongly support hip hop, rap, old school hip hop, and turntablism, with disco/funk/R&B elements as crossover context.",,,,,
song_8794d1c12e8c77e7ad430a1b484aee515afa3d9ead32874c9ea8b0519ab7ae77,Don't Hide Your Love,Cher,1970s,Rock,medium,"Recording tags strongly support soft rock, rock, pop rock, folk rock, and country rock; the country tag suggests crossover, but the broad musical evidence points most to Rock.",Pop,,,,
song_893cc453fd6abdf92143801f9be8b45c9b946bc24bfba4384a35774137e70121,You Gotta Have Love In Your Heart,The Supremes & Four Tops,1970s,R&B / Soul,medium,"Recording tags include R&B and R&B/soul, matching the Motown soul context of the identifiable Supremes/Four Tops collaboration; the electronic tag is isolated and likely noisy.",R&B / Soul,,,,
song_8c901f5b3e5e4c25f7cf44180cd1bedcb3567ea88b9e7b4153fe86d1ba6fa8c8,Take Me In Your Arms (Rock Me),The Doobie Brothers,1970s,Rock,high,"Recording tags consistently indicate classic rock, rock, and soft rock, and the identifiable Doobie Brothers track is best understood as mainstream 1970s rock.",Rock,,,,
song_8e64a9fb74d090f32e2aa44850698d800e0823385a63b40d4adb48a13ff8d0c5,Steppin' Out (Gonna Boogie Tonight),Tony Orlando & Dawn,1970s,Pop,low,"No tags are supplied; based on the identifiable Tony Orlando & Dawn single, Pop is the most defensible broad category, with title-based boogie implications too weak to classify as dance.",,,,,
song_93ddae64dcbe4d5878f02e213d7587e345bcf0263c0250738609513e3bb3494a,Bohemian Rhapsody,Queen,1970s,Rock,high,"No tags are supplied, but the identifiable Queen recording is a classic rock/art rock song with operatic pop elements; Rock is the clearest broad genre.",Rock,,,,
song_b03e2ccfd2ef38b55a5a4b9d561ca174161c714d8d380d32b50b28679ab09813,What Can I Do With This Broken Heart,England Dan & John Ford Coley,1970s,Pop,high,Recording tags favor pop with soft rock and pop rock support; this identifiable England Dan & John Ford Coley track fits late-1970s soft pop/soft rock.,,,,,
song_b366f7e48c0bce91e751ed307cdec86dd404c75ec3c336c3064dde51b903042c,Hound Dog Man (Play It Again),Lenny LeBlanc,1970s,Country,low,"No tags are supplied and the song is less familiar; the Lenny LeBlanc identity and chart-era style suggest a country-leaning pop record, but uncertainty is substantial.",,,,,
song_b7ae45ffd7fb35b6bd81abbfb4fc36b04071dbe8847757321e5c8dc779360e24,I Feel Love,Donna Summer,1970s,Electronic / Dance,high,"Recording tags strongly support disco, club/dance, electronic, and synth-pop, and the identifiable Donna Summer track is a landmark electronic disco record.",,,,,
song_c89f4d6d464f96d596f24b263cc4b17d6fac7434d27ef5a6b4a726e4f9c3c4c8,You'll Never Find Another Love Like Mine,Lou Rawls,1970s,R&B / Soul,high,"Recording tags repeatedly support soul, R&B, smooth soul, quiet storm, and some disco; the identifiable song is a soul/R&B classic with dance crossover.",R&B / Soul,,,,
song_e7f27262ace9ab2f5c1d356b0e7420d2629f77521e23fb9d227c23b87bbd4a4e,Paranoid,Black Sabbath,1970s,Metal,high,"Identifiable Black Sabbath recording widely recognized as early heavy metal; no supplied tags, but learned musical knowledge is very strong.",Metal,,,,
song_f3fe9aff88df7dafc10a5d25b5f52242c7f040ae407babb74fb853b5b1121ecd,Knockin' On Heaven's Door,Bob Dylan,1970s,Folk / Singer-Songwriter,high,"Identifiable Bob Dylan song known as acoustic folk-rock singer-songwriter material; no supplied tags, so the rock crossover is from learned knowledge.",Folk / Singer-Songwriter,,,,
song_03b04ccc08b0db06679c78f70460db22fefb0af4972aba29275de1a156677aa9,Conga,Miami Sound Machine,1980s,Latin,high,"Recording tags support latin, latin pop, salsa, Cuban, dance, and pop; the identifiable song is a Latin pop/dance crossover.",,,,,
song_19f3c39248b3474abcce115c119e7a754e3b57ac8247fc1f257780efc7cfaeee,Sincerely Yours,Sweet Sensation (With Romeo J.D.),1980s,R&B / Soul,medium,"No tags are supplied, but the identifiable late-1980s Sweet Sensation/Romeo J.D. single is best understood as urban contemporary/freestyle-leaning R&B-pop; evidence is indirect.",,,,,
song_20f4a16fa209badbffe170632f6cd752c60aedf886ccbce11e7316763497b1f6,Never Gonna Give You Up,Rick Astley,1980s,Pop,high,"No tags are supplied, but this identifiable Rick Astley hit is widely known as late-1980s dance-pop/Hi-NRG-influenced pop.",Pop,,,,
song_2a3953597d688379e71b767ebc79b4af84ffca3393c4c171a0ba1d8a07cc6143,Flames Of Paradise,Jennifer Rush (Duet With Elton John),1980s,Pop,medium,"No tags are supplied, but the identifiable Jennifer Rush and Elton John duet is an adult-contemporary pop power ballad with some rock presentation.",Pop,,,,
song_37a4d0085f53ce98da3e9da4fd8efabcd01ec5858244c84d6a9a6e65d9571e36,Shame On The Moon,Bob Seger & The Silver Bullet Band,1980s,Rock,high,"Recording tags strongly support rock through classic rock, arena rock, AOR and rock and roll, with only a pop-rock crossover tag.",Rock,,,,
song_3ca88c9e8b2161349011007ad239679e4bc93295b2b1c8da6349c2b8efee676c,Got A New Love,Good Question,1980s,R&B / Soul,low,"No tags are supplied and the song is less familiar; the artist/title point plausibly to late-1980s new jack swing or R&B-pop, but the basis is sparse.",,,,,
song_6063e3caaf6f18469a7a32f76f64fd10bc58b26e3b16a50159463c8e00ed62dc,I Wanna Dance With Somebody (Who Loves Me),Whitney Houston,1980s,Pop,high,"Recording tags heavily support pop and dance-pop, with R&B, synth-pop and disco/electronic crossover also present for this identifiable Whitney Houston single.",Pop,,,,
song_63e9f093b529ca7dc0ea22959a6c2ea68205186ed2e11a507c43fd4b6f41f7cd,I Feel For You,Chaka Khan,1980s,R&B / Soul,high,"The identifiable Chaka Khan recording is an R&B/funk/dance-pop crossover; recording tags support R&B, soul, funk, disco, electronic, and pop.",,,,,
song_6f65db831f5b81a145522b7a18009f08d47f4266b495ad005a98f0b26502cbfa,Billie Jean,Michael Jackson,1980s,Pop,high,"The identifiable recording is a pop and dance-pop landmark, with supplied recording tags for pop, dance, and electronic plus artist-level R&B context.",,,,,
song_7f17c5f47f796d23f576dedac48e1949b4283368dfb3759ef2cafe4d9afc101e,Fast Car,Tracy Chapman,1980s,Folk / Singer-Songwriter,high,"The identifiable recording and supplied tags emphasize acoustic folk, contemporary folk, folk rock, and singer-songwriter, with rock and alternative crossover also present.",,,,,
song_8d9c40bf4217be87f81553c767a758b3a61eb09dda1b2339858cf9dee29bc0ad,Black Kisses Never Make You Blue,Curtie & The Boom Box,1980s,Other,low,No genre evidence is supplied and the recording is not identifiable enough from learned knowledge for a defensible taxonomy choice.,Pop,,,,
song_a7197574545e330517462fa119faa8564536ede13d65ed7f397ab96866e5d2de,Lost In Your Eyes,Debbie Gibson,1980s,Pop,high,"Identifiable Debbie Gibson ballad; supplied recording tags strongly include pop, teen pop, adult contemporary and synth-pop, with electronic tags secondary to the pop style.",Pop,,,,
song_ac8908e6477aa0b8e5a5508c55ed0629bbaaa43222d170a0e5535926bb7822cd,Only You,Commodores,1980s,R&B / Soul,medium,"Supplied recording tags point to soul, funk and disco, but the exact Commodores song identity is less genre-specific from the evidence alone.",R&B / Soul,,,,
song_b1a2b84699a4afb78d78ad97d5f9ff3ce547156effb3af5995b3438999fa9aec,Purple Rain,Prince And The Revolution,1980s,Rock,high,"Identifiable Prince and the Revolution recording is a rock power ballad with soul/funk elements; supplied tag only notes funk, so Rock is based on known song style.",,,,,
song_bdf18fbf0f81014f6199818f0ebbac82f4fdf58c0b052ae21b76f4c8fcbb9941,Help Me!,Marcy Levy & Robin Gibb,1980s,Pop,low,"No tags were supplied, and the Marcy Levy and Robin Gibb identity gives only limited basis; Pop is a tentative fit from known late-1980 pop context.",Pop,,,,
song_c3b9d3c672c8b278cfd7b9a8973ccff8efc354d2c72736f95e335d65197f9958,Glory Days,Bruce Springsteen,1980s,Rock,high,"Identifiable Bruce Springsteen track is a mainstream heartland rock song; no tags were supplied, so the choice rests on learned song knowledge.",Rock,,,,
song_eae2b284073d876fe50a3dc3452c44d09dd57c12fa59acdd7632ca003a06fd9b,Livin' On A Prayer,Bon Jovi,1980s,Rock,high,"Recording tags strongly support hard rock, glam metal, pop rock, arena rock, and rock; learned knowledge matches a mainstream rock anthem with metal-adjacent elements.",,,,,
song_f3db26fdd2abc5385af52b80b038797c179c169cb90f041d2bca07aad77c9d95,Planet Rock,Afrika Bambaataa & The Soul Sonic Force,1980s,Hip-Hop / Rap,high,"Identifiable Afrika Bambaataa track is foundational electro hip-hop; no tags were supplied, but learned musical knowledge strongly supports hip-hop with electronic dance elements.",Hip-Hop / Rap,,,,
song_f4457b8e049ddee44b2410adfdbf5bcd669b1c58db55fba1ffb6e7eb0bfa2e42,Pump Up The Jam,Technotronic Featuring Felly,1980s,Electronic / Dance,high,"Identifiable Technotronic hit is a dance/house-oriented club track; no tags were supplied, but learned knowledge clearly supports electronic dance as primary.",Electronic / Dance,,,,
song_f62b2b6113fad8aa92dfa0b6ad2a8b8f581c0ee3fd8c4781be8a3af5247212dd,Red Red Wine,UB40,1980s,Reggae / Dancehall,high,"Recording tags strongly support reggae, dub, ska, pop reggae, and reggae-pop; learned knowledge also identifies this version as pop-reggae crossover.",,,,,
song_ff30746ebc21ca46bb47e0b7741190ab7516d361cbc9bb685bf80c40a546a54c,Walk This Way,Run-D.M.C.,1980s,Hip-Hop / Rap,high,Recording tags strongly support hip hop and rap alongside rock and hard rock; learned knowledge confirms this Run-D.M.C. version as rap rock crossover.,,,,,
song_13f6c0b8f42df13364864c81688d35202a4a1dabf70eedb6fb308a7a8b02d74e,Hooked On You,Silk,1990s,R&B / Soul,medium,"Silk are identifiable with 1990s R&B slow-jam material; the only supplied recording tag is generic pop, so R&B is learned inference with limited tag support.",,,,,
song_2f6252b57051cdd28b2f54077bf6049aaafa0c5b82d349ada1bf3e33ee54bb1d,Doo Wop (That Thing),Lauryn Hill,1990s,Hip-Hop / Rap,high,"The identifiable song and recording tags strongly support hip hop and rap, with substantial R&B, neo-soul and soul evidence as genuine crossover.",,,,,
song_43c6da451ee7553971a547b68fef28c7820043e1b47620a5f78f5b760662c1cf,"Wu-Wear: The Garment Renaissance (From ""High School High"")",RZA Feat. Method Man & Cappadonna,1990s,Hip-Hop / Rap,high,"The RZA, Method Man and Cappadonna recording is identifiable Wu-Tang-associated hip hop despite no supplied genre tags.",Hip-Hop / Rap,,,,
song_584ba5cd5d954800dfd2f01f7db26ce7a454ac897414aa927cc4cb826b41ed24,Enter Sandman,Metallica,1990s,Metal,high,"Identifiable Metallica song widely known as a mainstream heavy metal/hard rock recording; no raw tags were supplied, but the musical identity is clear.",,,,,
song_65d961f1cc030daf42f3cc1a7c4d3ea9f9df66fb6d1fbf8655c5f1f2eaa7603f,My Heart Will Go On,Celine Dion,1990s,Pop,high,"Recording tags strongly support pop, adult contemporary, ballad, soundtrack, and soft rock; learned knowledge matches a pop power ballad.",,,,,
song_690e2516dfbb7b1f26340aa4b0e4d8595086ef30bde2d82331fbf4800f58682e,Call It Poison,The Escape Club,1990s,Rock,medium,"Recording tags list pop, pop rock, and rock; learned knowledge of The Escape Club fits pop rock more than pure pop, though evidence is limited.",Rock,,,,
song_783b8bd993220be24a02237ce806c65a12d5adc2277b255e26859e4fd55f1972,Come With Me,Puff Daddy Featuring Jimmy Page,1990s,Hip-Hop / Rap,high,"Identifiable Puff Daddy single is a rap-rock crossover built around a prominent rock sample and Jimmy Page feature; no supplied tags, but identity is clear.",Hip-Hop / Rap,,,,
song_82faaa9984c62ff6225122c33c400ae894810d4700e429a91c04717c1bcaae57,Backyard,Pebbles (With Salt-N-Pepa),1990s,R&B / Soul,medium,"Identifiable Pebbles single with Salt-N-Pepa is best understood as new jack swing/R&B with a rap feature; no supplied tags, so secondary support is inferred.",R&B / Soul,,,,
song_9d842cdc104a5dd044703af98874fc46df717e13ecc4ace038882875f6caede0,Achy Breaky Heart,Billy Ray Cyrus,1990s,Country,high,"Recording evidence is dominated by country, contemporary country, country pop, and country rock tags for this identifiable Billy Ray Cyrus hit.",,,,,
song_a403bb707f080ae77ea0941ac06bcedec6714954719a449ae2995739f9c388b6,Macarena (Bayside Boys Mix),Los Del Rio,1990s,Latin,high,"Identifiable Los Del Rio recording is a Spanish Latin dance-pop hit; no raw tags were supplied, but the song identity is clear.",Latin,,,,
song_b555d7adc406312bc519e83111bf9e3801029c3f84ee56adbb3ffdc03794f183,Livin' La Vida Loca,Ricky Martin,1990s,Latin,high,"Recording tags strongly support Latin and Latin pop alongside pop and dance-pop, matching the identifiable Ricky Martin crossover hit.",,,,,
song_c807c62be20f0b959818952d6bca0649101814ce7a6e58f263415057c8163c96,Justified And Ancient,The KLF Featuring Tammy Wynette,1990s,Electronic / Dance,high,Identifiable KLF single is an electronic dance/pop record with a country guest vocal element; no raw tags were supplied.,Electronic / Dance,,,,
song_d45c5f3cad8f5d95cea2286c6c39c280cedbfea85f4eab9f87fcf3d4b431c1dc,Tom's Diner,DNA Featuring Suzanne Vega,1990s,Electronic / Dance,high,"Identifiable DNA remix of Suzanne Vega's song is known as an electronic dance/house a cappella remix; no supplied tags, so this relies on learned song knowledge.",Electronic / Dance,,,,
song_d8524775ea0b49eec78378d984ac3dc3b1cbfbf577b70169d7684611d3903930,Waterfalls,TLC,1990s,R&B / Soul,high,"Recording evidence heavily supports contemporary R&B, R&B, soul and urban soul, with hip hop/pop crossover tags consistent with the song's known style.",,,,,
song_d85c143df834e14c54ba7837752803ae6c142f916f0fdb35b89f66766a0986c6,Insane In The Brain,Cypress Hill,1990s,Hip-Hop / Rap,high,"Recording tags strongly converge on hip hop, rap, gangsta rap, hardcore hip hop and West Coast hip hop; other tags are weaker crossover/noisy evidence.",Hip-Hop / Rap,,,,
song_d897fe60e5a6b1f1c1db39928c81d2646274458117144d8106de31f753f8aa3f,Sad New Day,Me Phi Me,1990s,Hip-Hop / Rap,medium,"Sparse recording tags point to hip hop and pop rap, with some pop/soul evidence; identity is less familiar, so the broad rap assignment is plausible but not certain.",Hip-Hop / Rap,,,,
song_ef3d7dc92389313e0ef01cd970d9ba25084ed7dd565ec26357543ef422095054,All Night Long,Faith Evans Featuring Puff Daddy,1990s,R&B / Soul,high,"Recording tags mainly support R&B, rnb/swing and soul, with a smaller hip hop tag matching Puff Daddy's crossover presence.",R&B / Soul,,,,
song_ef3fca564cdc83550d1ce77318acaea72dbb3b71f40af2977bd04afda03be467,"Money, Power & Respect",The Lox [Featuring DMX & Lil' Kim],1990s,Hip-Hop / Rap,high,"Identifiable 1998 single by The Lox with DMX and Lil' Kim; no tags supplied, but learned knowledge supports East Coast hip-hop/rap as the core style.",Hip-Hop / Rap,,,,
song_f413bb2f755c0d08ca66cbd330d8d0aad2f4b54c4786ea8a890fbabdd4ead78d,Smells Like Teen Spirit,Nirvana,1990s,Alternative / Indie,high,"Recording tags strongly support grunge and alternative rock, and the identifiable Nirvana song is a defining alternative rock/grunge recording.",,,,,
song_099b78c1dfaccc337d5e00aec464e33a74ed7276ddb7ebca69a957e32e274369,How You Remind Me,Nickelback,2000s,Rock,high,"Recording tags strongly support rock, post-grunge, hard rock and alternative rock; the identifiable Nickelback hit is best classified as mainstream post-grunge rock.",,,,,
song_19fb7f40ca7c53a8e83a2254a766349bf3204b9342b4a08f0205263e5f593983,Jenny From The Block,Jennifer Lopez Featuring Styles & Jadakiss,2000s,Pop,high,"Recording tags most strongly support pop, with R&B, hip-hop and dance-pop evidence; the identifiable song is a pop single with notable hip-hop/R&B crossover.",Pop,,,,
song_20dfd0d3a5e54b15c418cecbd4aae7696a5619acac71dee819de7f311d3d664f,You Give Love A Bad Name,Blake Lewis,2000s,Rock,medium,"No tags are supplied, but this identifiable Blake Lewis chart entry is his performance of the Bon Jovi rock song, likely retaining a rock basis; uncertainty remains about arrangement-specific style.",,,,,
song_4f8cd5399d370d66670eef1bbf1e0508ee1f2b42800eca1a801db80659641069,911,Wyclef Jean Featuring Mary J. Blige,2000s,Hip-Hop / Rap,medium,"No tags are supplied, but the identifiable Wyclef Jean and Mary J. Blige song is a rap/R&B crossover ballad, making hip-hop the lead with notable R&B presence.",Hip-Hop / Rap,,,,
song_5378bc839a3cfbf63f7006b65ec2bac2489545a8bef46b0e14d26a847fef9b11,We Thuggin',Fat Joe Featuring R. Kelly,2000s,Hip-Hop / Rap,high,"Recording tags directly support east coast hip hop, hip hop, and thug rap; artist-level rap tags are consistent but secondary to the recording evidence.",Hip-Hop / Rap,,,,
song_54a2930e5daaa0fb35da0d3ae5e8b42ed9245a03d1e8e69231196fa54113ff4c,In The End,Linkin Park,2000s,Rock,high,"No tags are supplied, but the identifiable Linkin Park single is well known as nu metal/rap rock, which maps best to Rock with metal and rap crossover elements.",,,,,
song_6058e3713e40bd8afc987799134073e143420ae73245243934485c0ff41fb0d2,Gold Digger,Kanye West Featuring Jamie Foxx,2000s,Hip-Hop / Rap,high,"Recording tags support hip hop, rap, and midwestern hip hop, and the identifiable Kanye West single is clearly a hip-hop track with soul/R&B sampling flavor.",Hip-Hop / Rap,,,,
song_63a8142a4d44bdc9567486fe79a2217646c9c984464703f50584b33c9af4b2ee,What's Your Fantasy,Ludacris Featuring Shawnna,2000s,Hip-Hop / Rap,high,"Recording tags strongly support hip hop, rap, dirty south, and southern hip hop, matching the identifiable Ludacris single's Southern rap style.",Hip-Hop / Rap,,,,
song_6cda31159f4d6dcdb0c80f2a8d40cfb6ae13ad3a19e5a32e88ce6b47db330dae,God In Me,"Mary Mary Featuring Kierra ""KiKi"" Sheard",2000s,Gospel / Christian,high,"Recording tags directly support gospel, contemporary gospel, Christian, and religious, with contemporary R&B evidence indicating the song's crossover sound.",Gospel / Christian,,,,
song_71147487997243ed502c93376408a146dc10fbc064a7e95f9917a826dd29a95c,I Can Only Imagine,MercyMe,2000s,Gospel / Christian,high,"Recording tags explicitly support Christian, contemporary Christian, gospel and praise & worship; folk, pop and rock are secondary stylistic elements rather than the main scene.",Gospel / Christian,,,,
song_88c7f400820aee145eea762b34117646ce5f51b0b1d4a1b7fc4728dd9c82452f,Knock Knock,Monica,2000s,R&B / Soul,high,"Recording tags support R&B with some hip-hop influence, and Monica's identifiable song fits early-2000s contemporary R&B rather than rap as the lead style.",R&B / Soul,,,,
song_943dd3a9ff7589bea515bb45f8529f89af88cb170214a4e9993f79361287aeb5,Why Don't We Just Dance,Josh Turner,2000s,Country,high,"Recording evidence directly lists contemporary country and country, matching the identifiable Josh Turner single's mainstream country style.",Country,,,,
song_9f0205ec029e0b6f593d60d7cf67ec76b7ec4577727891ba8980944096dd0b93,Billy's Got His Beer Goggles On,Neal McCoy,2000s,Country,medium,"No tags are supplied, but the identifiable Neal McCoy single is known as a country novelty hit; confidence is reduced because support is from learned identity only.",Country,,,,
song_a641c3af2dfc107e7dc72b0ecf027e41b6fd4935571cb19f81e547926e6689ae,Looking For You,Kirk Franklin,2000s,Gospel / Christian,high,"Recording tags repeatedly support gospel, contemporary gospel and black gospel, with R&B/urban evidence indicating a secondary contemporary R&B influence.",,,,,
song_d24f6fd8895421cd9acf561e8f8930a76b1cf98a7c08be860ff51ab33f11f6a2,Don't Know Why,Norah Jones,2000s,Jazz / Blues,high,"Recording evidence most strongly supports jazz, contemporary jazz, vocal jazz and blues; pop and folk/country tags reflect crossover accessibility but not the core style.",,,,,
song_d4e4a0acacdcfc34a43edd550ec19e062400394273001c5955a96c90b2295553,Crazy In Love,Beyonce Featuring Jay Z,2000s,R&B / Soul,high,"Identifiable Beyoncé hit; recording tags strongly support contemporary R&B with hip-hop/pop crossover, matching its known R&B-pop style and Jay-Z rap feature.",,,,,
song_daabc3fcc80e89d1e71b47d97bb6b8d2999cdff7cc3bf60b12cf8062c9d77f88,Hips Don't Lie,Shakira Featuring Wyclef Jean,2000s,Latin,high,"Identifiable Shakira and Wyclef Jean single known for Latin pop/reggaeton-influenced dance style; no tags were supplied, so this relies on song knowledge.",,,,,
song_fa039d082737c37a4943e6e42a47f1e042d19155cb2ceb3529b393f70a8ec415,About Us,Brooke Hogan Featuring Paul Wall,2000s,Pop,medium,"Identifiable Brooke Hogan and Paul Wall single is a mid-2000s pop/R&B crossover; no tags were supplied, so the choice relies on song knowledge with some uncertainty.",Pop,,,,
song_129b7fae7d8441b9a86fc7dd311fc4771fdfba128e62668976c5c3d9f984bf50,Gangnam Style,PSY,2010–2019,K-Pop,high,"Identifiable PSY global hit is from the K-pop scene with prominent dance-pop/electronic style; no tags were supplied, so this uses well-known song identity.",K-Pop,,,,
song_281bf843e63cfc26de275096d493c66105a4aa81844dc618ba901b09393cbe8f,Redbone,Childish Gambino,2010–2019,R&B / Soul,medium,"Identifiable Childish Gambino track is widely known as funk/soul/R&B; supplied tags instead emphasize house and hip-hop, creating some conflict.",,,,,
song_35edd26ad9553a5289526ef08f23c589a04df3bd4b2f092ac01ec46d576f7def,Hangover,PSY Featuring Snoop Dogg,2010–2019,Electronic / Dance,medium,"Recording tags point to electro, house and hip-house; the identifiable PSY/Snoop Dogg track is dance-oriented with rap elements.",K-Pop,,,,
song_38ad35dbd6683e41f1dc64d45b224b8f232e01c8d1674aa7dfb650bfd6feaaf2,Senorita,Shawn Mendes & Camila Cabello,2010–2019,Pop,high,"No tags were supplied, but the identifiable Mendes/Cabello hit is a mainstream Latin-pop duet rather than primarily a Latin-genre recording.",Pop,,,,
song_3d3cefb9c6aa19ee0152805743b64569a0f4480e16596ecf31e018332bc6aeba,Geronimo,Sheppard,2010–2019,Alternative / Indie,high,"Recording tags emphasize indie pop alongside pop and pop rock, fitting the identifiable Sheppard song's bright indie-pop style.",Alternative / Indie,,,,
song_40d619f96504faf89aa2f8f5c8bf78a6e6edc07db041ec3bedf1b2d50ca4e8c9,Blinding Lights,The Weeknd,2010–2019,Pop,high,"Tags include strong synth-pop/electronic support, and the identifiable Weeknd recording is widely known as synth-pop/new wave-influenced pop.",,,,,
song_43cbbe25d01436f24fa263dfde7adfd25ac01df38bb9626312dc241b8daa4857,Shake It Off,Taylor Swift,2010–2019,Pop,high,"Recording tags most strongly support pop and dance-pop, and the identifiable track marks Taylor Swift's mainstream pop direction despite some country-context tags.",Pop,,,,
song_4b7c580974959a23da3280d85175cf219b9e7a2fb47a5170194c04b30f5153e8,Lean On,Major Lazer & DJ Snake Featuring MO,2010–2019,Electronic / Dance,high,"No supplied tags, but the identifiable Major Lazer and DJ Snake recording is widely known as an EDM/dance-pop track with dancehall-influenced production.",Electronic / Dance,,,,
song_6595ebab0344ee24bb1690547db9e2e8e237034e13bebca379677511ee60217f,Drink A Beer,Luke Bryan,2010–2019,Country,high,"Recording-level evidence directly and repeatedly identifies contemporary country and country, matching the known Luke Bryan song style.",Country,,,,
song_695e422dbade3ba08674fe80528f816e49d4db0c0462ec073a9b0b8608aa9708,I Need Your Love,Calvin Harris Featuring Ellie Goulding,2010–2019,Electronic / Dance,high,"Recording tags heavily support EDM, electro house, progressive house, dance-pop and electronic production, with pop vocals as a crossover element.",Electronic / Dance,,,,
song_69823ed1beab1c15adab303458294de6aa805b844e4d9bc1cb759b53d8e1d0b8,Murder On My Mind,YNW Melly,2010–2019,Hip-Hop / Rap,high,"The lone supplied pop tag is weak, but the identifiable YNW Melly recording is a rap track, making Hip-Hop / Rap the defensible primary genre.",Hip-Hop / Rap,,,,
song_8dcf9229ba601d5dfc631d938739f35b4c55d54f42babf5a5e9219d96a98bb2a,I Like It,"Cardi B, Bad Bunny & J Balvin",2010–2019,Latin,high,"Identifiable song has strong Latin trap/reggaeton scene evidence from artist tags and hip-hop recording tags, so Latin is primary with rap crossover.",,,,,
song_a46ccdc0a74a08b1c2085817b9f803de01ba0c8b8ffdd24d1085ebe681e3bf43,You Say,Lauren Daigle,2010–2019,Gospel / Christian,high,"Identifiable Lauren Daigle song from contemporary Christian pop; no tags are supplied, so the classification comes from known song context and style.",,,,,
song_b368dcca49e573d3263eff812c0545caeaf18a85810fd9d49bda1b38d429e3c8,We Found Love,Rihanna Featuring Calvin Harris,2010–2019,Electronic / Dance,high,"Recording tags strongly support dance-pop, electronic, electro house, EDM, and house; identifiable song is an electronic dance-pop crossover.",,,,,
song_bc1676afe5cb4a4d64dbc784d23053c57d5bdcda1265d545574404fea263f627,One Dance,Drake Featuring WizKid & Kyla,2010–2019,Pop,high,"Identifiable Drake hit blending pop, dancehall, afrobeats, R&B, and rap; supplied tags show pop rap and contemporary R&B alongside dancehall and afrobeats.",,,,,
song_bded4c90718f9ec35824c0d6db43e68e1886357579a53851ed80f4c4df644c4f,Get Lucky,Daft Punk Featuring Pharrell Williams,2010–2019,Electronic / Dance,high,"Recording tags emphasize electronic, disco, French house, house, and dance music; identifiable Daft Punk track is a disco-funk electronic dance crossover.",,,,,
song_e4d2a835b54f92d8f7e1ce6ccec9bfad08ca4df59dc052fc94a65e5461e099a3,She's Got A Way With Words,Blake Shelton,2010–2019,Country,high,"Recording-level country tag directly supports the classification, consistent with the identifiable Blake Shelton single.",Country,,,,
song_ecb2eaba04133bd3bf991f0546cd24c82bf76d8c0477040fa17420eab4f91396,Here With Me,Marshmello Featuring CHVRCHES,2010–2019,Electronic / Dance,high,"Recording tags point to dance-pop, electropop, and synth-pop, and Marshmello's identifiable production makes electronic pop the clearest broad style.",,,,,
song_fc245e54afcc2a2725b53d7ab475b9b5009d8df3b072a0879c4cbd0c34bcaa84,Meant To Be,Bebe Rexha & Florida Georgia Line,2010–2019,Country,high,"Identifiable as a country-pop crossover by Bebe Rexha and Florida Georgia Line, with country instrumentation and scene presence central despite no supplied tags.",Country,,,,
song_06018125bb187ee03e5005d52d433305c7ca3abbd08c919f84355f8c4a8e5eb4,Iloveitiloveitiloveit,Bella Kay,2020–2026,Pop,low,"Only a generic recording-level pop tag is musically useful, while the song identity is unfamiliar and other tags are non-genre metadata.",,,,,
song_09acaf36a0701d6da9fd5c343232f2bea10749bd7f69bad7257803ffc4c91d90,Eyes Are Closed,Morgan Wallen,2020–2026,Country,medium,"Recording-level country tags and Morgan Wallen artist context support country, though the specific future-dated song has limited identifiable musical evidence here.",Country,,,,
song_0df51cb7ce0b42b34fada05559e56daea8ca38c0aa2e2c5889881d1c1887f1d4,Bang!,AJR,2020–2026,Pop,high,"Identifiable AJR hit; the supplied recording tag says electronic, but the song is best known as quirky electropop/pop rather than dance-focused electronic.",Pop,,,,
song_13eb0e9ddf7ddd4df000e37b6f413d19952cf52f83bbce21caab7ad163ac6341,Calm Down,Rema & Selena Gomez,2020–2026,Afrobeats / African Pop,high,"Identifiable remix of Rema's Afrobeats/Afropop song, with supplied recording tags for African and pop supporting the crossover style.",,,,,
song_2582bf1b159682a63c32b25e9c45a1908036654ff50eae584eeffe3d2c7603ea,Good 4 U,Olivia Rodrigo,2020–2026,Rock,high,"Identifiable Olivia Rodrigo single with strong supplied recording tags for pop punk, pop rock, rock and grunge, while pop remains a genuine crossover element.",,,,,
song_2c30bf5fd805f637201e1f648e5f43997dd57e3aefda5561672d7f909dd6c0d2,Free Mind,Tems,2020–2026,R&B / Soul,medium,"No tags were supplied, but the identifiable Tems song is generally understood as alternative R&B/soul with Afrobeats-adjacent context not necessary as the primary genre.",,,,,
song_2f6e3e6b8104a54fd692e7b4ef922b58471ea5a0b754739f1a4bea2e60912bf8,Moscow Mule,Bad Bunny,2020–2026,Latin,high,"Supplied recording tag is reggaeton, with artist tags also supporting Latin trap/reggaeton; the identifiable Bad Bunny track fits Latin urbano/reggaeton.",,,,,
song_43a3c28b92006dfa57ea20e3efce754cbb2fde0e1621444da8eb022d7b067b5b,Monaco,Bad Bunny,2020–2026,Latin,high,"Identifiable Bad Bunny single with learned knowledge of Latin trap/reggaeton styling; no supplied tags, so the choice rests on song identity rather than raw evidence.",Latin,,,,
song_4f66619c4083f7c16d5ab1d1161ab6c4eff18bec71458f607e82b7fd839cdc29,Sugar On My Tongue,"Tyler, the Creator",2020–2026,Hip-Hop / Rap,low,"Tyler, the Creator identity suggests rap-oriented work, but the supplied recording tag is non-genre noise and this specific song identity is uncertain.",,,,,
song_5e0db40b686cb1b722ccbd809d6664d820387165eaf111c8dda102bc602ee066,'Til You Can't,Cody Johnson,2020–2026,Country,high,"The recording tag explicitly says country, matching the identifiable Cody Johnson song's mainstream country style.",,,,,
song_73f48945a748eba898fdf814f0e9cc5852f53ecbffcecea60a29a2006fd58713,Skate,Silk Sonic (Bruno Mars & Anderson .Paak),2020–2026,R&B / Soul,high,"Identifiable Silk Sonic song draws on retro soul, funk and R&B; no raw tags were supplied, so this is based on song knowledge.",R&B / Soul,,,,
song_76fa1f23eef57d0fae6fd00ae8b39859ff432bf3cef88c39427b1068d859cd9f,Freakin' Out,Dexter And The Moonrocks,2020–2026,Alternative / Indie,low,"No tags are supplied and the song is not firmly identifiable here; the artist context points most plausibly to alternative/indie rock-leaning music, but uncertainty is high.",,,,,
song_87601c4495e29dd78c08f886e87be68703081cf94601eb92946cddd4af0e3c8f,Scared To Start,Michael Marcagi,2020–2026,Alternative / Indie,medium,"Recording tags include alternative, blues and pop, and learned context points to folk-pop/alt singer-songwriter; alternative is best supported with crossover uncertainty.",,,,,
song_9adb3d1a0131719ef13c364403cf53a1962d992abdcd05c29cd951e04ab8cc07,Water,Tyla,2020–2026,Afrobeats / African Pop,high,"Recording tags support contemporary R&B and pop, while the identifiable song is amapiano/Afropop-inflected, making African pop the best broad fit.",,,,,
song_ae6df658640328431990dc870952a8bd79d6952671c30aad8294c7fc91096afb,Last Last,Burna Boy,2020–2026,Afrobeats / African Pop,high,"Recording tags include african and afrobeat, and the identifiable Burna Boy song is widely understood as Afrobeats/African pop.",Afrobeats / African Pop,,,,
song_c3d047f8f63b834001f15e6a211ba69af7996df10f0f20284c59a63ffa6e2e76,Runway,Lady Gaga & Doechii,2020–2026,Other,low,"No recording or artist genre evidence was supplied, and this identity is not familiar enough to classify defensibly from learned song knowledge alone.",Other,,,,
song_c6420d8ecfca0032a3387c63df5134ba2146ac048ea0ffb0aad4bd0d8db6e075,Make Them Pay,Drake,2020–2026,Other,low,"No genre evidence was supplied, and the specific song identity is too uncertain to classify from learned song knowledge alone.",,,,,
song_d32a84dacb8bbd6d91a6514decc9b51d7661efe788b020e5bd9ad749cc5ba8db,Essence,Wizkid Featuring Justin Bieber & Tems,2020–2026,Afrobeats / African Pop,high,"Identifiable Wizkid song; recording tags include afrobeat and house, and learned context supports Afrobeats with smooth R&B-pop crossover elements.",Afrobeats / African Pop,,,,
song_d7e9573c1e70adad7ade1b701ddfa86aaeb97415f9841e0d3d90c6dca6ac3cca,Dynamite,BTS,2020–2026,K-Pop,high,"Recording evidence directly supplies k-pop, dance-pop, pop, and synth funk, matching the identifiable BTS single's bright disco-pop style within the K-pop scene.",K-Pop,,,,
song_db04e403f30e54ba8db19acba031571ca1dc8c3259b105812056593f11029127,Ice Cream,BLACKPINK X Selena Gomez,2020–2026,K-Pop,medium,"No supplied tags, but the identifiable BLACKPINK and Selena Gomez collaboration is widely known as a K-pop act's pop track; classification relies on learned song identity.",K-Pop,,,,
song_dc622e83556500e1683288e4bdb9892c32a49dd9dbb2b8b80f8f8bb9eab21fa4,Lifestyle,Jason Derulo Featuring Adam Levine,2020–2026,Pop,medium,"Recording tags emphasize dance, electronic, trance, and pop, while the identifiable Derulo/Levine single is best treated as dance-pop despite noisy jazz evidence.",Pop,,,,
song_f31e5ce558c5ca0d470646e9d16a8d49e0310dc9d38a21979003381537bfd3b7,Keys To My Life,¥$: Kanye West & Ty Dolla $ign,2020–2026,Hip-Hop / Rap,high,"No supplied tags, but the identifiable Kanye West and Ty Dolla $ign track is from their rap/R&B-oriented ¥$ project; hip-hop is the clearest broad fit.",Hip-Hop / Rap,,,,
