song_id,title,artist,period,first_chart_date,best_chart_rank,months_selected,word_count,lyrics_sha256,sample_component,sampling_cell,sexual_content_score,violence_score,explicit_language_score,substance_use_score,CSI,app_CSI,MCR,token_count,truncated,inference_seconds,inference_version,model_commit,model_sha256,toxicity,severe_toxicity,obscene,identity_attack,insult,threat,sexual_explicit,detoxify_token_count,detoxify_input_tokens,detoxify_truncated,review_selection,lyriclens_judgment,detoxify_judgment,review_focus,note,evidence_scope
song_0aed0baea9ae5d346cf2c42de2f92d7bd81418aa8269b3f685d489fdbf4cc08d,My Girl,The Temptations,1958–1969,1965-01-16,1,4,166,a758d51e8542965b29d94239cf11464d8708545f2591e4c62af4e54e75af85a2,expected_mild,sentinel,0.6315861940383911,0.0007344101322814822,0.018540220335125923,0.0024292112793773413,16.332250894629396,6.579309701919556,M-P,183,0,0.6329108751378953,lyriclens-evaluation-v1,71a40996c1021c62d12dc004cbafa3f1c5560162,d272696293bc75d5a82cca2e624800456f734f57382cd9472b5974993ef860cc,0.004013258032500744,2.326497997273691e-05,0.00043298915261402726,0.0023440432269126177,0.0007211262709461153,7.142221147660166e-05,0.0006332724005915225,261,261,False,expected_mild,clearly_wrong,plausible,sexual content,Ordinary affectionate imagery was overcalled as sexual by LyricLens; Detoxify stays low.,prior full-lyric read-through notes plus current scores/context diagnostics
song_4eedaac548f0db66c979575510092e16f414750629bddb6217182d6a43faa1ca,Love Makes A Woman,Barbara Acklin,1958–1969,1968-07-13,15,3,204,8b3bd11dbf5586187b37ac05c14b7319ad82d1bb57ec7271a74f74d1c7cde9fa,stratified_core,rank0_length1,0.5973220467567444,0.0009404759621247649,0.002484153490513563,0.009359948337078094,15.25266561366152,4.866102337837219,M-P,233,0,0.5911134998314083,lyriclens-evaluation-v1,71a40996c1021c62d12dc004cbafa3f1c5560162,d272696293bc75d5a82cca2e624800456f734f57382cd9472b5974993ef860cc,0.004843883216381073,4.528346107690595e-05,0.0002797513152472675,0.0022127230186015368,0.0008358446066267788,0.00022761840955354273,0.001362294307909906,338,338,False,period toxicity midpoint,questionable,plausible,sexual content,Romantic framing and the inspected context do not establish explicit sexual material; low Detoxify is consistent with its narrower label.,"targeted lyric context and full-text lexical audit; provisional, not exhaustive semantic annotation"
song_109e58fdb577eb713ec9844630010a1ea9f502a212041ef4edd19d8d91f292d2,Lay A Little Lovin' On Me,Robin McNamara,1970s,1970-05-30,11,4,324,134ad0c187c25be5f5b1333e1426b1961fe623b3f80e8a28215e11f0325bbbf8,stratified_core,rank0_length2,0.997002899646759,0.005749649368226528,0.31612080335617065,0.0031197683420032263,33.049828017828986,24.85014498233795,M-AO,373,0,0.6177944170776755,lyriclens-evaluation-v1,71a40996c1021c62d12dc004cbafa3f1c5560162,d272696293bc75d5a82cca2e624800456f734f57382cd9472b5974993ef860cc,0.2084776610136032,0.0006041390588507056,0.07814013957977295,0.0024350062012672424,0.014278517104685307,0.0007062908262014389,0.06679651141166687,478,478,False,deterministic supplementary review,questionable,plausible,sexual content,"Kissing and romantic invitation support suggestiveness, but LyricLens near-one is not evidence of explicit severity. Detoxify is lower.","targeted lyric context and full-text lexical audit; provisional, not exhaustive semantic annotation"
song_21c7c8f7417b94a8c111b2a1c7570396b0e49f3c9f7cbbdd593d6d1c03d738d9,You Are The Sunshine Of My Life,Stevie Wonder,1970s,1973-03-17,1,5,180,46156e8df294a41177a857509efd632b6c5f7f02e9c19ecdd0e030ff57a4f55b,expected_mild,sentinel,0.019491935148835182,0.0063695828430354595,0.0020082530099898577,0.004418590106070042,0.8072090276982635,0.0,M-E,191,0,0.5879221670329571,lyriclens-evaluation-v1,71a40996c1021c62d12dc004cbafa3f1c5560162,d272696293bc75d5a82cca2e624800456f734f57382cd9472b5974993ef860cc,0.0013235959922894835,3.962524260714417e-06,0.0001389652898069471,9.602583304513246e-05,0.0003729292657226324,2.807491364364978e-05,7.708521297900006e-05,246,246,False,expected_mild,plausible,plausible,low-content agreement,Affectionate material; both models stay low in the overlapping categories.,prior full-lyric read-through notes plus current scores/context diagnostics
song_23d90431f2ad7d4f8d31fc70fb9bc9aad106a4f8849752e76e878e6e017eb477,Imagine,John Lennon/Plastic Ono Band,1970s,1971-10-23,3,3,137,ef47eec02090cfc129a4b05ce093981cf8f39ced5dabf10c8174f43e0123085b,expected_mild,sentinel,0.00755851436406374,0.9949536919593811,0.9927974343299866,0.03590836003422737,50.78045001719147,49.387556314468384,M-AO,156,0,0.6089508750010282,lyriclens-evaluation-v1,71a40996c1021c62d12dc004cbafa3f1c5560162,d272696293bc75d5a82cca2e624800456f734f57382cd9472b5974993ef860cc,0.035999055951833725,3.194328382960521e-05,0.0011862851679325104,0.0018836017698049545,0.002282430650666356,0.00564507395029068,0.0002831459860317409,210,210,False,expected_mild; explicit_language_score exceeds obscene; explicit_language_score exceeds toxicity,questionable,plausible,violence and language,Negated killing and a religious reference inflated LyricLens violence/language. Low Detoxify threat fits the peace-oriented context; mention is not endorsement.,prior full-lyric read-through notes plus current scores/context diagnostics
song_2a783aa21125846631c321e170948f1689071a051714cf6e57c7cfb4ba6c8b89,Let's Get It On,Marvin Gaye,1970s,1973-07-14,1,5,252,4617af1916d56fb2180a8f53de20c100c72d5d51b2acaff355aef37bb94cb74c,expected_content,sentinel,0.9951528310775757,0.003524253610521555,0.619537353515625,0.0033059804700315,40.53801046684384,30.734509229660034,M-AO,273,0,0.5961287908721715,lyriclens-evaluation-v1,71a40996c1021c62d12dc004cbafa3f1c5560162,d272696293bc75d5a82cca2e624800456f734f57382cd9472b5974993ef860cc,0.03438269719481468,0.0001133454279624857,0.01320420578122139,0.001383091090247035,0.0033348205033689737,0.00041376156150363386,0.010849886573851109,418,418,False,expected_content,questionable,questionable,sexual content and language,"Sexual invitation supports LyricLens sexual presence, but not its language score. Detoxify sexual_explicit is very low despite the sexual theme; narrower explicitness could explain part of this.",prior full-lyric read-through notes plus current scores/context diagnostics
song_5f0eaf882be171e9e96fec731f59733be3990d8ac7eaf8a258c5eb15da894eb3,You've Got A Friend,James Taylor,1970s,1971-06-05,1,4,284,ca449669634be69391e989ac31a7cc96e28784f1bb1f510d6873ec1469708dde,expected_mild,sentinel,0.004763667471706867,0.6004038453102112,0.0047912136651575565,0.001519678276963532,15.286960118100978,5.020192265510559,M-P,311,0,0.615714207990095,lyriclens-evaluation-v1,71a40996c1021c62d12dc004cbafa3f1c5560162,d272696293bc75d5a82cca2e624800456f734f57382cd9472b5974993ef860cc,0.012319321744143963,1.1240059393458068e-05,0.0010520567884668708,0.00041213049553334713,0.0018986903596669436,0.00041185846203006804,0.0002260571054648608,406,406,False,expected_mild,questionable,plausible,violence,Figurative hurt and emotional support explain the LyricLens violence concern; low Detoxify threat is appropriate.,prior full-lyric read-through notes plus current scores/context diagnostics
song_68dc4986474def8d475f2c997d665706774730408ee1330071322a31354abc97,Rings,Cymarron,1970s,1971-06-12,17,3,190,012b3e82ddbe9894c4ed9a201d4dda6cc8d2c92b832fa70cd1ffd5689e167bde,stratified_core,rank0_length0,0.9974713325500488,0.014896214939653873,0.009161537513136864,0.007744854781776667,25.731848494615406,24.87356662750244,M-AO,213,0,0.5939179169945419,lyriclens-evaluation-v1,71a40996c1021c62d12dc004cbafa3f1c5560162,d272696293bc75d5a82cca2e624800456f734f57382cd9472b5974993ef860cc,0.0019960456993430853,1.2076214261469431e-05,0.0002623798791319132,0.00032940602977760136,0.0005681837210431695,5.2273702749516815e-05,0.00012518116272985935,289,289,False,sexual_content_score exceeds sexual_explicit,questionable,plausible,sexual content,The inspected relationship context and lack of direct sexual cues in the lexical audit do not justify interpreting near-one LyricLens as explicit severity. Low Detoxify is plausible; targeted review only.,"targeted lyric context and full-text lexical audit; provisional, not exhaustive semantic annotation"
song_9277254377f0ed6ea2c94d6f5d17ee81782d30bd4f80f6185a6d4d87c99850f7,Hold On,Ian Gomm,1970s,1979-09-01,18,3,162,e1e034cab6b7bffe3b2337283d429cfb178fed63cf7061204ec4510828ce9f6b,stratified_core,rank0_length0,0.0038846239913254976,0.0026979795657098293,0.007274902891367674,0.02969694323837757,1.0888612421695143,0.0,M-E,181,0,0.5917725001927465,lyriclens-evaluation-v1,71a40996c1021c62d12dc004cbafa3f1c5560162,d272696293bc75d5a82cca2e624800456f734f57382cd9472b5974993ef860cc,0.00035254747490398586,1.3293654319568304e-06,3.381581700523384e-05,5.337901529856026e-05,0.00010439434845466167,1.653539584367536e-05,1.3729860256717075e-05,226,226,False,toxicity minimum; identity_attack minimum; insult minimum; sexual_explicit minimum,plausible,plausible,low-content agreement,Heartbreak framing with low scores in both models; inspected context supports the low-content interpretation.,"targeted lyric context and full-text lexical audit; provisional, not exhaustive semantic annotation"
song_a0d2022d699c35704ab0f0e43a6856fcd3fa30930d806529eb228106de34770e,Let It Be,The Beatles,1970s,1970-03-21,1,4,268,bfa8b3b036bba5010406e0ecd48bf0447c52d71f0fcc924d81f328083f2f3476,expected_mild,sentinel,0.0035002122167497873,0.006324958987534046,0.0048196688294410706,0.012801241129636765,0.6861520290840417,0.0,M-E,271,0,0.5978933330625296,lyriclens-evaluation-v1,71a40996c1021c62d12dc004cbafa3f1c5560162,d272696293bc75d5a82cca2e624800456f734f57382cd9472b5974993ef860cc,0.0026394298765808344,1.202239036501851e-05,0.0006050129304639995,0.00030475971288979053,0.0005127471522428095,4.185933357803151e-05,0.0002123652957379818,367,367,False,expected_mild,plausible,plausible,low-content agreement,Comfort and acceptance; no obvious conflict with low scores.,prior full-lyric read-through notes plus current scores/context diagnostics
song_bfce50e15f1789f7ca376150665063761fdbef5af253e2d162514a8ae0316025,Lean On Me,Bill Withers,1970s,1972-04-22,1,4,270,517488f68fecd31ea303b48e5dc09e54b6dec6afe0945445289b1132f96ca1b5,expected_mild,sentinel,0.0060424599796533585,0.003588337218388915,0.04756518453359604,0.004199580755084753,1.5348890621680766,0.0,M-E,286,0,0.5975093329325318,lyriclens-evaluation-v1,71a40996c1021c62d12dc004cbafa3f1c5560162,d272696293bc75d5a82cca2e624800456f734f57382cd9472b5974993ef860cc,0.01312879379838705,2.325355490029324e-05,0.0023049740120768547,0.0002953324874397367,0.00103124906308949,0.0005590292857959867,0.000332835188601166,380,380,False,expected_mild,plausible,plausible,low-content agreement,Supportive content; both models stay low.,prior full-lyric read-through notes plus current scores/context diagnostics
song_cd492e6096df3dd73a9047f8aef5c25a526b7b1384aaafac4f4c0ce7c690f5d1,ABC,Jackson 5,1970s,1970-03-14,1,4,427,0df6752d4e03b0d94b71fd47709c87ae1f62d41686edd34b56e1d587078ef1c9,expected_mild,sentinel,0.7284404635429382,0.0011152597144246101,0.3137635886669159,0.0010205728467553854,26.108497119275853,11.422023177146912,M-T,458,0,0.6288229159545153,lyriclens-evaluation-v1,71a40996c1021c62d12dc004cbafa3f1c5560162,d272696293bc75d5a82cca2e624800456f734f57382cd9472b5974993ef860cc,0.008298140950500965,4.201290357741527e-05,0.0013396975118666887,0.0016378539148718119,0.001042220159433782,8.118411642499268e-05,0.0024983363691717386,720,512,True,expected_mild,questionable,plausible,sexual content and language,Courtship and dancing were overinterpreted by LyricLens; Detoxify low explicitness is more plausible for the retained text.,prior full-lyric read-through notes plus current scores/context diagnostics
song_f41a534741f51cde1d600b6ee480a6cec27c432d48b34b9d946bd8331f5d2a74,Rainbow Connection,Kermit (Jim Henson),1970s,1979-09-15,25,4,195,c1d5fa184a8663f1edfa9d361b355a812c70ac740c15689f5910f25caa8150f3,expected_mild,sentinel,0.01926778443157673,0.003369405400007963,0.001957823522388935,0.010502759367227554,0.8774443180300295,0.0,M-E,211,0,0.5983429159969091,lyriclens-evaluation-v1,71a40996c1021c62d12dc004cbafa3f1c5560162,d272696293bc75d5a82cca2e624800456f734f57382cd9472b5974993ef860cc,0.0007654669461771846,2.1819241737830453e-06,6.33265299256891e-05,0.00015192419232334942,0.00021149277745280415,1.7734693756210618e-05,3.421392466407269e-05,304,304,False,expected_mild,plausible,plausible,low-content agreement,Wonder and aspiration; low scores are plausible.,prior full-lyric read-through notes plus current scores/context diagnostics
song_f90b9bd84fe6f81a6e4f326cb0b6f4451a734bc2b6c6aad81544fd16972b8863,You'd Better Believe It,The Manhattans,1970s,1973-09-22,77,1,203,db0c5dce942a1b6ef7f0dcfc6d4cd24542fe1774f48165840f14784f26c51ff1,stratified_core,rank1_length1,0.061092641204595566,0.006064862012863159,0.02076861634850502,0.0006378769176080823,2.2140999120892957,0.0,M-E,237,0,0.6098949168808758,lyriclens-evaluation-v1,71a40996c1021c62d12dc004cbafa3f1c5560162,d272696293bc75d5a82cca2e624800456f734f57382cd9472b5974993ef860cc,0.01079817395657301,1.0955421203107107e-05,0.0013849560637027025,0.0002641633036546409,0.0032458121422678232,6.962819315958768e-05,0.00035798054886981845,341,341,False,period toxicity midpoint,plausible,plausible,low-content agreement,The inspected romantic reassurance context is consistent with low scores.,"targeted lyric context and full-text lexical audit; provisional, not exhaustive semantic annotation"
song_05be1f29e67911d8e269dbbba495ee25b92120a0aba32db094923f7adf2183b7,Are We Ourselves?,The Fixx,1980s,1984-08-18,15,4,135,5f676f570f4e80fc37b6829f69be6719808857161a27368334d1569f38fc5bf4,stratified_core,rank0_length0,0.0026399297639727592,0.0052664997056126595,0.0055099246092140675,0.027904991060495377,1.0330336284823716,0.0,M-E,141,0,0.6050019999966025,lyriclens-evaluation-v1,71a40996c1021c62d12dc004cbafa3f1c5560162,d272696293bc75d5a82cca2e624800456f734f57382cd9472b5974993ef860cc,0.0005348240956664085,1.283591359424463e-06,3.442978413659148e-05,6.549667159561068e-05,0.00015287981659639627,1.551954665046651e-05,1.410689492331585e-05,200,200,False,severe_toxicity minimum; threat minimum,plausible,plausible,low-content agreement,Reflective identity language is not identity attack; both models remain low.,"targeted lyric context and full-text lexical audit; provisional, not exhaustive semantic annotation"
song_0ae5f6cefc72dd648e4af242ede9fc3a429075b6a2fa40106e6966410ea88dc5,Super Freak (Part I),Rick James,1980s,1981-08-08,16,5,320,3310e1410814685aa1b4a016b1f959501a635777698f4cc64047642382e20561,expected_content,sentinel,0.9973880648612976,0.030352158471941948,0.13568449020385742,0.9966260194778442,54.00126832537353,49.70070421695709,M-AO,350,0,0.5973740830086172,lyriclens-evaluation-v1,71a40996c1021c62d12dc004cbafa3f1c5560162,d272696293bc75d5a82cca2e624800456f734f57382cd9472b5974993ef860cc,0.18152981996536255,0.0005204671761021018,0.040575526654720306,0.031264737248420715,0.03256144002079964,0.0006874717073515058,0.021737467497587204,528,512,True,expected_content,questionable,questionable,sexual content and substance,"LyricLens recognizes sexual suggestiveness but saturates substance on a brief wine reference. Detoxify sexual_explicit is low for the sexual theme, although it targets a narrower construct.",prior full-lyric read-through notes plus current scores/context diagnostics
song_1412311414a73f8a8432337045a7f785b4dab467abd618d008b2ae0948df2b24,The Voice,The Moody Blues,1980s,1981-08-08,15,4,340,c3e9036e09adee353d2fb23239719248a5f4c21960e04cae22e272ef77120a87,stratified_core,rank0_length2,0.009760149754583836,0.004467803053557873,0.007540689781308174,0.0028232168406248093,0.6147964857518673,0.0,M-E,366,0,0.5863126250915229,lyriclens-evaluation-v1,71a40996c1021c62d12dc004cbafa3f1c5560162,d272696293bc75d5a82cca2e624800456f734f57382cd9472b5974993ef860cc,0.019690465182065964,3.214107346138917e-05,0.0027971018571406603,0.00046262628166005015,0.0008963093277998269,0.00016568168939556926,0.0021520466543734074,491,491,False,period toxicity midpoint,plausible,plausible,low-content agreement,Inspected reflective imagery supports low content/toxicity scores.,"targeted lyric context and full-text lexical audit; provisional, not exhaustive semantic annotation"
song_8c9359eb2bcab6780ed3a7cdca143da09375324d2952065a07d7adb88bf11161,Foolish Heart,Steve Perry,1980s,1984-11-24,18,4,174,ab956efd346e8066610ccb4d9914b6578d8bf3b173e177655f925c6a54ad8690,stratified_core,rank0_length0,0.005034341011196375,0.007988020777702332,0.005475311074405909,0.004518037661910057,0.5753927631303668,0.0,M-E,190,0,0.5928013331722468,lyriclens-evaluation-v1,71a40996c1021c62d12dc004cbafa3f1c5560162,d272696293bc75d5a82cca2e624800456f734f57382cd9472b5974993ef860cc,0.9155669808387756,0.00011148829071316868,0.013382097706198692,0.0018532270332798362,0.8672122955322266,0.0001802002516342327,0.0006066455389373004,271,271,False,toxicity exceeds explicit_language_score; insult maximum,plausible,clearly_wrong,toxicity and insult,Address to the narrator's own heart is not interpersonal abuse. Detoxify toxicity .916 and insult .867 are clear construct errors for lyrical harmfulness; LyricLens stays low.,prior full-lyric read-through notes plus current scores/context diagnostics
song_b10199f4fcf60c75729c81ed97259c8e6aa9673cdcb93acdc6f4171e7cf8d945,What A Wonderful World,Louis Armstrong,1980s,1988-02-20,32,3,123,e728af2ca76a971563b9d859c6f7bb450627bad781cf460efe15745dbe20fea7,expected_mild,sentinel,0.009896484203636646,0.00761577719822526,0.002617967315018177,0.004784799180924892,0.6228756974451244,0.0,M-E,129,0,0.5865640831179917,lyriclens-evaluation-v1,71a40996c1021c62d12dc004cbafa3f1c5560162,d272696293bc75d5a82cca2e624800456f734f57382cd9472b5974993ef860cc,0.0018967973301187158,6.07186939305393e-06,7.554507465101779e-05,0.0005906518781557679,0.0004334899422246963,4.704956154455431e-05,6.883931200718507e-05,171,171,False,expected_mild,plausible,plausible,low-content agreement,"Affirming imagery; both low. Period reflects first chart appearance, not the recording release date.",prior full-lyric read-through notes plus current scores/context diagnostics
song_ce55a9b58d73f0eaccd32f2d0b15687e9ff76c2ac47b5977a2c0507e07f966cc,He's A Liar,Bee Gees,1980s,1981-09-26,30,2,287,d1df3456db7ff04ef49c3e37a4a145cc8dfeb1a69317bdfc2a25aba20a8c74a9,stratified_core,rank1_length1,0.023937424644827843,0.9905704259872437,0.0019396288553252816,0.4463725984096527,36.57050194742624,24.528521299362183,M-AO,317,0,0.617545000044629,lyriclens-evaluation-v1,71a40996c1021c62d12dc004cbafa3f1c5560162,d272696293bc75d5a82cca2e624800456f734f57382cd9472b5974993ef860cc,0.8688223958015442,0.00018559310410637408,0.017374899238348007,0.0022080042399466038,0.8076375126838684,0.0003111683181487024,0.0017333478899672627,399,399,False,toxicity exceeds explicit_language_score,questionable,plausible,violence versus insult,"Repeated accusation supports Detoxify insult, not equivalent physical violence. LyricLens violence near-one is not supported by the inspected context; toxicity still cannot be read as severity.","targeted lyric context and full-text lexical audit; provisional, not exhaustive semantic annotation"
song_e162690ceb18a23db578427f419ce7ba989a0b27499e2b403a37fe3ad800b82c,Who's That Girl,Eurythmics,1980s,1984-05-05,21,3,194,452ca70787376afcb53dd4a72e7b8ecbc25dfac1e58547d4d16e5e4e7e708211,stratified_core,rank0_length0,0.022892555221915245,0.0020753468852490187,0.02467094175517559,0.0015642346115782857,1.2800769618479535,0.0,M-E,201,0,0.6014997919555753,lyriclens-evaluation-v1,71a40996c1021c62d12dc004cbafa3f1c5560162,d272696293bc75d5a82cca2e624800456f734f57382cd9472b5974993ef860cc,0.07271552085876465,2.8911383196827956e-05,0.0019218259258195758,0.005942144896835089,0.042151857167482376,0.000103763333754614,0.002199516398832202,298,298,False,deterministic supplementary review,plausible,plausible,low-content agreement,Jealousy and relationship language can be negative without explicit content; low overlapping scores are plausible.,"targeted lyric context and full-text lexical audit; provisional, not exhaustive semantic annotation"
song_e850a0ebd5865cbcde0d7358f03fb5b1793e1d046b07f23d6f6f42c012be6355,Cry Just A Little,Paul Davis,1980s,1980-07-19,78,1,260,1550b4edd6c865de6f3a8277f6ad5dc3f8d936cb074ba5f76f7c9a424fe8f5b1,stratified_core,rank1_length1,0.05893915891647339,0.38186323642730713,0.0026977628003805876,0.0009665466495789587,11.111667619843502,0.0,M-E,278,0,0.5950980000197887,lyriclens-evaluation-v1,71a40996c1021c62d12dc004cbafa3f1c5560162,d272696293bc75d5a82cca2e624800456f734f57382cd9472b5974993ef860cc,0.8070418834686279,0.001271967776119709,0.029100894927978516,0.005590940359979868,0.03319590166211128,0.5534355640411377,0.001449488801881671,335,335,False,threat exceeds violence_score; threat maximum,questionable,clearly_wrong,violence and threat,Prior read-through identified figurative heartbreak. Detoxify threat .553 is an inappropriate literal-threat reading; LyricLens violence .382 is also questionable.,prior full-lyric read-through notes plus current scores/context diagnostics
song_179feb8a79929d69156bfaf7c8ed48a7d01d17db6762f40e1d540507cc4f76e6,Gin And Juice,Snoop Doggy Dogg,1990s,1994-01-29,8,5,611,91de81a8c96dfb3a9f7e59c48337c7869766e31704c97c08960861fd4ca830a9,expected_content,sentinel,0.9856747984886169,0.05327451601624489,0.9964368343353271,0.9980491399765015,75.83588222041726,74.00803864002228,M-AO,724,0,0.8321651250589639,lyriclens-evaluation-v1,71a40996c1021c62d12dc004cbafa3f1c5560162,d272696293bc75d5a82cca2e624800456f734f57382cd9472b5974993ef860cc,0.9885047078132629,0.18554958701133728,0.9612946510314941,0.45667776465415955,0.7806341648101807,0.005909645929932594,0.271351158618927,953,512,True,expected_content; severe_toxicity exceeds violence_score,plausible,questionable,"language, sexual content and toxicity",Both detect profanity. LyricLens additionally detects explicit sexual and substance references. Detoxify toxicity/identity_attack may mix slang and in-group address with hostility; sexual_explicit is much lower than LyricLens.,prior full-lyric read-through notes plus current scores/context diagnostics
song_9a299229172ef4247b522973a28a572e71a62970370c1d7d60113d13f53c10fe,Highwire,The Rolling Stones,1990s,1991-03-09,57,2,334,34b35e5584493469293cf2c71beec6d84307ec645748c7e5512aabadec72a302,stratified_core,rank1_length1,0.018143802881240845,0.999237060546875,0.26151761412620544,0.007248654495924711,32.15367830125615,24.96185302734375,M-AO,356,0,0.6047503750305623,lyriclens-evaluation-v1,71a40996c1021c62d12dc004cbafa3f1c5560162,d272696293bc75d5a82cca2e624800456f734f57382cd9472b5974993ef860cc,0.09778992086648941,0.00010213755740551278,0.008029734715819359,0.0027386422734707594,0.01481594517827034,0.0044709136709570885,0.0017844849498942494,472,472,False,violence_score exceeds severe_toxicity,plausible,plausible,violence versus threat,Specific weapons and antiwar narrative support LyricLens violence presence. Detoxify low threat is consistent with a different target; it would miss violent content if used as a substitute.,prior full-lyric read-through notes plus current scores/context diagnostics
song_a9824e4acd085fbd53e561a95b0a44b852833928c774ab7affba998ddfec95a6,Closer,Nine Inch Nails,1990s,1994-06-11,41,6,191,7358e388ec50d62a98dff15f2987b7f389927888d53b9bf7e4906549542b36d0,expected_content,sentinel,0.9992576241493225,0.0336122028529644,0.9823169112205505,0.04951094090938568,51.61744197830558,49.07872676849365,M-AO,209,0,0.6087895839009434,lyriclens-evaluation-v1,71a40996c1021c62d12dc004cbafa3f1c5560162,d272696293bc75d5a82cca2e624800456f734f57382cd9472b5974993ef860cc,0.9934130311012268,0.15551282465457916,0.9588292241096497,0.02119196206331253,0.5371612906455994,0.016002725809812546,0.8855344653129578,253,253,False,expected_content; severe_toxicity exceeds violence_score; sexual_explicit maximum,plausible,plausible,language and sexual content,Direct sexual/profane language is detected by both. High Detoxify toxicity does not establish interpersonal abuse or a severity scale.,prior full-lyric read-through notes plus current scores/context diagnostics
song_be18506dff183b6a8ee7e34e0063fde1d8f047a431bce1ad15210cd247070d71,No Scrubs,TLC,1990s,1999-02-20,1,7,586,4fbbe99b5fad58cc08f65a272f03ee53ea321adc274ab546e3f5fed321e06a4e,stratified_core,rank0_length2,0.9276513457298279,0.0014143086737021804,0.15365906059741974,0.00231275730766356,27.125936807715334,21.382567286491394,M-R,654,0,0.623019291087985,lyriclens-evaluation-v1,71a40996c1021c62d12dc004cbafa3f1c5560162,d272696293bc75d5a82cca2e624800456f734f57382cd9472b5974993ef860cc,0.7091788053512573,0.0020808428525924683,0.3815693259239197,0.004892866592854261,0.23583829402923584,0.0010551090817898512,0.24291928112506866,804,512,True,obscene exceeds explicit_language_score,questionable,questionable,"sexual content, obscene and insult",Derisive relationship evaluation supports some insult. LyricLens near-one sexual content and Detoxify moderate obscene/sexual_explicit may overread colloquial rejection; retained text is not strongly profane in the audit.,"targeted lyric context and full-text lexical audit; provisional, not exhaustive semantic annotation"
song_ddd4c1911d61ba872c932e1ebf7bab492d51ca29e94feea236ab5efa08127983,I Miss You,Joe Public,1990s,1992-07-04,55,3,167,f060bb8cfbf9898dacf180043c1a9c73db68ad03773eb70ae15ffdf9883492ad,stratified_core,rank1_length0,0.9980813264846802,0.02033899910748005,0.006788845174014568,0.014733776450157166,25.9985736804083,24.90406632423401,M-AO,181,0,0.589358292054385,lyriclens-evaluation-v1,71a40996c1021c62d12dc004cbafa3f1c5560162,d272696293bc75d5a82cca2e624800456f734f57382cd9472b5974993ef860cc,0.04410785064101219,6.008047057548538e-05,0.0036460217088460922,0.0009124481002800167,0.00394940422847867,0.00025710128829814494,0.028148280456662178,228,228,False,period toxicity midpoint,questionable,plausible,sexual content,"Physical attraction is present, but near-one LyricLens overstates what can be inferred about explicitness. Detoxify low sexual_explicit fits the narrower label.","targeted lyric context and full-text lexical audit; provisional, not exhaustive semantic annotation"
song_e12f73c01a9b74f42d83be6090427aacf2b73668f80c0ff93c72f9ce5a7a0f79,It's So Hard To Say Goodbye To Yesterday,Boyz II Men,1990s,1991-09-21,2,6,131,7e68773f828f1c770bae174f0a47b898fae1717a4f11583ba24c41707e143074,stratified_core,rank0_length0,0.003093102714046836,0.005599997937679291,0.006491331849247217,0.015253061428666115,0.7609373482409865,0.0,M-E,144,0,0.5910663749091327,lyriclens-evaluation-v1,71a40996c1021c62d12dc004cbafa3f1c5560162,d272696293bc75d5a82cca2e624800456f734f57382cd9472b5974993ef860cc,0.00039527344051748514,1.3939762766312924e-06,3.238518183934502e-05,6.185105303302407e-05,0.00010760598524939269,1.9608512957347557e-05,1.4579945855075493e-05,169,169,False,obscene minimum,plausible,plausible,low-content agreement,Loss and farewell; both models stay low.,"targeted lyric context and full-text lexical audit; provisional, not exhaustive semantic annotation"
song_fcee43b920ec51e027d82e5ebc7bf690e03815c44a91d5aaaa74f62fb232fd79,Macarena,Los Del Rio,1990s,1996-07-06,23,5,544,fd30e27cd6b03f3ecc6612c75779cb3d2557980893c704cac146fd2198390a4a,stratified_core,rank0_length2,0.31479206681251526,0.0022697385866194963,0.10630765557289124,0.041399288922548294,11.619218747364357,0.0,M-E,1027,1,0.6164872080553323,lyriclens-evaluation-v1,71a40996c1021c62d12dc004cbafa3f1c5560162,d272696293bc75d5a82cca2e624800456f734f57382cd9472b5974993ef860cc,0.07892370223999023,0.0002695636940188706,0.026726940646767616,0.0050506251864135265,0.00395535072311759,0.00037473789416253567,0.002904589520767331,1270,512,True,Spanish language diagnostic,questionable,questionable,language and sexual content,Spanish infidelity/innuendo and a long repeated lyric make an English-model comparison unreliable. Neither low output establishes absence.,prior full-lyric read-through notes plus current scores/context diagnostics
song_16908002829a856192b2e3b24d6c58c39106117ffcc515d050022040305006b9,Overnight Celebrity,Twista,2000s,2004-03-27,6,6,866,fafec8a70cfa786877db3a346949df496f8c17f41958ede6fc08361d199966c5,stratified_core,rank0_length2,0.9967769980430603,0.9987896084785461,0.7278286218643188,0.19504083693027496,72.960901632905,61.169761419296265,M-AO,936,0,0.6353420000523329,lyriclens-evaluation-v1,71a40996c1021c62d12dc004cbafa3f1c5560162,d272696293bc75d5a82cca2e624800456f734f57382cd9472b5974993ef860cc,0.07499995827674866,0.00013404179480858147,0.03633233159780502,0.0021595931611955166,0.011492028832435608,0.00036510132486000657,0.00766639644280076,1189,512,True,violence_score exceeds threat,questionable,questionable,violence and language,"Inspected harm wording is figurative; retained text has no strong-profanity hits in the lexical audit. LyricLens violence near-one is suspect. Detoxify sees only a prefix, so low scores cannot certify the whole song.","targeted lyric context and full-text lexical audit; provisional, not exhaustive semantic annotation"
song_30ef708150de2342873ae91612db8d453d9c140ebfc4c161dee823d8c97e9a0c,Be With You,Enrique Iglesias,2000s,2000-04-01,1,5,283,34ff920f2147b0cf4424547793975c9407a504860fe5f5ec7023ce38104700e2,stratified_core,rank0_length0,0.183668851852417,0.009147497825324535,0.002153830137103796,0.0012620497727766633,4.90580573969055,0.0,M-E,336,0,0.6205820420291275,lyriclens-evaluation-v1,71a40996c1021c62d12dc004cbafa3f1c5560162,d272696293bc75d5a82cca2e624800456f734f57382cd9472b5974993ef860cc,0.15045621991157532,0.00014463409024756402,0.03236314281821251,0.0011163762537762523,0.007348428014665842,0.002137288684025407,0.00682872673496604,381,381,False,period toxicity midpoint,plausible,plausible,sexual content and threat,Touch and emotional dependence are not necessarily explicit sex or literal threat; low overlapping scores are plausible.,"targeted lyric context and full-text lexical audit; provisional, not exhaustive semantic annotation"
song_61a93b5d45b99392acf44f79106a72ee8e87dee118e990895eafdece3a01ebe9,Have A Nice Day,Bon Jovi,2000s,2005-10-08,53,2,341,841d6e6573a1a43336eb7a878f38ebab26e0355d8f61217640e49264b396f608,stratified_core,rank1_length1,0.0008586191106587648,0.24027776718139648,0.1648620218038559,0.006335132289677858,10.308338509639725,0.0,M-E,369,0,0.6094899580348283,lyriclens-evaluation-v1,71a40996c1021c62d12dc004cbafa3f1c5560162,d272696293bc75d5a82cca2e624800456f734f57382cd9472b5974993ef860cc,0.03003692254424095,0.00018426850147079676,0.002756021684035659,0.020010102540254593,0.0033828248269855976,0.0004865674127358943,0.0006548863020725548,450,450,False,sexual_explicit exceeds sexual_content_score,questionable,plausible,violence and language,Defiant rhetoric is not equivalent violence; Detoxify remains low while LyricLens gives intermediate violence/language.,prior full-lyric read-through notes plus current scores/context diagnostics
song_84fb3306a13f9324e94484bea63edeaa1e6248de1587badbb758a41c3fef27e6,Because I Got High,Afroman,2000s,2001-08-18,13,3,614,b99fd7c8fdcdae963fd4b72ddb7490964f4eb965f023fd71acf91aa3319ed5bc,expected_content,sentinel,0.9930768013000488,0.47581905126571655,0.9973924160003662,0.9981903433799744,86.61196529865265,74.43297803401947,M-AO,680,0,0.6531420829705894,lyriclens-evaluation-v1,71a40996c1021c62d12dc004cbafa3f1c5560162,d272696293bc75d5a82cca2e624800456f734f57382cd9472b5974993ef860cc,0.26388439536094666,0.001620826660655439,0.27481725811958313,0.0029999641701579094,0.011714547872543335,0.0006474945112131536,0.13648617267608643,899,512,True,expected_content,plausible,questionable,"language, sexual content and truncation","Full-text prior review supports profanity, sex and substance. Detoxify sees only the prefix: obscene rises from .275 to .800 on the tail. The original output misses later material.",prior full-lyric read-through notes plus current scores/context diagnostics
song_aa13e5b19bab07dc2e5fc83d007dd90e21decb27057023685ff0ca1d8ba13b42,Smack That,Akon Featuring Eminem,2000s,2006-10-07,2,7,580,195bce8d27cd3879dab10ac995d29211d2cf82eb561e1128eda0f59f59d58dfd,expected_content,sentinel,0.9943236112594604,0.9966617822647095,0.9846767783164978,0.9934816360473633,99.22859519720078,98.45719039440155,M-AO,617,0,0.6211606659926474,lyriclens-evaluation-v1,71a40996c1021c62d12dc004cbafa3f1c5560162,d272696293bc75d5a82cca2e624800456f734f57382cd9472b5974993ef860cc,0.17303524911403656,0.00028490094700828195,0.04118424654006958,0.0030196430161595345,0.011601057834923267,0.006767494138330221,0.009796292521059513,861,512,True,expected_content,questionable,questionable,"sexual content, violence and text quality",Prior review flagged clean-looking/noisy transcription. LyricLens high scores across all categories are unsupported as severity; Detoxify low sexual_explicit also misses the sexual theme. Source/version uncertainty affects both.,prior full-lyric read-through notes plus current scores/context diagnostics
song_e8f0cbf6b127bb0d2d327524f99a3faffc1aa86c24cd4d6f2f351910f8dba31c,Survivor,Destiny's Child,2000s,2001-03-17,2,5,670,560c15b6492a2caa65bce128162ae1d84b3708a741c134d4fea58a02148804db,stratified_core,rank0_length2,0.004007620271295309,0.007841852493584156,0.4172559082508087,0.0029010551515966654,10.800160904182121,0.0,M-E,802,0,0.6586345839314163,lyriclens-evaluation-v1,71a40996c1021c62d12dc004cbafa3f1c5560162,d272696293bc75d5a82cca2e624800456f734f57382cd9472b5974993ef860cc,0.370415598154068,0.00047418149188160896,0.13053640723228455,0.0012155662989243865,0.014341996982693672,0.011346453800797462,0.004737373907119036,1191,512,True,sexual_explicit exceeds sexual_content_score,questionable,questionable,language and negation,Resilience and negated hostile actions can trigger toxicity. No strong-profanity hits in the audit; moderate language/obscene scores need caution. Tail and unique-line probes fall substantially.,"targeted lyric context and full-text lexical audit; provisional, not exhaustive semantic annotation"
song_f4185aea5cd17f1abea03ccb1fa6b853bc8cc48352e792e4aa84bd5673669c5e,The Itch,Vitamin C,2000s,2000-12-02,45,2,383,dbea5d09d748938f278db5d33e8815a1576118865cde1b4ff2471938e85e6bab,stratified_core,rank1_length1,0.8129401206970215,0.0029211086221039295,0.008372856304049492,0.0010773357935249805,20.632785535417497,15.647006034851074,M-T,417,0,0.6222252501174808,lyriclens-evaluation-v1,71a40996c1021c62d12dc004cbafa3f1c5560162,d272696293bc75d5a82cca2e624800456f734f57382cd9472b5974993ef860cc,0.591372013092041,0.002125105820596218,0.3553180992603302,0.0022810185328125954,0.02031397819519043,0.001202213577926159,0.12125533819198608,721,512,True,obscene exceeds explicit_language_score,questionable,questionable,sexual content and obscene,"Inspected wording negates hurting someone; ambiguity/innuendo may be sexual, but moderate Detoxify obscene without strong-profanity hits and high LyricLens sexuality are not established explicit severity.","targeted lyric context and full-text lexical audit; provisional, not exhaustive semantic annotation"
song_11fde80db739a6f64d0a9d9b691cf7b6526c1ba2e830f676d5e4a336c17c9df8,How Country Feels,Randy Houser,2010–2019,2012-10-20,42,4,268,b64e0458bcdb43dd03961b4227afe5e5b6b77ffe3258c294aac2450c685a7536,stratified_core,rank1_length0,0.9958606362342834,0.0031637498177587986,0.06299184262752533,0.009899474680423737,26.797892583999783,24.793031811714172,M-AO,278,0,0.6137826670892537,lyriclens-evaluation-v1,71a40996c1021c62d12dc004cbafa3f1c5560162,d272696293bc75d5a82cca2e624800456f734f57382cd9472b5974993ef860cc,0.6942803263664246,0.0008735090959817171,0.0250992551445961,0.01623241975903511,0.03974463790655136,0.38061538338661194,0.005269663408398628,351,351,False,threat exceeds violence_score,questionable,clearly_wrong,sexual content and threat,Country courtship is not a literal threat. Detoxify threat .381/toxicity .694 is a clear mismatch for harmful content. LyricLens near-one sexuality also overstates the suggestiveness as severity.,"targeted lyric context and full-text lexical audit; provisional, not exhaustive semantic annotation"
song_214d22efee01afd6925d10528d80a2c2f994a8fd4a37f100a0179fea51af725e,I Have Nothing,Tessanne Chin,2010–2019,2014-01-04,51,1,296,6efaf81e628b8e5d134c8cfb974761c5c0ba0e2566de0327a6031420ea69d2e4,stratified_core,rank1_length0,0.23731766641139984,0.007185577880591154,0.0041815172880887985,0.0007306088809855282,6.235384261526633,0.0,M-E,337,0,0.6205534168984741,lyriclens-evaluation-v1,71a40996c1021c62d12dc004cbafa3f1c5560162,d272696293bc75d5a82cca2e624800456f734f57382cd9472b5974993ef860cc,0.11381089687347412,6.523312913486734e-05,0.018954481929540634,0.0007124479743652046,0.009901073761284351,0.0012970039388164878,0.001427374198101461,406,406,False,period toxicity midpoint,plausible,plausible,violence and threat,Emotional hurt in romantic context; neither model makes a strong violence/threat claim.,"targeted lyric context and full-text lexical audit; provisional, not exhaustive semantic annotation"
song_5194b6c0df56b87df950120af2c8399eb039c29f29878b87ff284b768eb9ab5a,I Don't Like,Chief Keef Featuring Lil Reese,2010–2019,2012-09-08,73,1,624,ece1ae6838ba480755c42cc28fb4a9ca48668ba66a2773d8b60fd099e4b0dfd7,stratified_core,rank1_length2,0.9864891171455383,0.9971914887428284,0.9961661100387573,0.993885338306427,99.34330135583878,98.68660271167755,M-AO,768,0,0.6435029581189156,lyriclens-evaluation-v1,71a40996c1021c62d12dc004cbafa3f1c5560162,d272696293bc75d5a82cca2e624800456f734f57382cd9472b5974993ef860cc,0.9951336979866028,0.4818353056907654,0.9837020635604858,0.6620990037918091,0.8659922480583191,0.014088700525462627,0.24546998739242554,1067,512,True,toxicity maximum; severe_toxicity maximum; obscene maximum; identity_attack maximum,plausible,questionable,"language, identity attack and threat",Dense profanity and antagonism support both language outputs. Detoxify identity_attack may conflate repeated slurs/in-group address with targeted hate; low threat should not replace a violence measure.,"targeted lyric context and full-text lexical audit; provisional, not exhaustive semantic annotation"
song_69823ed1beab1c15adab303458294de6aa805b844e4d9bc1cb759b53d8e1d0b8,Murder On My Mind,YNW Melly,2010–2019,2019-02-02,14,5,635,d7a7f03575fafd2da31ec8415232bc7aecc50e5bca0bb24bb71a59b509a56df9,expected_content,sentinel,0.9946803450584412,0.9969305396080017,0.9922268390655518,0.9907199144363403,99.36394095420837,98.72788190841675,M-AO,675,0,0.6223583330865949,lyriclens-evaluation-v1,71a40996c1021c62d12dc004cbafa3f1c5560162,d272696293bc75d5a82cca2e624800456f734f57382cd9472b5974993ef860cc,0.9501702785491943,0.04890337958931923,0.865727424621582,0.21462035179138184,0.3307372033596039,0.022449109703302383,0.3200988173484802,931,512,True,expected_content,plausible,questionable,violence versus threat,"Explicit homicidal storytelling supports LyricLens violence. Detoxify threat .022 (tail .043) is not a useful violence proxy, even though it detects obscenity. Narrative is not necessarily a directed comment threat.",prior full-lyric read-through notes plus current scores/context diagnostics
song_8e7a07712e424d6dc71b31f594afafc6604cf5d4f09fcf81c91908a2c45b979d,Anaconda,Nicki Minaj,2010–2019,2014-08-23,2,6,600,d868c469225d1d282edddf3eba7ad0ef912497c27c0eeaf3afd93fd024db6f29,expected_content,sentinel,0.9913773536682129,0.995987594127655,0.9940896034240723,0.9958053827285767,99.43149834871292,98.86299669742584,M-AO,700,0,0.6285452090669423,lyriclens-evaluation-v1,71a40996c1021c62d12dc004cbafa3f1c5560162,d272696293bc75d5a82cca2e624800456f734f57382cd9472b5974993ef860cc,0.9814580082893372,0.08862017095088959,0.9340618848800659,0.08296345174312592,0.6099783778190613,0.006699968129396439,0.5521518588066101,926,512,True,expected_content,plausible,plausible,language and sexual content,Both detect explicit sexual/profane material. Detoxify sexual_explicit .552 differs from LyricLens near-one; neither number establishes severity.,prior full-lyric read-through notes plus current scores/context diagnostics
song_a7464a3d004fed14e1824802fca94ffd5af3ac71e2e2e34435fccd0ff534a2ed,Happy,Pharrell Williams,2010–2019,2014-01-18,1,12,357,333f8ef4afb37bd3c5cb5974052eaed1c4fd01b1bc710a4cec7e792ea7b9e670,expected_mild,sentinel,0.009669705294072628,0.002186145167797804,0.07461319118738174,0.002524430165067315,2.2248367953579873,0.0,M-E,408,0,0.6101604579016566,lyriclens-evaluation-v1,71a40996c1021c62d12dc004cbafa3f1c5560162,d272696293bc75d5a82cca2e624800456f734f57382cd9472b5974993ef860cc,0.06502099335193634,8.627458737464622e-05,0.016764521598815918,0.0007133999024517834,0.003949030768126249,0.0007668421603739262,0.003959087189286947,504,504,False,expected_mild,plausible,plausible,low-content agreement,Positive content; both are low in overlapping categories.,prior full-lyric read-through notes plus current scores/context diagnostics
song_dcd6fc07dd41fb2112e83cc37ad3cb0288359e4b90661faeb2891c6a2a7f5e89,The Hills,The Weeknd,2010–2019,2015-06-13,1,11,434,071ad23f2d71e54d71ca4d8e83294665e3646c7b87a3eb08094cefa19801d87e,expected_content,sentinel,0.9916415214538574,0.014510498382151127,0.9964240193367004,0.9917789101600647,74.85887373331934,73.99222254753113,M-AO,473,0,0.6122157499194145,lyriclens-evaluation-v1,71a40996c1021c62d12dc004cbafa3f1c5560162,d272696293bc75d5a82cca2e624800456f734f57382cd9472b5974993ef860cc,0.9276880621910095,0.03360125795006752,0.9023308157920837,0.021695738658308983,0.2608390152454376,0.002801951253786683,0.4206104576587677,597,512,True,expected_content,plausible,plausible,language and sexual content,Direct profanity and sexual references support both category responses. Detoxify has no substance-use score.,prior full-lyric read-through notes plus current scores/context diagnostics
song_57b6fb5de42d0b76a982ad6d6b780aa368d65adfecd872c1522c7c3660a04cb4,Eternity,Alex Warren,2020–2026,2025-08-02,16,4,287,2a1cbd8ba1febade322795616e7c03696b175c24cbbc68aa00cceea3136f42d5,stratified_core,rank0_length0,0.004871276207268238,0.035305045545101166,0.9972392320632935,0.055911194533109665,27.333168708719313,24.861961603164673,M-AO,319,0,0.6190343329217285,lyriclens-evaluation-v1,71a40996c1021c62d12dc004cbafa3f1c5560162,d272696293bc75d5a82cca2e624800456f734f57382cd9472b5974993ef860cc,0.02503482811152935,2.9362343411776237e-05,0.004872734658420086,0.0005784006207250059,0.002458204748108983,0.00031652924371883273,0.00042230813414789736,415,415,False,explicit_language_score exceeds obscene; explicit_language_score exceeds toxicity,questionable,plausible,language,The lexical audit finds mild language but no strong profanity. LyricLens language .997 should not be interpreted as extreme severity; Detoxify low obscene is more plausible for strong obscenity.,"targeted lyric context and full-text lexical audit; provisional, not exhaustive semantic annotation"
song_97dde8742e0cc2461773a6d71873bf7831160cc7b3b82fcb096f1022b4c12759,WAP,Cardi B Featuring Megan Thee Stallion,2020–2026,2020-08-22,1,6,717,8f514804229065aae1fa66939d3392c7acde845e3368bbd98d62e5186f81c364,expected_content,sentinel,0.9981549382209778,0.8777651190757751,0.9968451261520386,0.9943211078643799,96.67715728282928,93.35431456565857,M-AO,771,0,0.6424522078596056,lyriclens-evaluation-v1,71a40996c1021c62d12dc004cbafa3f1c5560162,d272696293bc75d5a82cca2e624800456f734f57382cd9472b5974993ef860cc,0.9939181804656982,0.2790602743625641,0.98148512840271,0.16498813033103943,0.78460693359375,0.003898868802934885,0.8289092183113098,1079,512,True,expected_content,plausible,plausible,language and sexual content,"Both detect explicit sexual/profane material. Very high toxicity remains a comment-trained response, not validated harm severity.",prior full-lyric read-through notes plus current scores/context diagnostics
song_a2a8832b12a9464aa23538c26dd64ffc912252f6a19c73d3b5c0ec754be945a7,Plastic Off The Sofa,Beyonce,2020–2026,2022-08-13,41,1,378,ccdf459101c5691850a6dbc7047f03378b9e1900f5fd44a3ccb735efafcd9b8b,stratified_core,rank1_length1,0.9988585710525513,0.22349512577056885,0.026523666456341743,0.006672978866845369,31.38875855365768,24.942928552627563,M-AO,404,0,0.6231913329102099,lyriclens-evaluation-v1,71a40996c1021c62d12dc004cbafa3f1c5560162,d272696293bc75d5a82cca2e624800456f734f57382cd9472b5974993ef860cc,0.017297031357884407,4.673554940382019e-05,0.0036777122877538204,0.0007790015079081059,0.002701899502426386,0.00034550082636997104,0.0011669613886624575,558,512,True,sexual_content_score exceeds sexual_explicit,questionable,plausible,sexual content,"Inspected intimacy/kissing supports romance, not a near-certain explicitness interpretation. Detoxify low sexual_explicit is plausible, but input is truncated.","targeted lyric context and full-text lexical audit; provisional, not exhaustive semantic annotation"
song_cba5c90b4d96ba8398dbcda9b64df8f65f27556d422548e4fd0f85d665ffee84,Vigilante Shit,Taylor Swift,2020–2026,2022-11-05,10,1,261,0f0c5d0e94f85af902c8bf5673de845e78be61fd175ba2a81356375dccfa9d9f,stratified_core,rank0_length0,0.02582051046192646,0.9991186261177063,0.5299037098884583,0.004516138229519129,38.98397461744025,26.451116800308228,M-AO,283,0,0.6111307500395924,lyriclens-evaluation-v1,71a40996c1021c62d12dc004cbafa3f1c5560162,d272696293bc75d5a82cca2e624800456f734f57382cd9472b5974993ef860cc,0.05725182592868805,0.00017701498290989548,0.0018998862942680717,0.019708415493369102,0.007303956430405378,0.00276608276180923,0.011010621674358845,350,350,False,violence_score exceeds severe_toxicity,questionable,questionable,"violence, language and clean version","The retained text has no strong-profanity hits despite the title; opening harm wording is metaphorical. Near-one LyricLens violence is suspect, while low Detoxify reflects the retained clean-looking text, not necessarily other versions.","targeted lyric context and full-text lexical audit; provisional, not exhaustive semantic annotation"
song_d92c9c969ef6faa0d0b2115b652c61268381ee491bc4f03c32990feb5a3c9e45,Paint The Town Red,Doja Cat,2020–2026,2023-08-19,1,9,742,0287681f86be33f9e0b2ee88743f318aa6c1d0b46b0028607e852811d6fe1aca,stratified_core,rank0_length2,0.9780967831611633,0.9988524913787842,0.9964749217033386,0.9698686003684998,98.58231991529465,97.1646398305893,M-AO,797,0,0.6471859170123935,lyriclens-evaluation-v1,71a40996c1021c62d12dc004cbafa3f1c5560162,d272696293bc75d5a82cca2e624800456f734f57382cd9472b5974993ef860cc,0.9524685740470886,0.015514387749135494,0.9077352285385132,0.010568767786026001,0.5214782357215881,0.0007734674727544188,0.04066914692521095,1069,512,True,violence_score exceeds threat,questionable,plausible,language and violence,Both detect profanity. LyricLens violence near-one needs contextual review; the targeted scan does not establish literal harm. Detoxify low threat is not a contradiction to profane/bragging content.,"targeted lyric context and full-text lexical audit; provisional, not exhaustive semantic annotation"
song_f1d664029f6e73d8332f2a5ef74f4733ea56bbd946340d01b4c5169b617c7d8f,Rosones,Tito Double P,2020–2026,2024-12-21,76,1,223,707a7a4c8a8e2384fa24660f0cd87e8469667ce63eabf893bcbc4d64ce4d749e,stratified_core,rank1_length0,0.27743494510650635,0.0006119293393567204,0.049673501402139664,0.8659783005714417,29.84246691048611,18.298915028572083,M-R,379,0,0.6146707918960601,lyriclens-evaluation-v1,71a40996c1021c62d12dc004cbafa3f1c5560162,d272696293bc75d5a82cca2e624800456f734f57382cd9472b5974993ef860cc,0.0162517037242651,7.621977420058101e-05,0.005326166749000549,0.0014782638754695654,0.0009620567434467375,0.0001217945828102529,0.0009963765041902661,467,467,False,Spanish language diagnostic,clearly_wrong,clearly_wrong,Spanish sexual/profane content,Prior Spanish-text review found direct sexual/profane material. Both English pipelines miss substantial content; Detoxify obscene .005/sexual_explicit .001 cannot establish absence.,prior full-lyric read-through notes plus current scores/context diagnostics
song_fcece81d4ce48c45670077783d519702d20ce3c27d5489f2eeba0f033d95faaa,Be Her,Ella Langley,2020–2026,2026-02-28,2,8,355,8e792ed3bce275dbab493c3f5a3a8a9bc8417189c688fe977f1ac13ad64ec811,stratified_core,rank0_length1,0.6913816332817078,0.0031369926873594522,0.057397957891225815,0.9985557198524475,43.76180759281851,34.496867656707764,M-AO,417,0,0.6239071669988334,lyriclens-evaluation-v1,71a40996c1021c62d12dc004cbafa3f1c5560162,d272696293bc75d5a82cca2e624800456f734f57382cd9472b5974993ef860cc,0.2509694993495941,0.0007987086428329349,0.04069019854068756,0.01042861770838499,0.01537422463297844,0.005314024630934,0.031123105436563492,475,475,False,period toxicity midpoint,questionable,plausible,substance and figurative harm,"Wine and repeated emotional-hurt language are present. LyricLens substance near-one indicates possible presence, not severity; low Detoxify threat is consistent with figurative harm.","targeted lyric context and full-text lexical audit; provisional, not exhaustive semantic annotation"
