song_id,billboard_title,billboard_artist,first_chart_date,candidate_id,matched_title,matched_artist,album,duration,identity_confidence,text_quality,outcome,reason,warnings,cleaning_steps,source_text_sha256,cleaned_sha256
song_08e530bffccdae459ff09e420708f12dcbfe198b2a1080258f765fecb237209e,Big Blue Note,Toby Keith,2005-10-15,1844330,Big Blue Note,Toby Keith,Honkytonk University,177.0,identity_high_confidence,text_usable_with_minor_noise,recoverable,"Full narrative and structure agree; dialect, word boundaries and short phrase variants remain flagged.","[""multiple_transcriptions""]","[""outer_whitespace""]",62d3fbe0b20b1ef4be3aea0bd56fda54ca907321886cc1cb86fbb94dd2231100,19546204260f15cf1435ed404c95b4b9dcdf6de1edf953905f9a05b2fe4e4adb
song_0fab449799f46c37ab84647fdbb925d8b0bf851a02bdf89db8651d0b6570c0f9,Knife Talk,Drake Featuring 21 Savage & Project Pat,2021-09-18,965305,Knife Talk,"Drake\u000021 Savage\u0000Project Pat",Certified Lover Boy,243.0,identity_high_confidence,text_usable_with_minor_noise,recoverable,Complete artist credit is present using escaped null separators. Existing unmasked text aligns with the masked version and shares album/duration. Select it without uncensoring; preserve transcription and censorship warnings.,"[""version_label_present_in_candidates"", ""censorship_or_version_variation"", ""escaped_artist_separators""]","[""outer_whitespace""]",05dfd92b2b86af19764432856a47ad6535853d606395c5ace9e02af5e451a435,a31641d977390bc4e1634e41b1f24e4eb924e22dfe937d5b62aa1dc6728fba4f
song_1301d2c25f18a41f9dc4037999667dcc1fb6e0729092c2c87b9e0e836b3c1a1a,One Step At A Time,Maxine Brown,1965-07-03,33391809,One Step at a Time,Jordin Sparks,Now That’s What I Call Music! 50,210.0,identity_wrong,text_good,wrong_identity,"All cached candidate credits refer to other performers or other titles; none supports the Billboard asset. Text quality describes the inspected available record, not its suitability for this asset.",[],"[""outer_whitespace""]",fb5dc105233c7b1125597c73a4696c4a17911f2e9425fcacbd1cf9f1d278a4cb,8b9389ba153207978a709d4ae52fbf77ef3dc22367ace074a9e8b0a791a89d77
song_16744295f86383010f579bda563d7bb8d4b4dcef148426d9790cc472ec6d58ef,If I Only Could,The Rowans,1976-10-16,2520077,If I Only Could,New Bomb Turks,Information Highway Revisited,110.0,identity_wrong,text_good,wrong_identity,"All cached candidate credits refer to other performers or other titles; none supports the Billboard asset. Text quality describes the inspected available record, not its suitability for this asset.",[],"[""outer_whitespace""]",5b4cff3713303df9ce697308e0122891ae5fa1c37fafa719ada77e4c491da162,c9590c505dff7166dc9e9f565521f2f37edfd755114a2545c29811e0795b17ab
song_18bcc5d2858f87db3d5a1f819e210e2500110f392a3e2b3a000605013ec20f72,Gangstas,Pop Smoke,2020-07-18,25410104,Gangstas (Dirty),Pop Smoke,"Shoot For The Stars, Aim For The Moon (Clean Album) ( Promo CD )",160.052245,identity_high_confidence,text_usable_with_minor_noise,recoverable,Same artist and base title with explicit Dirty version suffix; existing substantially unmasked text agrees with core verses of masked candidates. Title and album clean/dirty labels contradict each other; retain warning and do not claim the charted radio version.,"[""version_label_present_in_candidates"", ""censorship_or_version_variation"", ""contradictory_clean_dirty_metadata""]","[""outer_whitespace""]",41bd7ab7062529eed71a21c74187ce4cd164f2f7ecb22baee157d621bf29f829,4329473cb2b7f49f9775a19d8c9a7091b712a9e970645533d872708f42302126
song_26912991c4f7a66f29c4b3f1b72f5621be6abc945a1a10370498383d74e3ec60,Say A',A Boogie Wit da Hoodie,2017-10-21,176965,Say A',A Boogie wit da Hoodie,The Bigger Artist,216.0,identity_high_confidence,text_usable_with_minor_noise,recoverable,"Substantive verses agree, including unmasked content; contractions, number spelling and ad-libs differ.","[""multiple_transcriptions""]","[""outer_whitespace""]",92ecd1728bfd913cd1166aa54721449c48f775a1495f838832a2a0538e6461db,23740d2c21b6c1f9a1e85384075f6485aa2782619ff37176306aa9ca9eba6147
song_274e336d94b84a777682f759b80d464f299823e3307dca2b94aa4f12d2cbeaa7,When You're Mad,Ne-Yo,2006-03-18,33433452,When You’re Mad,Ne‐Yo,That Sexy Love: 20 Years of Love Songs,222.0,identity_high_confidence,text_usable_with_minor_noise,recoverable,A localized parenthetical alternative does not remove the substantive lyrics. Preserve mixed-version wording and do not automatically uncensor or delete either alternative.,"[""censorship_or_version_variation""]","[""outer_whitespace""]",7718a62e20cf8cde7c25a01b808ea71ba24588e717de333fe57bfbaf7a847e58,94e0c652700e21187e5e6ef96c44b0d6b895025f6873ae21678df9a269cbde10
song_2e49760b20ceda10ee2e0d142f2b5e954ef7344bdc7b95d7b595b372d03098eb,The Deeper The Love,Whitesnake,1990-01-20,18405661,The Deeper The Love,Whitesnake,Slip Of The Tongue (20th Anniversary Edition) (Remastered 2009),260.4666624,identity_high_confidence,text_usable_with_minor_noise,recoverable,Studio-album/remaster entry preferred to a live-labelled alternate; substantive lyric sequence agrees.,"[""multiple_transcriptions"", ""version_label_present_in_candidates""]","[""outer_whitespace""]",958fb0c977a593c270a9f9ab9ba7e9e684e210e56b1426158d8c1564a578c0b9,eb17f9a877031e420194eda547bf4eb569b3e72cd3fc27971041192dd153aa7b
song_2ed53c67ce66f5371c151199018a1d5c8ff414215993a8d6ddd553906a8cec7e,Take Care,Rod Wave,2026-09-12,34363762,Take Care,Chloé,Glissandi,335.0,identity_wrong,text_missing,wrong_identity,"All cached candidate credits refer to other performers or other titles; none supports the Billboard asset. Text quality describes the inspected available record, not its suitability for this asset.",[],[],e3b0c44298fc1c149afbf4c8996fb92427ae41e4649b934ca495991b7852b855,e3b0c44298fc1c149afbf4c8996fb92427ae41e4649b934ca495991b7852b855
song_3198dafc7e0281d3c9ea50fcd1fe571866ef05aa8048cdc41d88c4d9631e9a01,X,Jonas Brothers Featuring Karol G,2020-05-30,4091841,X X X,L'Arc〜en〜Ciel,BUTTERFLY,246.0,identity_wrong,text_good,wrong_identity,"All cached candidate credits refer to other performers or other titles; none supports the Billboard asset. Text quality describes the inspected available record, not its suitability for this asset.","[""version_label_present_in_candidates""]","[""outer_whitespace""]",f453933a1f9248f28cc0955dce9c118d1745c750ca0c2f06b2fc3913dec5bdd5,c18436e43a712b44820e813312a2b363fd86515cfd7c88b111d77b6119f0be83
song_341cb28a6ab09001d49777b54e8731098ce839936771c0ec02e8e94e4e968107,I'm A Flirt,R. Kelly Or Bow Wow (Featuring T.I. & T-Pain),2007-03-03,3736196,I'm a Flirt,R. Kelly feat. T-Pain & T.I.,The Hit List 16,0.0,identity_ambiguous,text_usable_with_minor_noise,identity_ambiguous,Billboard identity explicitly offers alternative performers; cache contains materially different Bow Wow and R. Kelly versions. No unambiguous asset-level text selection.,"[""version_label_present_in_candidates""]","[""outer_whitespace""]",2786c7374f7e992ab4b7b07445244c90715d8d2000c607997594525adf241b87,0620fa7995424e3d2c4e7ee9ef3d155caedc4594bb84456acd8672423e6fe390
song_3972d9f912a9d4ac06d1f8730798459754507eda9d09bfedf546fc15b3667f15,When I Grow Too Old To Dream,Ed Townsend,1958-09-29,18548210,When I Grow Too Old to Dream,Dizzy Gillespie,The Ultimate Jazz Archive,175.1081,identity_wrong,text_good,wrong_identity,"All cached candidate credits refer to other performers or other titles; none supports the Billboard asset. Text quality describes the inspected available record, not its suitability for this asset.",[],"[""outer_whitespace""]",cd00009bce4cf3272a0d59ae3425d0c86384207fad6a6df449fd5d2589fd06ba,5f383976fb5c2c0d8b5637a60a31e6bdc91dc5e7f40b3fbf6dea04e7fc111d69
song_3a4515be007339de722f0d7970beade124515f201ef9cb003e073dde93032c32,Flooded The Face,Lil Uzi Vert,2023-07-15,9234958,Flooded the Face,Lil Uzi Vert,International Rap Hits 2023,192.0,identity_high_confidence,text_usable_with_minor_noise,recoverable,Full unmasked text with duration support; reject the spam candidate and masked alternate. Preserve source version differences and minor transcription uncertainty.,"[""multiple_transcriptions"", ""censorship_or_version_variation""]","[""outer_whitespace""]",fee164af4db1d95a6af073c0c44a180c722fe5dfb32f2d078f7869c39f2a6f68,fdd6166fe5db402b7a29f63428bcbd83901aad0db7147e40907ea592a3b8300a
song_3fca2bbd0e810e6df6f6091a56c9b00785fa13ab6bad213655791018a5d698c0,Wreckage,Nate Smith,2023-05-13,970558,Wreckage,Nate Smith,NATE SMITH,213.0,identity_high_confidence,text_good,recoverable,Studio album preferred; acoustic-labelled alternate differs by one interjection and does not invalidate the studio text.,"[""multiple_transcriptions"", ""version_label_present_in_candidates""]","[""outer_whitespace""]",83b1e75a1b096748046046c6c2f56b971f26a0e7e75db4b7af49ef87131b7966,a869f15b814e57af1254613492c5a6ace76dfc5996e34b6b693aa1bbe92abfbe
song_4195a0fafa2a3493431f9b85bf72524d0a808a7813d989924016ef7b1cac277b,You Look Like I Need A Drink,Justin Moore,2016-08-27,12919,You Look Like I Need a Drink,Justin Moore,Kinda Don't Care,187.0,identity_high_confidence,text_good,recoverable,"Studio-album text with same duration; small phrase and vocalization differences, no substantial loss.","[""multiple_transcriptions"", ""version_label_present_in_candidates""]","[""outer_whitespace""]",64cbf6763f331dc7caf592d402238737f55cb67d507edd19d987088c9f1fee69,2c7d8cbebf914b86b54058af4e4fc6e586cea33ff1de0a9c589115497e88d88e
song_4396d766183dc70988461417a65cd6d20f3541094380ad1eb4fe01fc7190c6e2,I Will Remember You,Amy Grant,1992-04-25,1104013,I Will Remember You,Amy Grant,Heart in Motion,300.0,identity_high_confidence,text_good,recoverable,Same album and performer; variants differ by a repeated line and spelling.,"[""multiple_transcriptions"", ""version_label_present_in_candidates""]","[""outer_whitespace""]",c60e5e097d4fd25da885b0185a6b1d8ee59d3417c30b9cfe03e1ae3b2acd54ba,c396e8e296f9d493357d71a2c107834d7d133301faebdd3920107ff8747c140c
song_448ff89aa8bba475de4f3070a54f649096dd2f6d289234208f3c317eaeb68711,African Waltz,Cannonball Adderley Orchestra,1961-04-10,1640532,African Waltz,Johnny Dankworth and His Orchestra,"The Best of Johnny Dankworth, Vol. 1",142.0,identity_wrong,text_bad,wrong_identity,"All cached candidate credits refer to other performers or other titles; none supports the Billboard asset. Text quality describes the inspected available record, not its suitability for this asset. Selected candidate also carries text about a different titled song.",[],"[""outer_whitespace""]",bd0be68759c3e51abae3758be18ede6a232c4f7327f336f1051226ce287fa105,dd6ac8a47d9aeb5654a66323e955b4eda7ea851d82484bb1c9f1fe5d70f6460c
song_4c96473f1a63f509785606cd479a27c4dbc4f9ab4a3042e4a1a70afb685fe05e,You Raise Me Up,Josh Groban,2004-03-20,18359173,You Raise Me Up,Josh Groban,Closer (CD),290.16,identity_high_confidence,text_good,recoverable,Select existing text retaining repeated chorus fragments; alternate abbreviates backing-vocal fragments.,"[""multiple_transcriptions"", ""version_label_present_in_candidates""]","[""outer_whitespace""]",8d740d1a06ba183da17805fd965f4d6469de033d75e41fad96ff1a54c4ec62a1,2d8b81a69efca6e176ff979146d51c947e331d39e6f56e72521720d793b224f1
song_519b240b455be64da13e6a06614e81c3d1bd12ceaed24180c073d07c10417059,Need Your Loving Tonight,Queen,1980-11-29,33614452,Need Your Loving Tonight,Queen,The Game (CD1-Original),169.0,identity_high_confidence,text_usable_with_minor_noise,recoverable,"Original-album context and same duration; variants differ by a short phrase, not song identity.","[""multiple_transcriptions""]","[""outer_whitespace""]",2a93e8cc96cccd98497233b3ba0362d964d47e7f078738249aa0085113a33642,e78e73e2196aa212660affc5dc949f718b52ab0c6e40a58d36920c53ef94d355
song_526742d65f2140d181b076bfc466efd4fe4fa979991d21f5a528c2d4020483ff,In My Life,Juvenile Featuring Mannie Fresh,2004-01-03,36986270,In My Life,The Beatles,Rubber Soul (US) [Capitol L 2442],146.0,identity_wrong,text_good,wrong_identity,"All cached candidate credits refer to other performers or other titles; none supports the Billboard asset. Text quality describes the inspected available record, not its suitability for this asset.",[],"[""outer_whitespace""]",48b90aaea778fffcffb1783ca31f72c8331b87281bf0040951f80f873048ada7,4f57070d91668831dd71a68c0643ca50818aea4a9767b0762bdf5e0da5bc9dd9
song_5aa56fb803f5549454b9da7e4d11b0d75aba85b3728b5c6f2070c623995b7b1f,Clean (Taylor's Version),Taylor Swift,2023-11-11,4030563,Clean (Taylor's Version),Taylor Swift,1989 (Taylor's Version),271.0,identity_high_confidence,text_good,recoverable,"Exact re-recording title and 271-second metadata support. Variants mainly differ in backing vocalizations; select text without Cyrillic lookalikes. Clean is the song title, not a censorship label.","[""multiple_transcriptions"", ""version_label_present_in_candidates""]","[""outer_whitespace""]",a59b3c40365b3a587ec62922915cd6b1388f30057d3e4fdd2a6783eae15a0cec,585bb2229b3b0a907657c5f6c5c2bcdaa4e45353c84d72f43c9cc4683351576f
song_5bd250a6dfb4bffd1febde2adbfeaa11b9c8ff88409749607e15731a4730ffe1,Red Hot,Herb Alpert,1983-12-10,33545410,Red Hot,Debbie Gibson,Out of the Blue (Deluxe Edition),235.0,identity_wrong,text_good,wrong_identity,"All cached candidate credits refer to other performers or other titles; none supports the Billboard asset. Text quality describes the inspected available record, not its suitability for this asset.","[""version_label_present_in_candidates""]","[""outer_whitespace""]",956398e08a1533f77462ea11af12e7ba7ab5bb06968fed19c116b062d825496a,284d354e5b79939da5306eb27dd53800d183a4f4463feb488768162e7751877a
song_67f806630c66ef02ffd6d60242a5eff8a1ddb62e14a6259cd0acec349f1c4420,In My Room,Julia Wolf,2026-03-21,18921298,In My Room,Julia Wolf,In My Room,160.0,identity_high_confidence,text_good,recoverable,Studio-associated entry preferred to acoustic alternate. Two short grammatical differences do not imply different substantive lyrics.,"[""multiple_transcriptions"", ""version_label_present_in_candidates""]","[""outer_whitespace""]",8e095d71f3f74150b8f70259ebeaab45740034a6b6825ab4295045abe3f26ec8,5ed48ff0b4f0da26f2c41f323cec8f28c579ba5977b71c30c8923b86a6e50282
song_6bb14184c41cb9b83881802bf091c508126e91869dd08efa6dfd2bd7bd073b4d,Boyz Don't Cry,Rod Wave,2023-09-30,3811275,Boyz Don't Cry,Rod Wave,Nostalgia,167.0,identity_high_confidence,text_usable_with_minor_noise,recoverable,Album and near-matching duration support identity; choose text without embedded Cyrillic lookalikes. Explicit-labelled alternate is retained as version evidence.,"[""multiple_transcriptions"", ""version_label_present_in_candidates""]","[""outer_whitespace""]",90a6dc68f04810b221b226ea0b92be09983e1e352fe9bc1c2157c2a8aada9c30,e8e90c1835c4f2d3a2f73bfa335751fdd0df36e8f2f9802159e37e63b278b6a5
song_6c8c4ef5c7313e1a7002f6ef957143fce93e43a58b39df36f059b8658b5d2254,Shannon,Henry Gross,1976-02-28,17990525,Shannon,Henry Gross,Billboard Hot 100 Singles 1976,233.053125,identity_high_confidence,text_usable_with_minor_noise,recoverable,Same song structure; limited word and spelling differences. Retain transcription uncertainty rather than forcing identical text.,"[""multiple_transcriptions""]","[""outer_whitespace""]",c08d1aa0a8b0407064fa0b7232fb1715733b6d11290be29efd4eef5eab769495,5a28d7b23a4a8824c65e7b32a15aefdad2e0e3e6fce3ee034e5cbaf768bfed10
song_733e4b6f3321d3f1f4506afc9ec8b748aa2f3f9a3a0759a41152cfdf8ed4aa37,The Life Of A Showgirl,Taylor Swift Featuring Sabrina Carpenter,2025-10-18,24710492,The Life of a Showgirl,Taylor Swift feat. Sabrina Carpenter,The Life of a Showgirl: Track by Track,242.0,identity_high_confidence,text_usable_with_minor_noise,recoverable,Full featured credit and same duration; choose existing text without Cyrillic lookalikes. Preserve the spoken outro; it is not stripped as metadata.,"[""multiple_transcriptions"", ""version_label_present_in_candidates""]","[""outer_whitespace""]",b6956b156646916f48d21cea680b0faac09307ba6bba1f4bf6e39d0ec3298a4f,a53df299bc473c1350ac1af6765fe81b6c8531f061c6b81326ab244ab25115af
song_75ba670a1f05a7df65285f30002021fa61165bc38583e9d54c0a15f3fce07d8f,Keep It Tight,Single Bullet Theory,1983-03-05,9326705,Keep It Tight,Devin The Dude,Seriously Trippin,290.0,identity_wrong,text_good,wrong_identity,"All cached candidate credits refer to other performers or other titles; none supports the Billboard asset. Text quality describes the inspected available record, not its suitability for this asset.","[""version_label_present_in_candidates""]","[""outer_whitespace""]",46e7386525db0ccc106c39a9a133571fdc1a0c776ce8d3ca9fe60f37bf4020d2,2cf1725e813f14dadeb13479e39ae7b12e60ba05fcf9bc96c1b412080ee9d89a
song_7c4f4c50d7777c82c189cd953b6dd6c26d71c78a42f957e31a7920721b630743,Where Are U Now,Skrillex & Diplo With Justin Bieber,2015-03-21,3667559,Where Are Ü Now,Skrillex & Diplo with Justin Bieber,Now That’s What I Call Music! 91 (disc 2),250.0,identity_high_confidence,text_usable_with_minor_noise,recoverable,Same song and full credit. Chopped vocal syllables and repetitions differ; these are not evidence of profanity censorship.,"[""multiple_transcriptions"", ""version_label_present_in_candidates"", ""repetition_or_backing_vocal_uncertainty""]","[""outer_whitespace""]",266c164bccb5e5b629da55ce50a777e2de0ac5afdfa28f6db6758a7c57f75435,3a57a06a0b85d3fd048f5d7a33ebd20b19035211beffca9434f95e31b406fe6b
song_7d9c13d4f5ba89a7d0a578bbc7bcedc25921c86c86c13f3c42145f23250c4620,My True Story,The Jive Five With Joe Rene And Orchestra,1961-07-03,33793763,My True Story,Jive Five / Joe Rene & Orchestra,Doo Wop Box [Disc 4] : 1959-1987,155.0,identity_high_confidence,text_usable_with_minor_noise,recoverable,Complete Jive Five and Joe Rene/Orchestra credit is present with slash/ampersand formatting and omitted initial article. Text agrees with other Jive Five records.,[],"[""outer_whitespace""]",87b791334563760309d77880cd34045685badc2c8a39a7f535679e0c8e54cb05,a998ad8fe1fd201ccd315143f095d146f42b74811b437c12ad68adfc41d1816a
song_7f6e853a233ec09c2aff52371fc9d208aff913584aae431760808f70377e33d0,Little Good-Byes,SHeDAISY,1999-05-08,1105091,Little Good-Byes,SHeDAISY,The Whole Shebang,201.0,identity_high_confidence,text_good,recoverable,"Same verses; contraction, spelling and ad-lib variation. Original album context retained.","[""multiple_transcriptions"", ""version_label_present_in_candidates""]","[""outer_whitespace""]",45efa6150eccc9f486510906ec5a81a6be9fcbef1cec921758ad14484a08831a,de98c0fd0d39d0176ff04586ee27719e18a224bdc4455c9b10c17db1fc426257
song_7f9af958c36d36cdeffcbff6363abd06a58638a9209f20eb3fc7dd16db0bd24d,Theme From Magnum P.i.,Mike Post,1982-02-06,14119422,"Theme from Magnum, P.I.",Mike Post,TV Land Presents Favorite TV Theme Songs,204.0,identity_high_confidence,text_missing,missing_text,Correct title/artist records consistently mark instrumental and provide no lyrics; retain identity success separately from missing text.,[],[],e3b0c44298fc1c149afbf4c8996fb92427ae41e4649b934ca495991b7852b855,e3b0c44298fc1c149afbf4c8996fb92427ae41e4649b934ca495991b7852b855
song_80635b25fda6dffda25be708545b04d6d561bbeef5e4fe6132aec116b23614bd,Popcorn,Hot Butter,1972-07-08,34475104,Popcorn,Hot Butter,The Best of Soundtrack - RETRO 2,156.0,identity_high_confidence,text_missing,missing_text,Correct title/artist records consistently mark instrumental and provide no lyrics; retain identity success separately from missing text.,[],[],e3b0c44298fc1c149afbf4c8996fb92427ae41e4649b934ca495991b7852b855,e3b0c44298fc1c149afbf4c8996fb92427ae41e4649b934ca495991b7852b855
song_8120e71930798044a923d46b38051a7abebc3ea5ccfb03136af64de19c257602,Let's Get It Up,AC/DC,1982-01-16,18142881,Lets Get It Up,AC/DC,Family Jewels,232.129417,identity_high_confidence,text_usable_with_minor_noise,recoverable,Same substantive lyric sequence; alternative has spelling errors and live-album context. No automatic live-record substitution.,"[""multiple_transcriptions"", ""version_label_present_in_candidates""]","[""outer_whitespace""]",9e7f5f4e0b76680f410eede185b440be165be27405f1a651ac846308cd62326c,be6f9584ba6e82550870486332497f98ea7bf3aba7e5109678d01114b521c84f
song_86d033ae46a9c9191f1d3536dd1bcce0198eb029169721450d57d5e920f3bb47,Time,Hootie & The Blowfish,1995-11-11,19646002,Time,Hootie & the Blowfish,The Best of Hootie & the Blowfish: 1993 thru 2003,293.6973824,identity_high_confidence,text_usable_with_minor_noise,recoverable,Same substantive verses; contractions and small repeated-word differences are minor noise.,"[""multiple_transcriptions"", ""version_label_present_in_candidates""]","[""outer_whitespace""]",11b4179d75f978a55d68423278a12514af575b48bc3999dc91095d743f87556c,cb38ff09d4bf289dab3cf9627b2da0ab5aa9f8ff13b8ad1c7cc655ec9425de77
song_8b3d2a83cce4e9fdd1cd28e6e40c91d451c056ff95d3e3a3343518dd8cbd0a79,"Who's Johnny (""Short Circuit"" Theme)",El DeBarge,1986-04-26,7357443,Who's Johnny (Short Circuit Theme),El DeBarge,CHUM 1986,248.0,identity_high_confidence,text_good,recoverable,"Only contraction, vocalization and word-boundary differences; identical title, artist and duration.","[""multiple_transcriptions""]","[""outer_whitespace""]",fec33322fcda495be45b942946964e7fe84822764df2e0282819c48042b395f8,5eac95e8116fcaeddcef65d57bcfd97925a23124fc74c8606d6052276865d2a3
song_8dc62605a85ffa1d9fae315f731f798276f0a954dbc255fe6d9750cd6a1be645,Our Lips Are Sealed,Go-Go's,1981-08-29,18446959,Our Lips Are Sealed,Go-Go's,Beauty And The Beat LP,165.903673,identity_high_confidence,text_usable_with_minor_noise,recoverable,"Unique verses and bridge are present; the ellipsis abbreviates a final reprise. Minor repetition uncertainty, not loss of the main substantive content.","[""repetition_or_backing_vocal_uncertainty""]","[""outer_whitespace""]",cdd1c4d74852c13c4dab8659cdf997185433d7b136a170a19994ac2f8f234fb7,b2991898145862e5f9e6dd9bd02260b0335970c0705e368bdb319b94c53978f5
song_90563df1949ca1abc5bbb8a2d94ea3588b5cbdf22f1fd503bf9022754df6f3fc,All About My Girl,Jimmy McGriff,1963-01-05,4680973,All About My Girl,Jimmy McGriff,Best of Jimmy McGriff,236.0,identity_high_confidence,text_missing,missing_text,Correct title/artist records consistently mark instrumental and provide no lyrics; retain identity success separately from missing text.,[],[],e3b0c44298fc1c149afbf4c8996fb92427ae41e4649b934ca495991b7852b855,e3b0c44298fc1c149afbf4c8996fb92427ae41e4649b934ca495991b7852b855
song_9236011f681000748404155e675fd22684d11d700d20e44f3b232c2c5e0ac92d,MJB Da MVP,Mary J. Blige Featuring The Game & 50 Cent,2005-04-30,34902212,MJB Da MVP,"Mary J. Blige, 50 Cent",Reflections - A Retrospective,251.0,identity_ambiguous,text_usable_with_minor_noise,identity_ambiguous,"Some records name 50 Cent, none establish the full Game credit; texts vary substantially in length and guest participation remains unresolved.",[],"[""outer_whitespace""]",83ac0a66d5750eb78c4269c2a24c2766ec01281ace83979bd18eb9399a8496f6,38663365db8298c01fc2010aa07af9d004c8f4a6748789ece565fab985c6ae5b
song_93a879908132f659283549dd5d71958dc008d9a4669acc394eb19915fe2a5b89,Come Over,Kenny Chesney,2012-06-02,1738253,Come Over,Kenny Chesney,Welcome to the Fishbowl,248.0,identity_high_confidence,text_good,recoverable,Same complete substantive verses; repeated backing phrases and ending vocalizations differ.,"[""multiple_transcriptions""]","[""outer_whitespace""]",48649f5a21f3714f9da36438153f53ff1c0dfc7590de50db6742b1afd7ac7e47,d1db328a1159b7f37b289f9abe164b66667ca47b4792ef51bf7f69690d9dc4b5
song_96a824795fbd3e6d71280446ab40c66fbaa36b8591aeb420d87d913eb9083daa,Spin That Wheel,Hi Tek 3 Featuring Ya Kid K,1990-04-14,3174139,Spin That Wheel,Hi Tek f-Ya Kid K,1990 Hot 100,361.0,identity_high_confidence,text_usable_with_minor_noise,recoverable,Source credit explicitly names Ya Kid K but abbreviates Hi Tek 3; other Hi Tek 3 records share substantive text and the lyrics identify Ya Kid K. Explicit reviewed crosswalk only.,[],"[""outer_whitespace""]",54957e20a049fad9dadf816c2638f034be42685cb531a72eef32cf211d19d3ae,d80468f665f568cd644cf9dc5d736ea94f66da2432b36ca8a9e2b0dbf0c58e08
song_987ddcc85a12cc5e3a35dc90033183e3c366ca6bb9b4406de44f6e0fbfbabed1,Midnight Train To Georgia,Gladys Knight And The Pips,1973-09-01,17831867,Midnight Train To Georgia,Gladys Knight And The Pips,Capital Gold Legends - Disk 1,280.816327,identity_high_confidence,text_usable_with_minor_noise,recoverable,"Core verses and narrative agree; differences concentrate in backing-vocal dialogue, transcription and repeated ending. Retain repetition uncertainty.","[""multiple_transcriptions"", ""repetition_or_backing_vocal_uncertainty""]","[""outer_whitespace""]",c5c5a5c2d87306ce3e8c019ee170be6907c03443c6892a9e69f8623db7495c17,485281b8b06f60e5df26cd75ebbe0aea83a54d7907558e4506fd07eb98fdeea3
song_98db8d85b7446d09ab303887e18e395278ac921185c2766c172d5236b843aabb,Gato de Noche,Nengo Flow & Bad Bunny,2023-01-07,5684907,Gato de Noche,Ñengo Flow & Bad Bunny,RealG4Life Vol. 4,227.0,identity_high_confidence,text_usable_with_minor_noise,recoverable,"Full artist credit including accent variation; Spanish contractions, spelling and ad-libs vary while substantive sections agree. Preserve transcription uncertainty.","[""multiple_transcriptions"", ""version_label_present_in_candidates""]","[""outer_whitespace""]",712292c12ae943800ebc5ab2efda1ccdf15eee0fc836ded39ded98f9aaeb1406,43cb3b7b94cfd269da3762ce49234567572af8ac919dfa08d38d0e3c6c8e2559
song_9a679d8c1bd551daece187a4fa21420b52a9f9279e34406e57142dac00281c5d,Steady Mobbin',Young Money Featuring Gucci Mane,2010-01-09,35084721,Steady Mobbin,"Young Money, Lil Wayne, Gucci Mane",We Are Young Money,310.0,identity_high_confidence,text_usable_with_minor_noise,recoverable,"The 310-second record has the full group/guest credit plus Lil Wayne, matches available duration/album evidence, and its text is identical to the 165-second full-credit record. Select the existing duration-supported text; no canonical recording requirement.","[""source_duration_anomaly""]","[""outer_whitespace""]",8ad53baef1a767b305f5ec8de8961760008e43db4a8b630a891af863a0ccedb9,8a521f3b4d3cb26f9080a14a69cc4acc7883989ef11a3f56c7a90415b13ec49c
song_9bc40a56b63b6b61c7cb831bc7e154ce190d3185150348f318a280cfd30bf99b,Out Of Mind Out Of Sight,Models,1986-04-26,1728520,Out Of Mind Out Of Sight,Models,"Out Of Mind, Out Of Sight (35th Anniversary Edition)",217.0,identity_high_confidence,text_usable_with_minor_noise,recoverable,"Matching song, album and duration; limited transcription/ad-lib differences with intact core sections.","[""multiple_transcriptions""]","[""outer_whitespace""]",6eea119a38c7d239b47a444611171fa5eda5e461e64e1dda790e83c0e01d83d0,a8f40516b6d0736fa45facdfc4c2f97c26872b90e324adacba852058f636810e
song_9c593bfef628c5ef2a1604ebb9296d227a8e7d4816e4b9791eb23586b1111c37,Sitting Home,Total,1999-04-10,1858723,Sitting Home,Total,"Kima, Keisha & Pam [International Version (Explicit)]",255.0,identity_high_confidence,text_usable_with_minor_noise,recoverable,"Same verses with differing ad-libs/refrain repetition. Explicit album label is a warning, not an automatic text rejection.","[""multiple_transcriptions"", ""version_label_present_in_candidates""]","[""outer_whitespace""]",80a7c3fa5c23d18f9ef09063d9573a3c09834bb37246b94aab6313cbfd27ab3f,e4344bda8e7155be0490a065c3a1f0a8324b215e44e74327fc5dd7e9c86bbd09
song_9deb80b4c8f23fdff3e526f3ddb663fb61b505a09e80105ef266c92a9f1798ba,Still,John Schneider,1981-09-26,18904205,Still still still,Unheilig,Frohes Fest,224.025,identity_wrong,text_good,wrong_identity,"All cached candidate credits refer to other performers or other titles; none supports the Billboard asset. Text quality describes the inspected available record, not its suitability for this asset.",[],"[""outer_whitespace""]",d018cd129316e1e63056e3e3f26564ce3fae105c7e16a2aa5d1bf44674e5f73c,1e94f4eae632d94230e71194d1d125ea1ffaa7e72ca976c7ac4864f91ff672cb
song_a1e7483c257a87c69a31d2a09f8c27241822f2d22a709db78e6c65fc25bcd397,"Theme From Mission: Impossible (From ""Mission: Impossible"")",Adam Clayton & Larry Mullen,1996-05-11,11621880,"Theme From Mission Impossible (From ""Mission Impossible"")",Soundtrack & Theme Orchestra,Songs for Ringtones: TV-Themes,52.0,identity_wrong,text_missing,wrong_identity,"All cached candidate credits refer to other performers or other titles; none supports the Billboard asset. Text quality describes the inspected available record, not its suitability for this asset.",[],[],e3b0c44298fc1c149afbf4c8996fb92427ae41e4649b934ca495991b7852b855,e3b0c44298fc1c149afbf4c8996fb92427ae41e4649b934ca495991b7852b855
song_ab62e36d4d04cc57df1cb4086822cb2997359958c35c41e32892cf5d81ea2370,Sweet Thing,Mick Jagger,1993-02-13,17380847,Sweet Thing,Mick Jagger,Bravo Hits 004,259.0,identity_high_confidence,text_usable_with_minor_noise,recoverable,Complete source text retains the repeated ending omitted in another transcription.,"[""multiple_transcriptions""]","[""outer_whitespace""]",372dafe27279ee1ad1f8b1768d96538a099d5e3959bacdf6a10ec6faeda4bb13,e6f30f91cb7e0a733695a40ef501b1a0a6efdf8f4dff4a0c901686ab0fb15732
song_ab80535807e6d70626bb315b6acbdf10a776c4a86f6c1f75237835be20f43f36,This,Darius Rucker,2010-10-30,1485285,This,Darius Rucker,"Charleston, SC 1966",219.0,identity_high_confidence,text_good,recoverable,Same complete narrative; minor contraction and short-word differences.,"[""multiple_transcriptions""]","[""outer_whitespace""]",04152b893bb111cd65cb17c7cdb3fe3bed586fd7ec9c9de533bad2056f647e8b,8b4ab7260b7da25c6639e20732202d1ed2aff3df9f71f2b7c60282df41ce53c1
song_af260cef2d3a9827d77b29eaa6bd08bf97ad4a271b17308136c8cea24830c0e6,Peter Piper,Frank Mills,1979-11-03,18599355,Peter Piper,Run-D.M.C.,The Essential Run DMC,202.686984,identity_wrong,text_good,wrong_identity,"All cached candidate credits refer to other performers or other titles; none supports the Billboard asset. Text quality describes the inspected available record, not its suitability for this asset.",[],"[""outer_whitespace""]",512ab732aa29c1cf4be47b84a619c121e864453a1a7aeec90be3e07793be0765,309113d70d711a36c241b3dea5f380aebd869943f7b1384fd4509be4a8236cdd
song_af4803fb43d5ab5674ef905018bc9bfaf1793ee6090da8d4378f2ad04c57c0d9,Spin Bout U,Drake & 21 Savage,2022-11-19,1148831,Spin Bout U,"Drake, 21 Savage",Her Loss,215.0,identity_high_confidence,text_usable_with_minor_noise,recoverable,"Full credit and album agree; few short transcription differences, no masking or omitted verse.","[""multiple_transcriptions""]","[""outer_whitespace""]",b07e32f162b7d7123b4d39d3eb496896e96c76ed1fb16717d17c4adb0dc35a09,bb751c2489dce7fbe33b3a3f69f433e48ddca28cd289dc6fb918205c3307509c
song_b0e65be90edc7a0628b8174a5bfaaf38152c787a8cdbf0d6ff8e564b34ae1a8b,Agora Hills,Doja Cat,2023-10-07,23573766,Agora Hills,Doja Cat,Triple J's Hottest 100 2023,265.0,identity_high_confidence,text_usable_with_minor_noise,recoverable,Full substantive sections agree; shorter/longer duration entries share the song with minor transcription/ad-lib differences. Duration metadata is not a prerequisite.,"[""multiple_transcriptions""]","[""outer_whitespace""]",b64f3062723fd4b9fac016bb9631afe0cb4c4ded478d72b159e3c32a29900634,70979f12f91fa8b2e71e9ce57451d193e633d8d92711bf98363125aa9e591414
song_b1a09409b8c1de23d7df8dc080706b8d6f14b2d1b0bb37eb018f13747abf854b,Chickens,Future Featuring EST Gee,2022-05-14,2158838,CHICKENS,Future feat. EST Gee,I NEVER LIKED YOU,195.0,identity_high_confidence,text_good,recoverable,"Full featured credit and album agree; differences are ad-lib ordering, contractions and number spelling.","[""multiple_transcriptions""]","[""outer_whitespace""]",05e81bc78f7c84999ab398dc348270cedb9241fd41c2ac5d977d7a9491bf7482,9898c1f86d99b0458ab13c53e0cc364890da2d7d84a07ae461b43ceecbdce3de
song_b3deff4c1169e6b5049ef1f4df762177cb9b9ff32729ceebb65560860d24027b,A Natural Man,Lou Rawls,1971-08-28,1342365,A Natural Man,Lou Rawls,The Essential Lou Rawls,219.0,identity_high_confidence,text_good,recoverable,"Minor wording and repeated-ending differences; same title, performer and duration.","[""multiple_transcriptions""]","[""outer_whitespace""]",56a621ea4302e310975171610f3c1ff4bcbd0a4478697649ded1af9d25a83ba1,10550dff719b08230151bf16ace72bab6fd5800b90c4cb6037a9b27b93656c8f
song_b4d338dbaef426dd18dd03767458b25827f57682f9d9b2150a869d67d0bcc52c,Do It Again (Put Ya Hands Up),Jay-Z Featuring Beanie Sigel & Amil,2000-01-15,535714,Do It Again (Put Ya Hands Up),JAY Z feat. Amil & Beanie Sigel,Vol. 3... Life And Times Of S. Carter,279.0,identity_high_confidence,text_usable_with_minor_noise,recoverable,"Full featured credit, album and 279-second duration support the match. Variants share substantive lyrics with short ad-lib/name-transcription differences.","[""multiple_transcriptions"", ""version_label_present_in_candidates""]","[""outer_whitespace""]",e01f004637d6fbae3b3766287096a5c9a0360004798ff454ea8423b6717b71d3,b4e2a21c2738de584608bb5ffc0125288abc5b84b6febdc84f47d10dd619dff5
song_bcbfa07af3567b1136f85e44ae137f9c02b4207a2dcf54e3d66eda712a4ca330,Use Your Heart,SWV,1996-08-17,778008,Use Your Heart,SWV,New Beginning,289.0,identity_high_confidence,text_good,recoverable,"Select existing longer transcription; shorter-duration alternate omits a refrain repetition, not a different verse.","[""multiple_transcriptions""]","[""outer_whitespace""]",021eab0568d7d14732735f0f09999f86c646298495057ca2c9e40835201d5508,75dfd4c6b1f759f37ecd55bef583e8e1bd5e1798d81ae3989f0eee03e03a1abb
song_bf8b4aa80c5566c98719d110170f393ae236606c2611d2b21b45f5cd31b00f74,Family Man,Daryl Hall John Oates,1983-04-30,33893555,Family Man,Daryl Hall & John Oates,H₂O,209.0,identity_high_confidence,text_usable_with_minor_noise,recoverable,All original artist-name tokens appear in order; source inserts the missing collaboration separator. No person or act is removed.,[],"[""outer_whitespace""]",63d37f873c16d281b71ba0b3d4a1353dc6298d97326705c13efef0c4d923dd9b,9f8ab500729199a5a9f1111237d616dba50106a993df7f2afd9072e1e0251098
song_c0a1bd03042d76857f5dba1a28043352cd648c745a86f5243c3aeed4255a4b9c,I Chose To Sing The Blues,Ray Charles & The Raelets,1966-09-03,1598870,I Chose to Sing the Blues,Ray Charles,Over the Rainbow,151.0,identity_ambiguous,text_usable_with_minor_noise,identity_ambiguous,"Lead performer/title agree, but Raelets credit is not substantiated by cached metadata. Backing responses alone do not identify the singers.",[],"[""outer_whitespace""]",e52ab5edbbd4ff5c722ba25408673aa20ae25f4eeceeec8abd0155f1787ef7a5,c304f0dc9ae4789879273a2979c68a706de1fc971b04f1e1f7874155b73e883f
song_c0dea8cfb6162ceeb77aaf197f7f4db2b922431d7d30dd766b7f26160f68beed,Killin' Time,Fred Knoblock & Susan Anton,1980-11-22,17670457,Killin' Time,Tina Cousins,[Radio Edit],237.434375,identity_wrong,text_good,wrong_identity,"All cached candidate credits refer to other performers or other titles; none supports the Billboard asset. Text quality describes the inspected available record, not its suitability for this asset.","[""version_label_present_in_candidates""]","[""outer_whitespace""]",e5f59ceb17081298646b043deee56de7b0eac961b9ba2cc7824a37dbafa1378a,772600ac75b0138b01397a9ce7a0da01690f712b544e7a477d272f32ed30e64e
song_c41214401d95ebe1f0bcbcea358374682b98362dcbbc7e07eb46c8100439c632,Fame And Fortune,Elvis Presley With The Jordanaires,1960-04-11,33458398,Fame and Fortune,Elvis Presley,Gold Collection Vol. 2,170.0,identity_ambiguous,text_usable_with_minor_noise,identity_ambiguous,"Lead performer/title agree, but cached metadata does not establish the Jordanaires credit; retain the plausible Elvis text without approving the full mapping.",[],"[""outer_whitespace""]",51c9c477127ad76ce41784ec11c54fba72d6f07e77e38631b8df3fba17852abe,2a657f3b83e427657738fcd4cabf214d5d5a2287393cabcabe39046a07818713
song_cbcf7e8b4aaed8323a4996949e27029a5d7a242d19c978707ed3078252f13550,Like A Child,Noel,1988-04-09,16818639,Like A Child,Noel,The Best of The 80's Dance,319.5852499,identity_high_confidence,text_usable_with_minor_noise,recoverable,Select an existing expanded text with both verses and refrain repetitions; do not synthesize repeats from the abbreviated alternate.,"[""multiple_transcriptions"", ""repetition_or_backing_vocal_uncertainty""]","[""outer_whitespace""]",a3dbfea3b94b6dcd1ebdcf043b204aabfd004e23780ef965d65a22e9810da2c9,66cbf807c80c03fee7a8c7d0e7106a469bedcd3fba6705416f873d4a97428030
song_cbec98894dd92a075f7cd9b3c2691a64e310640c67b8cf506fc0083e700df9f1,Clara Bow,Taylor Swift,2024-05-04,8799461,Clara Bow,Taylor Swift,The Tortured Poets Department (The Manuscript),217.0,identity_high_confidence,text_usable_with_minor_noise,recoverable,Same album and 217-second duration; choose the more coherent existing transcription rather than its malformed short-phrase alternate. Preserve transcription uncertainty.,"[""multiple_transcriptions"", ""version_label_present_in_candidates""]","[""outer_whitespace""]",ff8d1339e50b31c5544f5eb8058ade39d6c6d46a282466ade487020e76d29d0f,0c3b7ade8a00df69585c9e923649746d1069184ff52a1f8db7070cef7b8bd3c7
song_cc2084136dab17d71f2d4674b14521be6233fc1b3e40c3bcd7c580d2af549d67,Whatever You Want,Tony Toni Tone,1991-04-13,9495633,Whatever You Want,Tony! Toni! Toné!,20th Century Masters: The Millennium Collection: Best Of Tony! Toni! Tone!,291.0,identity_high_confidence,text_usable_with_minor_noise,recoverable,Select existing full refrain text rather than an alternate using refrain multipliers. Tail repetition uncertainty is retained.,"[""multiple_transcriptions"", ""repetition_or_backing_vocal_uncertainty""]","[""outer_whitespace""]",19dc189f41d6013ef62203045a7364ac956bc5885fd5bde68c2dd29a1ecfba9a,c75f7b3daaecbbe61ab0ddea9ac1195d061f5401de7fec5b19ae7fa1a1790725
song_cca8a466e0bd8d84b8dfcf6170154c13a09416cde91553f0c1c6768e816304d4,Wonderland,Commodores,1979-12-15,18784406,Wonderland,Commodores,The Very Best of the Commodores,229.0,identity_high_confidence,text_bad,bad_text,All matching cached texts stop after 49 words with a continuation fragment; substantial truncation.,[],"[""outer_whitespace""]",a320ecb1373950cf29b0468aa13bdcc5712adcdcf47d304b741e0d9751c00c51,1fc5e278250b4942406ee93e238de671200286d8ca08ef1b55dfc9e23486165c
song_ce228c19b5a43872f5bb27a302ebf318ba8f5d76d69d49c09dc1f700e6f90ae5,Blue Magic,JAY-Z,2007-10-20,532533,Blue Magic,JAY Z,American Gangster,249.0,identity_high_confidence,text_usable_with_minor_noise,recoverable,Select existing full text including spoken material; competing text omits the spoken ending and has additional transcription errors.,"[""multiple_transcriptions""]","[""outer_whitespace""]",55ed485b8215a1175c625b3c06a569baf995742e6d2410e1743f3eb93a2bebbe,1b3e1c3be0809d983b51ef3dae03072198d0fac63381d6c7799efe8447a6b372
song_cf4a089cb726156335a0a1938059240ebbb2d245a3e568d0748469a79b8f616c,It Matters To Me,Faith Hill,1995-12-23,7343,It Matters to Me,Faith Hill,It Matters to Me,198.0,identity_high_confidence,text_good,recoverable,Same substantive verses; outro vocalizations differ. Album identity agrees.,"[""multiple_transcriptions""]","[""outer_whitespace""]",e8ec2a794979e12e1a8bf47419b067ed8061172425409ed99749ca4004dedc10,38471a0b3ac7ae564085fa8e8c173c81b9dced713280b80f20d14dd0d86c7435
song_cf589cc822c3fa12959e51d28f2594840790c6927a32be3959e491d563abe8d5,Kyrie,Mr. Mister,1985-12-21,34465103,Kyrie,Mr. Mister,The Real Classics Vol.03 CD1,264.0,identity_high_confidence,text_good,recoverable,Variants differ in repeated vocalizations and outro repetitions; substantive verses agree.,"[""multiple_transcriptions""]","[""outer_whitespace""]",25e52b9e46dc290fd825648808e09bb413fefcdb59c0b1adba59ba8466880988,710f6719a4eb0efb23ebe1c9ee8bedd0ac2d91221f694a03512a4c855c4252ea
song_d4839d51fc713ec141422031d39fa6de9cfeb271fe83b63737157dbd5737f8ad,Contagious,The Isley Brothers Featuring Ronald Isley,2001-07-14,17844277,Contagious,The Isley Brothers Featuring Ronald Isley Aka Mr. Biggs,Eternal,347.906667,identity_high_confidence,text_usable_with_minor_noise,recoverable,"Complete original credit is present; extra AKA Mr. Biggs is attached to Ronald Isley, not an additional performer. Preserve spoken introduction.",[],"[""outer_whitespace""]",96180a2db110b43ac26884950f4836e9e0f567e37420f352cd3da7a6a72133de,00c8a663c87f7f0f0aa5b0ae8867a3dcd91c0dd17326c21320beb83fc072958e
song_d6a6043c059f6b94979fe8cb49837cce93d4ec4ab70f2f54775b465bac5be946,If It Wasn't For Bad Luck,Ray Charles & Jimmy Lewis,1969-01-04,9361470,If It Wasn’t for Bad Luck,"Charles, Ray",True Genius,285.0,identity_high_confidence,text_usable_with_minor_noise,recoverable,"Source reverses Ray Charles name order and omits the duet partner in metadata, but alternate cached text explicitly labels Jimmy Lewis and the shared dialogue names both. Select the header-free existing text.",[],"[""outer_whitespace""]",4407133c56a0f0b33ec1cc23fbff3c2f84368bed7c713d60fcb3cca3ccb81636,9c9e40fcf857c860e99456430a6c242bd2b6f2418b17cdc1abf47a7591d38620
song_e04801e65ad0087b20af8e6dfbab974d99b2e91c101830036419dcfb4914452b,Say You'll Be Mine,Christopher Cross,1981-03-28,5084871,Say You'll Be Mine,Christopher Cross,Christopher Cross (Japan),176.0,identity_high_confidence,text_usable_with_minor_noise,recoverable,Select the complete verse/refrain transcription; competing text abbreviates/reorders repeated material.,"[""multiple_transcriptions"", ""version_label_present_in_candidates""]","[""outer_whitespace""]",435c96c658026ab79c9a7e47e32f5ba11461bee091f6cdb70fbe82f4cce104e1,f95f64c3b16b4400cf43279a86a984a959358f5ccc5d0433ec64dba8f3f3aa9d
song_e0cd54245d8abe6abb3c259188a376da1f4840bf88066ca34f5ed0f60e4507e6,1+1,Beyonce,2011-06-11,763843,1+1,Beyoncé,4,274.0,identity_high_confidence,text_good,recoverable,"Same album, performer and substantive text; contractions and vocalizations differ.","[""multiple_transcriptions"", ""version_label_present_in_candidates""]","[""outer_whitespace""]",ca1a4307cf7dcad802c6330ce71978627dc92fa2896fa9580549038195d3dadf,322cffbf459fb8854abe9a067b0c915d68511c582a29015832538dff30c13670
song_e738f2731d9d2524e169e35984da22ff6e5158b7c3e912833b6bb7860b08610e,Give Me All Your Luvin',Madonna Featuring Nicki Minaj & M.I.A.,2012-02-18,33407283,Give Me All Your Luvin’,Madonna Feat. M.I.A. & Nicki Minaj,MDNA (Deluxe),203.0,identity_high_confidence,text_usable_with_minor_noise,recoverable,Full featured credit and album support selected text; competing remix-labelled transcription contains more spelling and annotation noise. Preserve version warning.,"[""multiple_transcriptions"", ""version_label_present_in_candidates""]","[""outer_whitespace""]",20d5689c266e2ef5bae0724a05a83ca3bf10b01813b994679c0a79ce3b0af5b5,5d45acb0486c939e631b37e73515b3568f8ebfc01f32a4f7f513d2fc3d89a88c
song_ec1c2d3fd4c06c0fea1c3a1d740406646a373d75bee44b11bf307aaa335ccd8d,Love At 1st Sight,Mary J. Blige Featuring Method Man,2003-07-05,17650933,Love At 1St Sight (Featuring Method Man),Mary J. Blige,Love And Life,318.0,identity_high_confidence,text_usable_with_minor_noise,recoverable,Featured Method Man credit is moved into the track title. Retain both names in the explicit mapping; do not drop the guest.,[],"[""outer_whitespace""]",045f0c6f2a696fe225e06b1c9cfa7627b5d49df24999ec50202125f32e0b2927,25dff2be38673059fb1e81c517cb1a572a06552fda3b1e9d0dc8eb0fe79302d1
song_eee6105b0b625d5179a11641329c29787c6845bf57f4d6fe25f3f62c462e232f,Hot Dawgit,"Ramsey Lewis And Earth, Wind & Fire",1975-01-18,25311874,Hot Dawgit,Ramsey Lewis,Sun Goddess,183.600181,identity_ambiguous,text_usable_with_minor_noise,identity_ambiguous,"Ramsey Lewis/title agree but Earth, Wind & Fire participation is absent from cached credit evidence.",[],"[""outer_whitespace""]",2b45b565bb3bac577b317fdad8a6c582dfe4b096907077f8b00684fb5777b5e1,9a6b93dff2943e5f040bf585ec88af4683b749d7db32edbbac135cc0ebf9f801
song_f1028b14cfd168ca06a7442ba35dbe2a9c2a9474ace78cf9d42b41fa013eef71,The Trouble With Girls,Scotty McCreery,2011-09-24,8314235,The Trouble With Girls,Scotty McCreery,Clear As Day,230.0,identity_high_confidence,text_good,recoverable,Same substantive lyrics; expanded contractions and short function-word differences.,"[""multiple_transcriptions""]","[""outer_whitespace""]",be4002eb24d1271b901e93bf3d508fcf4fe454795f1a04231fc6e023f226618c,1f3ab1321ab1d5d820209d0f1190935ae425bfd3bb8a27993c006b7ce3fb65db
song_f1b1b9c3d6bcd8afaa65798c935ab2df3a72ec5dab43f56a1ce321a7c4f7c2ad,Take That,"Torrey Carter Featuring Missy ""Misdemeanor"" Elliott",2000-06-24,17425515,Take That,"DC Breaks, Magnetude","DCXV Remixes, Pt. 1",313.0,identity_wrong,text_good,wrong_identity,"All cached candidate credits refer to other performers or other titles; none supports the Billboard asset. Text quality describes the inspected available record, not its suitability for this asset.","[""version_label_present_in_candidates""]","[""outer_whitespace""]",a90becfb3da4524215875cf62bdd2d1b668b3aa4edfae5de8e0c850cc9bb2355,7eb3ce038632e10b870bc7e540f67d3a39ca5c0205f373b4ee8fdc984593ef58
song_f555fed17ea6a9414e9708b13f2f75287727b663a3de1a07561cb1bf05fc657e,An American Trilogy,Mickey Newbury,1971-11-06,10320212,An American Trilogy,Mickey Newbury,An American Trilogy,295.0,identity_high_confidence,text_good,recoverable,All three medley sections are present. Remove only the explicit title/artist/writer header; no lyric reconstruction.,"[""version_label_present_in_candidates""]","[""explicit_title_artist_writer_header""]",5e248b0e89484c75155166b8cd3d041ae49864d53f8684bdb0dac640b851547b,2e7ee9b5b5e42eef86b19d00127aab86a26dd9817c00212fdf84e3d66106e5d7
song_f9a9a6eaa2ffaa9fad9a111035049c3cfa552a71480a0ff0e358cc40cd4ee3f6,Gone Till November,Wyclef Jean,1998-02-07,33504604,Gone Till November,Wyclef Jean,Cool Grooves (Disc 1),200.0,identity_high_confidence,text_usable_with_minor_noise,recoverable,One localized encoding defect in 548 words is minor noise; leave it unchanged rather than guess a repair.,"[""localized_encoding_noise_retained""]","[""outer_whitespace""]",7e17b4e48b59f878c5115640e36791f16be2bbc04b4abe5bbfedd27498a570fa,4de93007d5a6e462c592af7a4114508bfd0ecc0d50842343b9daa5344ba7f384
song_faa0e48f9b6e0a4a092f2ce055e9c5d96d70c0abe941a888a98bd2ebfb4ad1f3,Sunflower (Spider-Man: Into The Spider-Verse),Post Malone & Swae Lee,2018-11-03,34477745,Sunflower (Spider‐Man: Into the Spider‐Verse),Post Malone & Swae Lee,Sunflower (Spider‐Man: Into the Spider‐Verse),161.0,identity_high_confidence,text_good,recoverable,Same complete lyric text apart from vocalization spelling and a short pronoun difference.,"[""multiple_transcriptions""]","[""outer_whitespace""]",10c341e11df00184ee4f318ccace338723f02f53fd0349d36a9b8a39f1d60666,70f4f2fb53b3f87c3e036790beb550d6550e6bf51f6d0026d413b623f399497e
song_fb705084f1853c9fb6af93a149345854b667c7469517de51e46fe47a2eaa92ca,Radio Romance,Tiffany,1989-02-25,176700,Radio Romance,Tiffany,Hold An Old Friend's Hand,245.0,identity_high_confidence,text_good,recoverable,Same verses and artist; differences are primarily vocalizations and outro ordering.,"[""multiple_transcriptions""]","[""outer_whitespace""]",8f9e00a210397a54b4dd4da0dd8bfed578cdd59277420b9a96a5e1fb3a3a8b0c,1601c4682e460b0bbf2efd369642713b5fff55bf21c30c2383a12ff0d0835b52
song_fbadc227141affcd5207688f1b8ca6a7aa747c9b19bedfbbd890da7608a7ee6d,Settle For A Slowdown,Dierks Bentley,2006-04-01,9914,Settle For A Slowdown,Dierks Bentley,Modern Day Drifter,223.0,identity_high_confidence,text_good,recoverable,"Same verses, album and duration; contractions and word boundaries account for differences.","[""multiple_transcriptions"", ""version_label_present_in_candidates""]","[""outer_whitespace""]",c3622753e1cabb6e5fb99b77ec9d52d125ecbcc8160b60ff8fa40fc9a6eb14c0,54f51aaeaadb8501dc3c56885abf0228cf53b927f5f933c704f8483cd500a5fe
song_fe7b34a8a29216fc665ad74de49eec5cf1f55f340ce91ba390f4258243d50d7c,Beat This Summer,Brad Paisley,2013-03-23,3506922,Beat This Summer,Brad Paisley,Wheelhouse,281.0,identity_high_confidence,text_usable_with_minor_noise,recoverable,Album-associated complete text selected; competing text contains spelling/short-word differences. No rewriting.,"[""multiple_transcriptions""]","[""outer_whitespace""]",11d25acc08fdfacd585d63a6b23adcbb1f91d191a8ab6ac94aa02ab4d109c2f2,1c6700e8bbb898e074c582eb879137d1a87a0ccfdf64e424a3fc70ca45280101
song_fea09f4fea98fd5355d4c82d9c64e8aecaa8f08979fb415ac4a3d57eed765b38,New York,Ja Rule Featuring Fat Joe & Jadakiss,2004-11-20,9002484,"New York, New York [New York, New York]",Luciano Pavarotti,Pavarotti & Friends for War Child,234.0,identity_wrong,text_good,wrong_identity,"All cached candidate credits refer to other performers or other titles; none supports the Billboard asset. Text quality describes the inspected available record, not its suitability for this asset.",[],"[""outer_whitespace""]",dee4c4aa643f9b7ada2ab5f4d4e83831ee0a59706c3b4e38272d3bc6edb37944,414e5a17b03f3e24ce25bfe1b9b4db332bd934e9901d5e205660f94573bf2a26
