song_id,title,artist,period,first_chart_date,best_chart_rank,months_selected,word_count,lyrics_sha256,sample_component,sampling_cell,sexual_content_score,violence_score,explicit_language_score,substance_use_score,CSI,app_CSI,MCR,token_count,truncated,inference_seconds,inference_version,model_commit,model_sha256
song_0aed0baea9ae5d346cf2c42de2f92d7bd81418aa8269b3f685d489fdbf4cc08d,My Girl,The Temptations,1958–1969,1965-01-16,1,4,166,a758d51e8542965b29d94239cf11464d8708545f2591e4c62af4e54e75af85a2,expected_mild,sentinel,0.6315861940383911,0.0007344101322814822,0.018540220335125923,0.0024292112793773413,16.332250894629396,6.579309701919556,M-P,183,0,0.6329108751378953,lyriclens-evaluation-v1,71a40996c1021c62d12dc004cbafa3f1c5560162,d272696293bc75d5a82cca2e624800456f734f57382cd9472b5974993ef860cc
song_9e3641d00273b9a3b09faf3dccb66583183d28fbee8e60268cab00bc7002cae4,I Want Someone,The Mad Lads,1958–1969,1966-03-05,74,1,193,a991e07372e3587fdce379d51914f170e256165bd1fb642fa0bc1d94db769383,stratified_core,rank1_length1,0.8620597124099731,0.0038681102450937033,0.005479734856635332,0.001066982513293624,21.811863500624895,18.102985620498657,M-R,205,0,0.59074049978517,lyriclens-evaluation-v1,71a40996c1021c62d12dc004cbafa3f1c5560162,d272696293bc75d5a82cca2e624800456f734f57382cd9472b5974993ef860cc
song_59328e4ef495b0a2eead2600eb40694f1921b10840b1f242e3580ce8c59f8a86,The Jolly Green Giant,The Kingsmen,1958–1969,1965-01-09,4,3,234,6abbe2290340e13d37d5c5ef3ab7736b0b8c80565eb6b92483d56c64a2a43251,stratified_core,rank0_length2,0.02029837854206562,0.6230904459953308,0.02233409322798252,0.0018952848622575402,16.690455065690912,6.1545222997665405,M-P,264,0,0.5960734998807311,lyriclens-evaluation-v1,71a40996c1021c62d12dc004cbafa3f1c5560162,d272696293bc75d5a82cca2e624800456f734f57382cd9472b5974993ef860cc
song_c4eabeecb02281b19acf05dac0942d25da1b7cae44fc83479a18c5a5594546ab,"Go, Jimmy, Go",Jimmy Clanton,1958–1969,1959-12-07,5,4,196,389f8fe04bdf7f4bb6f46f6bd45a97b00e26a61411fbff4ae9aa073b5aa80fe2,stratified_core,rank0_length1,0.9910869002342224,0.006347002927213907,0.003980282694101334,0.005071892868727446,25.162151968106627,24.55434501171112,M-AO,233,0,0.6041127920616418,lyriclens-evaluation-v1,71a40996c1021c62d12dc004cbafa3f1c5560162,d272696293bc75d5a82cca2e624800456f734f57382cd9472b5974993ef860cc
song_fed7c74ad967767c8732088a2935e6279881ee63bf2cc773490807c416c8707a,La Bamba,Ritchie Valens,1958–1969,1958-12-29,22,3,128,6e22ecd5fe7ffbf1c9c0b96f62ffafff3147325f976ec3c7d0af8cde8f6b321a,stratified_core,rank0_length0,0.03600286319851875,0.0018909977516159415,0.14854557812213898,0.021917138248682022,5.208914433023892,0.0,M-E,206,0,0.6046694167889655,lyriclens-evaluation-v1,71a40996c1021c62d12dc004cbafa3f1c5560162,d272696293bc75d5a82cca2e624800456f734f57382cd9472b5974993ef860cc
song_0349520b5c7c2e4422a70fce1d2df78432df63f0a6e704fa01bbfef8e34ebe24,I Just Don't Know What To Do With Myself,Dionne Warwick,1958–1969,1966-10-01,26,2,169,cbb2bb46e4369fefdab5d656dd36e415101920c937e3922faaa497bbb44604e7,stratified_core,rank0_length1,0.9142897129058838,0.0029325387440621853,0.0019303886219859123,0.003500421531498432,23.066326545085758,20.71448564529419,M-R,185,0,0.6055698331911117,lyriclens-evaluation-v1,71a40996c1021c62d12dc004cbafa3f1c5560162,d272696293bc75d5a82cca2e624800456f734f57382cd9472b5974993ef860cc
song_b32a265f2ff03acfa08f045465ca51a6fb31e221f2824a03ef7c5889cee866af,There's Nothing I Can Say,Rick Nelson,1958–1969,1964-08-22,47,1,132,e9662c513697a8ff6a505aa8d0aaa5a7a41275ba9049efc772945a694373b4ee,stratified_core,rank1_length0,0.009059286676347256,0.005197226535528898,0.0045623984187841415,0.00421231659129262,0.5757807055488229,0.0,M-E,140,0,0.5829012920148671,lyriclens-evaluation-v1,71a40996c1021c62d12dc004cbafa3f1c5560162,d272696293bc75d5a82cca2e624800456f734f57382cd9472b5974993ef860cc
song_35ce7e7873a409ae1706d3313a3b256be8827fa7b204440d044e01006d777cb8,Why Do Fools Fall In Love,The Happenings,1958–1969,1967-09-23,41,1,139,9f0ce0233b2ed90bc98a08adb36a6aa9575b95c4c7e60b47a9ba487e5264f61f,stratified_core,rank1_length0,0.9920933842658997,0.02760530635714531,0.002342989668250084,0.006185208912938833,25.705672230105847,24.604669213294983,M-AO,141,0,0.6668379579205066,lyriclens-evaluation-v1,71a40996c1021c62d12dc004cbafa3f1c5560162,d272696293bc75d5a82cca2e624800456f734f57382cd9472b5974993ef860cc
song_4a225ece50c775ee4f1d96ae38d401c088742b3f1525d0467f18be399a7233b9,I Missed Me,Jim Reeves,1958–1969,1960-11-14,44,2,175,4c5c8b4307b1ff5c1ab7043c183cbe434898fba88ed264b25b54bc610bc34d50,stratified_core,rank1_length1,0.830767035484314,0.018877513706684113,0.0011943085119128227,0.00278276763856411,21.340540633536875,16.5383517742157,M-T,175,0,0.5846130000427365,lyriclens-evaluation-v1,71a40996c1021c62d12dc004cbafa3f1c5560162,d272696293bc75d5a82cca2e624800456f734f57382cd9472b5974993ef860cc
song_6dc4b05872cf526300be88208f4fd48cdc16f207b865ca7c05fd42fcada13675,Cindy's Birthday,Johnny Crawford,1958–1969,1962-05-12,8,3,119,1745409b22da4b50895ff3d70ff22ba4939aadcbf6f1648fb684eb3adf0a8ae4,stratified_core,rank0_length0,0.005797978490591049,0.006606536917388439,0.005478687584400177,0.004868514370173216,0.568792934063822,0.0,M-E,139,0,0.5814594170078635,lyriclens-evaluation-v1,71a40996c1021c62d12dc004cbafa3f1c5560162,d272696293bc75d5a82cca2e624800456f734f57382cd9472b5974993ef860cc
song_d92c03539e450a03b3a9eb1ff232dcc47d451ed2498faa25e75f78acef87bd6a,(You Don't Have To) Paint Me A Picture,Gary Lewis And The Playboys,1958–1969,1966-10-08,15,2,250,152ce1a026597c57bcd869105f3b6a2dded5f3a84d03b5639f2ca42c79323f0e,stratified_core,rank0_length2,0.04353925958275795,0.0017559153493493795,0.9167596101760864,0.0034803913440555334,24.138379411306232,20.83798050880432,M-R,285,0,0.5978733750525862,lyriclens-evaluation-v1,71a40996c1021c62d12dc004cbafa3f1c5560162,d272696293bc75d5a82cca2e624800456f734f57382cd9472b5974993ef860cc
song_cc1c2453fb7685b97a44a7e916f797bdff9a23a8b50beb09f843aa71a8ee5564,Gallant Men,Senator Everett McKinley Dirksen,1958–1969,1966-12-24,29,2,135,83de0d9c00980134a7371c65eb399f5bd1590355c988c57dacaa18306b61d011,stratified_core,rank1_length0,0.0009784656576812267,0.8601902723312378,0.0287241879850626,0.004957449156790972,22.371259378269315,18.00951361656189,M-R,149,0,0.602790875127539,lyriclens-evaluation-v1,71a40996c1021c62d12dc004cbafa3f1c5560162,d272696293bc75d5a82cca2e624800456f734f57382cd9472b5974993ef860cc
song_4eedaac548f0db66c979575510092e16f414750629bddb6217182d6a43faa1ca,Love Makes A Woman,Barbara Acklin,1958–1969,1968-07-13,15,3,204,8b3bd11dbf5586187b37ac05c14b7319ad82d1bb57ec7271a74f74d1c7cde9fa,stratified_core,rank0_length1,0.5973220467567444,0.0009404759621247649,0.002484153490513563,0.009359948337078094,15.25266561366152,4.866102337837219,M-P,233,0,0.5911134998314083,lyriclens-evaluation-v1,71a40996c1021c62d12dc004cbafa3f1c5560162,d272696293bc75d5a82cca2e624800456f734f57382cd9472b5974993ef860cc
song_117729f1bc413e31e8149049b7309c6ccf166f72419ae410a62c847ad8a70059,Would It Make Any Difference To You,Etta James,1958–1969,1963-01-12,64,2,110,825de1ff69e1292c55dbe6f39a4300c80ca70f5b14e9e5f1b4ef46b743b49132,stratified_core,rank1_length0,0.009646225720643997,0.1291998028755188,0.003821759717538953,0.006746992934495211,3.735369531204924,0.0,M-E,113,0,0.6003704159520566,lyriclens-evaluation-v1,71a40996c1021c62d12dc004cbafa3f1c5560162,d272696293bc75d5a82cca2e624800456f734f57382cd9472b5974993ef860cc
song_7581bf1aa60711a8fb70d6f74beab7986e56b266a494f31317d281a2e6fbe93c,"Frankie's Man, Johnny",Johnny Cash,1958–1969,1959-04-27,57,2,250,a0796e30d5fb31111df8aef52a5ef24693e78e95236c0f9a43b7bfb6f111c6be,stratified_core,rank1_length2,0.14211319386959076,0.9909857511520386,0.005534668453037739,0.003743519075214863,28.55942831374705,24.54928755760193,M-AO,282,0,0.6176683749072254,lyriclens-evaluation-v1,71a40996c1021c62d12dc004cbafa3f1c5560162,d272696293bc75d5a82cca2e624800456f734f57382cd9472b5974993ef860cc
song_f0dabdf8d0646ea373fbd165249ce5d26b1ba2c6e4a65f1214d7cc750388072a,Mountain Of Love,Johnny Rivers,1958–1969,1964-10-31,9,3,274,2766765510614aa30650d66b8f2206fb8d191b69f8cda9ac00f6c4a80a938cbe,stratified_core,rank0_length2,0.0114834513515234,0.007194203324615955,0.004724674858152866,0.002213065279647708,0.6403848703484982,0.0,M-E,291,0,0.6147657081019133,lyriclens-evaluation-v1,71a40996c1021c62d12dc004cbafa3f1c5560162,d272696293bc75d5a82cca2e624800456f734f57382cd9472b5974993ef860cc
song_69477b76eb9ee69138b17fdc61df826efb06f1ca55a3f48049c74e8cc538def8,Secretly,Jimmie Rodgers,1958–1969,1958-08-04,28,1,162,e0c07550ff04fc13c919034ade0e357174056225f73ed8cfad2cb13c41d49142,stratified_core,rank0_length1,0.9891304969787598,0.01630721241235733,0.0018073123646900058,0.006800690200179815,25.351142798899673,24.45652484893799,M-AO,175,0,0.5921095830854028,lyriclens-evaluation-v1,71a40996c1021c62d12dc004cbafa3f1c5560162,d272696293bc75d5a82cca2e624800456f734f57382cd9472b5974993ef860cc
song_a7772f327e3a3cfafd258cd3b2e22efc03d987310de5204015249aca809adaf3,Help!,The Beatles,1958–1969,1965-08-07,1,3,249,53bb45516cd0e7f92861dcbb4bfb89e0d635ea8b7e250fa69520955b77a595e4,stratified_core,rank0_length2,0.0037644030526280403,0.005288753658533096,0.006809372920542955,0.011163699440658092,0.6756557268090546,0.0,M-E,258,0,0.5878160828724504,lyriclens-evaluation-v1,71a40996c1021c62d12dc004cbafa3f1c5560162,d272696293bc75d5a82cca2e624800456f734f57382cd9472b5974993ef860cc
song_571748d27a47d85d6ce1e162616d66466aaeb086241c317ad91ded6a69bfaec8,Hey You! Little Boo-Ga-Loo,Chubby Checker,1958–1969,1966-07-02,76,1,246,7a532e10de9506b512e50d7cfcd4665ba64a8825630e9ff053b21144a99ae1be,stratified_core,rank1_length2,0.9984524250030518,0.010370348580181599,0.8792439699172974,0.007047615945339203,47.37785898614675,43.884819746017456,M-AO,339,0,0.590134666999802,lyriclens-evaluation-v1,71a40996c1021c62d12dc004cbafa3f1c5560162,d272696293bc75d5a82cca2e624800456f734f57382cd9472b5974993ef860cc
song_38ab85ef42919e3470a0bba519d88e130e73773df3fe01aec967b66c83a71a6d,Mary Ann Regrets,Burl Ives,1958–1969,1962-11-03,39,2,262,d95423001a1c9cc0e871bda766f2b7b1b7b8734a286da1153a8ef3e19bfc308e,stratified_core,rank1_length2,0.011022559367120266,0.022182045504450798,0.0009586123051121831,0.009181908331811428,1.0836281377123669,0.0,M-E,290,0,0.619856292149052,lyriclens-evaluation-v1,71a40996c1021c62d12dc004cbafa3f1c5560162,d272696293bc75d5a82cca2e624800456f734f57382cd9472b5974993ef860cc
song_c0c862864db358e90588de9f7252a57d2071427842018127b437850496d715fa,Amen,The Impressions,1958–1969,1964-11-21,7,2,91,86d995fb526510b277e7caf020897e995af8c567cfae0b94324efa01013943ab,stratified_core,rank0_length0,0.0031169578433036804,0.020007962360978127,0.016172003000974655,0.007819517515599728,1.1779110180214047,0.0,M-E,106,0,0.5798143749125302,lyriclens-evaluation-v1,71a40996c1021c62d12dc004cbafa3f1c5560162,d272696293bc75d5a82cca2e624800456f734f57382cd9472b5974993ef860cc
song_cf6aea8f1076b117bb1b0f6699facf83cd915c937f0d9375348ac11f8981b63b,Johnny Reb,Johnny Horton,1958–1969,1959-08-24,54,2,259,f8bd778c80dabff00770f6b8d788020c2964bec778afe7a8bd42c9e57a2556ab,stratified_core,rank1_length2,0.004312681034207344,0.9953773021697998,0.006437553558498621,0.017352307215332985,25.58699609944597,24.76886510848999,M-AO,283,0,0.6119938339106739,lyriclens-evaluation-v1,71a40996c1021c62d12dc004cbafa3f1c5560162,d272696293bc75d5a82cca2e624800456f734f57382cd9472b5974993ef860cc
song_4193018621671b33686f0f4a8f71a8dce155ed2550680eadcf1af84134cfd4ad,I'll Take Good Care Of You,Garnet Mimms,1958–1969,1966-03-26,30,2,211,5e7995f8030049686d1418bc1627d2a606166e98d8c2cb17339bb0288da08cf1,stratified_core,rank1_length1,0.21325282752513885,0.3326220214366913,0.004470917861908674,0.00048072481877170503,13.770662291062763,0.0,M-E,231,0,0.6040727919898927,lyriclens-evaluation-v1,71a40996c1021c62d12dc004cbafa3f1c5560162,d272696293bc75d5a82cca2e624800456f734f57382cd9472b5974993ef860cc
song_be7eac0fa653c7531ff79984dc290b805f805913ea19ea18c4e8bb0a26a7930b,Lipstick Traces (On A Cigarette),The O'Jays,1958–1969,1965-05-08,48,2,207,dfacfa55b032a85644f299106732c3c6a755de658c3afdd8dbc49c4498068ffb,stratified_core,rank1_length1,0.0146424425765872,0.00382612063549459,0.006805442739278078,0.9866062998771667,25.297007645713165,24.330314993858337,M-AO,243,0,0.5999808330088854,lyriclens-evaluation-v1,71a40996c1021c62d12dc004cbafa3f1c5560162,d272696293bc75d5a82cca2e624800456f734f57382cd9472b5974993ef860cc
song_70c1dfe984e3e546f3fbcec256b41023637c8fd480ba3adfb34647894f32f4f0,Lady Jane,The Rolling Stones,1958–1969,1966-07-23,24,1,106,90eba220c121668d69b0b6f2e5b6d2e759500d9ce5f204186facbed266ef1719,stratified_core,rank0_length0,0.9103488326072693,0.007667535915970802,0.002050632145255804,0.002022460335865617,23.052236525109038,20.517441630363464,M-R,120,0,0.5855845829937607,lyriclens-evaluation-v1,71a40996c1021c62d12dc004cbafa3f1c5560162,d272696293bc75d5a82cca2e624800456f734f57382cd9472b5974993ef860cc
song_95608ea2e15a20489c14c3226405cb9cf2ea0862cd77e786705f890b46a97925,Sleep,Little Willie John,1958–1969,1960-09-05,13,4,117,2428729cef323a9fcc2f0023871080fdcb29c43383b011e938c6288997538b8a,stratified_core,rank0_length0,0.005053614266216755,0.0035444749519228935,0.004417086485773325,0.04149878770112991,1.3628490851260722,0.0,M-E,115,0,0.6021041248459369,lyriclens-evaluation-v1,71a40996c1021c62d12dc004cbafa3f1c5560162,d272696293bc75d5a82cca2e624800456f734f57382cd9472b5974993ef860cc
song_9072c5ee05fedc84220a23ef4901f2e73eedea66b912cb96f14d1a9a3fbe167a,Georgy Girl,The Seekers,1958–1969,1966-12-03,2,4,204,d88b20e14bfc6848a024cc519fbdc8f28d4ca2264a17f2b9cfadef527eeaaa56,stratified_core,rank0_length1,0.7527281045913696,0.004128867294639349,0.001516778371296823,0.00296007189899683,19.033345553907566,12.636405229568481,M-T,249,0,0.6000062499660999,lyriclens-evaluation-v1,71a40996c1021c62d12dc004cbafa3f1c5560162,d272696293bc75d5a82cca2e624800456f734f57382cd9472b5974993ef860cc
song_2a783aa21125846631c321e170948f1689071a051714cf6e57c7cfb4ba6c8b89,Let's Get It On,Marvin Gaye,1970s,1973-07-14,1,5,252,4617af1916d56fb2180a8f53de20c100c72d5d51b2acaff355aef37bb94cb74c,expected_content,sentinel,0.9951528310775757,0.003524253610521555,0.619537353515625,0.0033059804700315,40.53801046684384,30.734509229660034,M-AO,273,0,0.5961287908721715,lyriclens-evaluation-v1,71a40996c1021c62d12dc004cbafa3f1c5560162,d272696293bc75d5a82cca2e624800456f734f57382cd9472b5974993ef860cc
song_bfce50e15f1789f7ca376150665063761fdbef5af253e2d162514a8ae0316025,Lean On Me,Bill Withers,1970s,1972-04-22,1,4,270,517488f68fecd31ea303b48e5dc09e54b6dec6afe0945445289b1132f96ca1b5,expected_mild,sentinel,0.0060424599796533585,0.003588337218388915,0.04756518453359604,0.004199580755084753,1.5348890621680766,0.0,M-E,286,0,0.5975093329325318,lyriclens-evaluation-v1,71a40996c1021c62d12dc004cbafa3f1c5560162,d272696293bc75d5a82cca2e624800456f734f57382cd9472b5974993ef860cc
song_21c7c8f7417b94a8c111b2a1c7570396b0e49f3c9f7cbbdd593d6d1c03d738d9,You Are The Sunshine Of My Life,Stevie Wonder,1970s,1973-03-17,1,5,180,46156e8df294a41177a857509efd632b6c5f7f02e9c19ecdd0e030ff57a4f55b,expected_mild,sentinel,0.019491935148835182,0.0063695828430354595,0.0020082530099898577,0.004418590106070042,0.8072090276982635,0.0,M-E,191,0,0.5879221670329571,lyriclens-evaluation-v1,71a40996c1021c62d12dc004cbafa3f1c5560162,d272696293bc75d5a82cca2e624800456f734f57382cd9472b5974993ef860cc
song_f41a534741f51cde1d600b6ee480a6cec27c432d48b34b9d946bd8331f5d2a74,Rainbow Connection,Kermit (Jim Henson),1970s,1979-09-15,25,4,195,c1d5fa184a8663f1edfa9d361b355a812c70ac740c15689f5910f25caa8150f3,expected_mild,sentinel,0.01926778443157673,0.003369405400007963,0.001957823522388935,0.010502759367227554,0.8774443180300295,0.0,M-E,211,0,0.5983429159969091,lyriclens-evaluation-v1,71a40996c1021c62d12dc004cbafa3f1c5560162,d272696293bc75d5a82cca2e624800456f734f57382cd9472b5974993ef860cc
song_cd492e6096df3dd73a9047f8aef5c25a526b7b1384aaafac4f4c0ce7c690f5d1,ABC,Jackson 5,1970s,1970-03-14,1,4,427,0df6752d4e03b0d94b71fd47709c87ae1f62d41686edd34b56e1d587078ef1c9,expected_mild,sentinel,0.7284404635429382,0.0011152597144246101,0.3137635886669159,0.0010205728467553854,26.108497119275853,11.422023177146912,M-T,458,0,0.6288229159545153,lyriclens-evaluation-v1,71a40996c1021c62d12dc004cbafa3f1c5560162,d272696293bc75d5a82cca2e624800456f734f57382cd9472b5974993ef860cc
song_23d90431f2ad7d4f8d31fc70fb9bc9aad106a4f8849752e76e878e6e017eb477,Imagine,John Lennon/Plastic Ono Band,1970s,1971-10-23,3,3,137,ef47eec02090cfc129a4b05ce093981cf8f39ced5dabf10c8174f43e0123085b,expected_mild,sentinel,0.00755851436406374,0.9949536919593811,0.9927974343299866,0.03590836003422737,50.78045001719147,49.387556314468384,M-AO,156,0,0.6089508750010282,lyriclens-evaluation-v1,71a40996c1021c62d12dc004cbafa3f1c5560162,d272696293bc75d5a82cca2e624800456f734f57382cd9472b5974993ef860cc
song_a0d2022d699c35704ab0f0e43a6856fcd3fa30930d806529eb228106de34770e,Let It Be,The Beatles,1970s,1970-03-21,1,4,268,bfa8b3b036bba5010406e0ecd48bf0447c52d71f0fcc924d81f328083f2f3476,expected_mild,sentinel,0.0035002122167497873,0.006324958987534046,0.0048196688294410706,0.012801241129636765,0.6861520290840417,0.0,M-E,271,0,0.5978933330625296,lyriclens-evaluation-v1,71a40996c1021c62d12dc004cbafa3f1c5560162,d272696293bc75d5a82cca2e624800456f734f57382cd9472b5974993ef860cc
song_5f0eaf882be171e9e96fec731f59733be3990d8ac7eaf8a258c5eb15da894eb3,You've Got A Friend,James Taylor,1970s,1971-06-05,1,4,284,ca449669634be69391e989ac31a7cc96e28784f1bb1f510d6873ec1469708dde,expected_mild,sentinel,0.004763667471706867,0.6004038453102112,0.0047912136651575565,0.001519678276963532,15.286960118100978,5.020192265510559,M-P,311,0,0.615714207990095,lyriclens-evaluation-v1,71a40996c1021c62d12dc004cbafa3f1c5560162,d272696293bc75d5a82cca2e624800456f734f57382cd9472b5974993ef860cc
song_a12befe03d55c5fa6fd9c903788a0badba25b5b7525255fc222d72e21ba6dc12,So Long,Firefall,1970s,1978-01-14,48,2,298,c0560330cb05ab64d7eac78b5e226050179915c3ed36b46d03d7e5cef167f789,stratified_core,rank1_length2,0.004760736599564552,0.005430174525827169,0.07465420663356781,0.0031392229720950127,2.1996085182763636,0.0,M-E,309,0,0.613062541000545,lyriclens-evaluation-v1,71a40996c1021c62d12dc004cbafa3f1c5560162,d272696293bc75d5a82cca2e624800456f734f57382cd9472b5974993ef860cc
song_690e3e60b5c5037449b2757dda9d6757ed3ec925b71a0e80ad7109d85f8667b5,Firecracker,Mass Production,1970s,1979-08-04,43,2,359,8950a55950e9862196a5e95e3179c34bfa1a9f51e54fe20cd05cef9e7f631f85,stratified_core,rank1_length2,0.9943048357963562,0.0023399631027132273,0.008189156651496887,0.03768407553434372,26.06295077712275,24.71524178981781,M-AO,417,0,0.6110806670039892,lyriclens-evaluation-v1,71a40996c1021c62d12dc004cbafa3f1c5560162,d272696293bc75d5a82cca2e624800456f734f57382cd9472b5974993ef860cc
song_a5796aaae59d201c1e3deeacae5e2109ffeaf8181d6a0cc53d4179eef0117ee2,Cinnamon Girl,Neil Young & Crazy Horse,1970s,1970-06-20,55,2,103,571daa6af317ae37fe23634d31aa33f4e4fd82168aaab8edbaaf0f8ffe5d9723,stratified_core,rank1_length0,0.8991127014160156,0.0021729720756411552,0.0047731357626616955,0.003263178514316678,22.73304969421588,19.95563507080078,M-R,114,0,0.6377435000613332,lyriclens-evaluation-v1,71a40996c1021c62d12dc004cbafa3f1c5560162,d272696293bc75d5a82cca2e624800456f734f57382cd9472b5974993ef860cc
song_64d37feb1fa3da190b5b48cdf28bee0181308224ba28cffb740e5048b0ab4306,Travelin' Prayer,Billy Joel,1970s,1974-08-17,77,1,273,a887cb9e13aa0c2305d15376a53e54e8112adee579e92bba5b6d4be382cf9ada,stratified_core,rank1_length2,0.012140339240431786,0.006609034724533558,0.11390332132577896,0.0012962698237970471,3.348724127863534,0.0,M-E,286,0,0.5929762499872595,lyriclens-evaluation-v1,71a40996c1021c62d12dc004cbafa3f1c5560162,d272696293bc75d5a82cca2e624800456f734f57382cd9472b5974993ef860cc
song_1130d71736864e2f32c66a5784e269842b861afc685af864962777b4ea459b76,Soul Man,Blues Brothers,1970s,1978-12-09,14,4,183,30eaab82be73f7a7030180f2bb4f725d3abbe0335368cb84948065ffb5d38c38,stratified_core,rank0_length0,0.9967592358589172,0.006690201349556446,0.016056561842560768,0.006654628086835146,25.65401567844674,24.837961792945862,M-AO,214,0,0.5879227500408888,lyriclens-evaluation-v1,71a40996c1021c62d12dc004cbafa3f1c5560162,d272696293bc75d5a82cca2e624800456f734f57382cd9472b5974993ef860cc
song_c3db28de2fa21737c828f45aa697bf98c14ad08a22646c2f0114dd15614a1503,Your Own Back Yard,Dion,1970s,1970-06-27,75,1,333,dcad334273497ae54054e4b2c0336fa1057289719ca650b6f7d3cd5656c2e7fd,stratified_core,rank1_length2,0.011097443290054798,0.007084839511662722,0.12204403430223465,0.9976673126220703,28.447340743150562,24.883365631103516,M-AO,359,0,0.5997440000064671,lyriclens-evaluation-v1,71a40996c1021c62d12dc004cbafa3f1c5560162,d272696293bc75d5a82cca2e624800456f734f57382cd9472b5974993ef860cc
song_72f1e6ab0eb9c3eea261bf3418510cf8ca46eb5d09386d74e937ff2a0b7160f0,Ladies Night,Kool & The Gang,1970s,1979-10-06,8,5,734,36333c7328a05143d6b6f00349e3e9af361424d7b615eaf16651bbdcfd39666d,stratified_core,rank0_length2,0.9503945708274841,0.0010610183235257864,0.09799260646104813,0.0033807663712650537,26.320724049583077,22.519728541374207,M-R,817,0,0.6476353330072016,lyriclens-evaluation-v1,71a40996c1021c62d12dc004cbafa3f1c5560162,d272696293bc75d5a82cca2e624800456f734f57382cd9472b5974993ef860cc
song_2f2e2e33ff00857bf87196f06b1edcad41ac31b6bf4f2b322bcb169c7c18c6cb,I Hear Those Church Bells Ringing,Dusk,1970s,1971-06-12,53,2,210,123856af95255b1a6c92568f01462152c1c87bbd96b9bf6d4452204215eea68f,stratified_core,rank1_length1,0.9941304326057434,0.007658558432012796,0.008909492753446102,0.0035953770857304335,25.35734652192332,24.70652163028717,M-AO,223,0,0.5931783749256283,lyriclens-evaluation-v1,71a40996c1021c62d12dc004cbafa3f1c5560162,d272696293bc75d5a82cca2e624800456f734f57382cd9472b5974993ef860cc
song_605aa2d6a4f3053ca131f40f66d3ff6cfb4822fd5d6a277d77a6032d02c7746d,Life Is A Rock (But The Radio Rolled Me),Reunion,1970s,1974-09-07,8,4,550,b2bb036269cde21cb0ad60960add5ee0e7b4e9301131cb03c00fdaccb5fbf48c,stratified_core,rank0_length2,0.9793955683708191,0.0010326785268262029,0.24691374599933624,0.1519773006439209,34.48298233852256,23.969778418540955,M-AO,720,0,0.6306857909075916,lyriclens-evaluation-v1,71a40996c1021c62d12dc004cbafa3f1c5560162,d272696293bc75d5a82cca2e624800456f734f57382cd9472b5974993ef860cc
song_d6fa79aae091c9b9eefa30e3a78f93ecdbbb66c8c1befb282bb7324a03578d7a,What Is Truth,Johnny Cash,1970s,1970-04-11,19,2,317,235995321c7c1f0f7414cf2650f9dfef92cb760d09dcf807e2a60d78675f6961,stratified_core,rank0_length2,0.004544454626739025,0.9906328916549683,0.011426614597439766,0.0054871635511517525,25.30227811075747,24.531644582748413,M-AO,331,0,0.6111973749939352,lyriclens-evaluation-v1,71a40996c1021c62d12dc004cbafa3f1c5560162,d272696293bc75d5a82cca2e624800456f734f57382cd9472b5974993ef860cc
song_1110ad0e721685ec873afc6cc8372d1da569f6f1d519bdd799cd7c8d00631393,Listen To Her Heart,Tom Petty,1970s,1978-09-23,59,1,158,ae0ebb31f09cd48b53c0988b9454fd6713459e073ae11f09782cbed75a966703,stratified_core,rank1_length0,0.9963201284408569,0.007791742216795683,0.8159404397010803,0.9953770637512207,70.38573435274884,65.3818815946579,M-AO,191,0,0.6082757499534637,lyriclens-evaluation-v1,71a40996c1021c62d12dc004cbafa3f1c5560162,d272696293bc75d5a82cca2e624800456f734f57382cd9472b5974993ef860cc
song_109e58fdb577eb713ec9844630010a1ea9f502a212041ef4edd19d8d91f292d2,Lay A Little Lovin' On Me,Robin McNamara,1970s,1970-05-30,11,4,324,134ad0c187c25be5f5b1333e1426b1961fe623b3f80e8a28215e11f0325bbbf8,stratified_core,rank0_length2,0.997002899646759,0.005749649368226528,0.31612080335617065,0.0031197683420032263,33.049828017828986,24.85014498233795,M-AO,373,0,0.6177944170776755,lyriclens-evaluation-v1,71a40996c1021c62d12dc004cbafa3f1c5560162,d272696293bc75d5a82cca2e624800456f734f57382cd9472b5974993ef860cc
song_a9417fe5b49241ddee5b63be9a3fe138548c5ec77db57e1201268cae0273529e,Since I Fell For You,Charlie Rich,1970s,1976-01-24,71,1,128,55b3db10589e34a825dc197902d4ffae09e784e117b7cc9c2e66be9eb96bc418,stratified_core,rank1_length0,0.06718418002128601,0.00525028258562088,0.0035021519288420677,0.0013115060282871127,1.9312030141009018,0.0,M-E,141,0,0.5896504588890821,lyriclens-evaluation-v1,71a40996c1021c62d12dc004cbafa3f1c5560162,d272696293bc75d5a82cca2e624800456f734f57382cd9472b5974993ef860cc
song_815056a3d0f74d832a9989d4bcb3e56697b29dd14bd3aaa012fb8c5b6ffde806,I Wrote A Simple Song,Billy Preston,1970s,1972-01-22,77,1,182,57c0900a4d44709ba98da965f974c68d55f5afd1d69790c8c7197a5402dbb721,stratified_core,rank1_length0,0.03727852925658226,0.002075310330837965,0.0343448668718338,0.0014702456537634134,1.879223802825436,0.0,M-E,198,0,0.5895069169346243,lyriclens-evaluation-v1,71a40996c1021c62d12dc004cbafa3f1c5560162,d272696293bc75d5a82cca2e624800456f734f57382cd9472b5974993ef860cc
song_585e5f8e13012f0a37638839f84b3f23db3e9edc4ff58f0f075f4c7d20e18fe9,Before My Heart Finds Out,Gene Cotton,1970s,1978-02-04,23,3,223,e8ddc86a49c7d4d83c2bcf67bc9edf67d20118895b626e536eaa73f22ffa0eb2,stratified_core,rank0_length1,0.018826644867658615,0.008849922567605972,0.005566426552832127,0.0014492362970486283,0.8673057571286336,0.0,M-E,261,0,0.5888553750701249,lyriclens-evaluation-v1,71a40996c1021c62d12dc004cbafa3f1c5560162,d272696293bc75d5a82cca2e624800456f734f57382cd9472b5974993ef860cc
song_dd86150211a00481ca2a80067939457ef346cce917ed900d58478305c74811a2,It's Only Make Believe,Glen Campbell,1970s,1970-09-05,10,3,165,d40f236fb86e7b3833c14985e86d4f6b6ab840c66531385c50c98480ae898e88,stratified_core,rank0_length0,0.005014186725020409,0.009006037376821041,0.0068251765333116055,0.0031606892589479685,0.6001522473525256,0.0,M-E,178,0,0.5834994579199702,lyriclens-evaluation-v1,71a40996c1021c62d12dc004cbafa3f1c5560162,d272696293bc75d5a82cca2e624800456f734f57382cd9472b5974993ef860cc
song_41cdcd17020b65b4e4437210a8c492aaa7bdc0500b9ef269cc7168648a893175,River Deep - Mountain High,The Supremes & Four Tops,1970s,1970-11-28,14,3,241,cf22ce8924858f4d3e539e4d2c1849f4a0b845f56d3e97f13df0ae81564a720c,stratified_core,rank0_length1,0.036691512912511826,0.003782739629969001,0.0011666746577247977,0.8709298372268677,22.814269110676832,18.546491861343384,M-R,248,0,0.5904362502042204,lyriclens-evaluation-v1,71a40996c1021c62d12dc004cbafa3f1c5560162,d272696293bc75d5a82cca2e624800456f734f57382cd9472b5974993ef860cc
song_0213bb2ca26a8b0e613f83fdc3a1bf713269c08a2c6cbcb19d0e85cd0bb40e4f,Floy Joy,The Supremes,1970s,1972-01-08,16,3,252,04777903aa8c02a62328e5ba61e2ad3f54cab587c6bcb354cc4f87633894498e,stratified_core,rank0_length1,0.9925670623779297,0.00673894165083766,0.0041030594147741795,0.006735802162438631,25.253621640149504,24.628353118896484,M-AO,328,0,0.6002957918681204,lyriclens-evaluation-v1,71a40996c1021c62d12dc004cbafa3f1c5560162,d272696293bc75d5a82cca2e624800456f734f57382cd9472b5974993ef860cc
song_f90b9bd84fe6f81a6e4f326cb0b6f4451a734bc2b6c6aad81544fd16972b8863,You'd Better Believe It,The Manhattans,1970s,1973-09-22,77,1,203,db0c5dce942a1b6ef7f0dcfc6d4cd24542fe1774f48165840f14784f26c51ff1,stratified_core,rank1_length1,0.061092641204595566,0.006064862012863159,0.02076861634850502,0.0006378769176080823,2.2140999120892957,0.0,M-E,237,0,0.6098949168808758,lyriclens-evaluation-v1,71a40996c1021c62d12dc004cbafa3f1c5560162,d272696293bc75d5a82cca2e624800456f734f57382cd9472b5974993ef860cc
song_68dc4986474def8d475f2c997d665706774730408ee1330071322a31354abc97,Rings,Cymarron,1970s,1971-06-12,17,3,190,012b3e82ddbe9894c4ed9a201d4dda6cc8d2c92b832fa70cd1ffd5689e167bde,stratified_core,rank0_length0,0.9974713325500488,0.014896214939653873,0.009161537513136864,0.007744854781776667,25.731848494615406,24.87356662750244,M-AO,213,0,0.5939179169945419,lyriclens-evaluation-v1,71a40996c1021c62d12dc004cbafa3f1c5560162,d272696293bc75d5a82cca2e624800456f734f57382cd9472b5974993ef860cc
song_49444e52efc677ac5bbdb87422be8b88c555f18f38a1301ade4d6d7dc7acc9c3,You Don't Have To Be A Star (To Be In My Show),Marilyn McCoo & Billy Davis Jr.,1970s,1976-09-11,1,7,255,338015977a8545751ac88f9304454e71c771ded90df612a4d19af2f18f86b4e2,stratified_core,rank0_length1,0.14709100127220154,0.0034398441202938557,0.0026486357674002647,0.0017751820851117373,3.873866581125185,0.0,M-E,274,0,0.6022697079461068,lyriclens-evaluation-v1,71a40996c1021c62d12dc004cbafa3f1c5560162,d272696293bc75d5a82cca2e624800456f734f57382cd9472b5974993ef860cc
song_9277254377f0ed6ea2c94d6f5d17ee81782d30bd4f80f6185a6d4d87c99850f7,Hold On,Ian Gomm,1970s,1979-09-01,18,3,162,e1e034cab6b7bffe3b2337283d429cfb178fed63cf7061204ec4510828ce9f6b,stratified_core,rank0_length0,0.0038846239913254976,0.0026979795657098293,0.007274902891367674,0.02969694323837757,1.0888612421695143,0.0,M-E,181,0,0.5917725001927465,lyriclens-evaluation-v1,71a40996c1021c62d12dc004cbafa3f1c5560162,d272696293bc75d5a82cca2e624800456f734f57382cd9472b5974993ef860cc
song_f2d23f623a8d6f5bf76ea6360fcde2c59706ecf953032d31f7cc5c3d44aaeb35,Midnight At The Oasis,Maria Muldaur,1970s,1974-02-23,6,5,198,0ee1e4113bd3ca62b3ae6ce63c209326815e8ab2a3b6aedfd3130d64ebef9841,stratified_core,rank0_length0,0.9762745499610901,0.0023629306815564632,0.0031680972315371037,0.008023037575185299,24.745715386234224,23.813727498054504,M-AO,221,0,0.6087927918415517,lyriclens-evaluation-v1,71a40996c1021c62d12dc004cbafa3f1c5560162,d272696293bc75d5a82cca2e624800456f734f57382cd9472b5974993ef860cc
song_3c3af25ff5690d56f5ebd59c52a0273a923d9b3511e8e0c1970e11cc7cda487c,Emma,Hot Chocolate,1970s,1975-02-08,8,4,242,3a7b0a4fd3266faa4cd5f745d6080eabdfa5234ce4315621c70a385426cfdb55,stratified_core,rank0_length1,0.7044967412948608,0.004044706933200359,0.003964039497077465,0.002567573683336377,17.876826535211876,10.224837064743042,M-T,303,0,0.5924447912257165,lyriclens-evaluation-v1,71a40996c1021c62d12dc004cbafa3f1c5560162,d272696293bc75d5a82cca2e624800456f734f57382cd9472b5974993ef860cc
song_9d821af9a1e2446b36ca98875f174e35acda58d417c5ae54ee1782d1b5ca2245,Bless You,Martha Reeves & The Vandellas,1970s,1971-10-16,53,2,244,97d324e6e43657d5ffda2f01753c708bb2d8ade01eae94d3ab9d0b58d0e50df6,stratified_core,rank1_length1,0.962092399597168,0.04393957555294037,0.002603758592158556,0.9367891550064087,48.63562221871689,44.94407773017883,M-AO,274,0,0.5887734580319375,lyriclens-evaluation-v1,71a40996c1021c62d12dc004cbafa3f1c5560162,d272696293bc75d5a82cca2e624800456f734f57382cd9472b5974993ef860cc
song_546ed553b9ad74026dc908d24d608c1b1e265d99490a9ca6b420a65bdf3a3eca,It Hurts So Bad,Kim Carnes,1970s,1979-02-24,56,1,243,9398db50fdef9f906b8bba7f4637a285d5f1444de0228dfdcf5a7d9caa87dec3,stratified_core,rank1_length1,0.7269721627235413,0.0012580803595483303,0.10007426142692566,0.0013285998720675707,20.74082760955207,11.348608136177063,M-T,270,0,0.588831250090152,lyriclens-evaluation-v1,71a40996c1021c62d12dc004cbafa3f1c5560162,d272696293bc75d5a82cca2e624800456f734f57382cd9472b5974993ef860cc
song_0ae5f6cefc72dd648e4af242ede9fc3a429075b6a2fa40106e6966410ea88dc5,Super Freak (Part I),Rick James,1980s,1981-08-08,16,5,320,3310e1410814685aa1b4a016b1f959501a635777698f4cc64047642382e20561,expected_content,sentinel,0.9973880648612976,0.030352158471941948,0.13568449020385742,0.9966260194778442,54.00126832537353,49.70070421695709,M-AO,350,0,0.5973740830086172,lyriclens-evaluation-v1,71a40996c1021c62d12dc004cbafa3f1c5560162,d272696293bc75d5a82cca2e624800456f734f57382cd9472b5974993ef860cc
song_b10199f4fcf60c75729c81ed97259c8e6aa9673cdcb93acdc6f4171e7cf8d945,What A Wonderful World,Louis Armstrong,1980s,1988-02-20,32,3,123,e728af2ca76a971563b9d859c6f7bb450627bad781cf460efe15745dbe20fea7,expected_mild,sentinel,0.009896484203636646,0.00761577719822526,0.002617967315018177,0.004784799180924892,0.6228756974451244,0.0,M-E,129,0,0.5865640831179917,lyriclens-evaluation-v1,71a40996c1021c62d12dc004cbafa3f1c5560162,d272696293bc75d5a82cca2e624800456f734f57382cd9472b5974993ef860cc
song_a84a10eb92bed9d061cf1c2808e9ed888d108308663802e0618fbb34a235137c,Nothing Ever Goes As Planned,Styx,1980s,1981-07-11,54,2,304,ff606ef35f1d229632789e458aee4c7d16547a40ee39858937cd010e4b6a1f9a,stratified_core,rank1_length1,0.04319731518626213,0.005931940861046314,0.9957844614982605,0.006859644316136837,26.294334046542645,24.789223074913025,M-AO,339,0,0.5924238751176745,lyriclens-evaluation-v1,71a40996c1021c62d12dc004cbafa3f1c5560162,d272696293bc75d5a82cca2e624800456f734f57382cd9472b5974993ef860cc
song_e850a0ebd5865cbcde0d7358f03fb5b1793e1d046b07f23d6f6f42c012be6355,Cry Just A Little,Paul Davis,1980s,1980-07-19,78,1,260,1550b4edd6c865de6f3a8277f6ad5dc3f8d936cb074ba5f76f7c9a424fe8f5b1,stratified_core,rank1_length1,0.05893915891647339,0.38186323642730713,0.0026977628003805876,0.0009665466495789587,11.111667619843502,0.0,M-E,278,0,0.5950980000197887,lyriclens-evaluation-v1,71a40996c1021c62d12dc004cbafa3f1c5560162,d272696293bc75d5a82cca2e624800456f734f57382cd9472b5974993ef860cc
song_85e6b8fd6d29f033e4eb7cb7429a786911bc55d88ba57c397123fb7cb5ff9c89,What You Do To Me,Carl Wilson,1980s,1983-05-14,72,2,193,74391f6fc75c3b0b2e6de9b827d8167d1c7b3436d4e00d48f2e8fba97d529974,stratified_core,rank1_length0,0.9931382536888123,0.010900039225816727,0.008024722337722778,0.00257841101847589,25.36603565677069,24.656912684440613,M-AO,203,0,0.6000526251737028,lyriclens-evaluation-v1,71a40996c1021c62d12dc004cbafa3f1c5560162,d272696293bc75d5a82cca2e624800456f734f57382cd9472b5974993ef860cc
song_4db06392bfcf969f7324a5b9dc24bde01061fbef474f64154ea5b116a503c454,Teacher Teacher,38 Special,1980s,1984-09-29,25,3,267,5b7acfdb26019dc618895141d31a3d193c4eab8275f8ab84990aafe10025766c,stratified_core,rank0_length1,0.005184653680771589,0.004737477283924818,0.26486143469810486,0.0037673336919397116,6.963772483868524,0.0,M-E,283,0,0.5996545420493931,lyriclens-evaluation-v1,71a40996c1021c62d12dc004cbafa3f1c5560162,d272696293bc75d5a82cca2e624800456f734f57382cd9472b5974993ef860cc
song_998bc37c190dff49fde971e79accf4badc8b6cfaf976b48a0ee35395bfbd062d,Hot Fun In The Summertime,Dayton,1980s,1982-07-24,58,1,349,e6b51130e8f2916ecc678063f1636030ff340dfcb6bd02955f28adffa45029ee,stratified_core,rank1_length2,0.24308639764785767,0.0028946991078555584,0.0011998198460787535,0.011808957904577255,6.474746862659231,0.0,M-E,387,0,0.629163249861449,lyriclens-evaluation-v1,71a40996c1021c62d12dc004cbafa3f1c5560162,d272696293bc75d5a82cca2e624800456f734f57382cd9472b5974993ef860cc
song_dd485d25877ca1180d8dfe3c9fd36a556c930b5c2f8cf45973c034db9ddaf484,Leave A Light On,Belinda Carlisle,1980s,1989-09-30,11,4,370,44a31895c5882a530e97940a2f8cd853412fd30e2b977f7c30ca64dcee02c6a5,stratified_core,rank0_length2,0.13596539199352264,0.007357532624155283,0.001178474398329854,0.0022106238175183535,3.6678005708381534,0.0,M-E,384,0,0.6202011657878757,lyriclens-evaluation-v1,71a40996c1021c62d12dc004cbafa3f1c5560162,d272696293bc75d5a82cca2e624800456f734f57382cd9472b5974993ef860cc
song_97cfc67489dd849a26253fcdefcaff63ecc2b80e39a5a4b394c09a496e723f59,You Better You Bet,The Who,1980s,1981-03-21,18,4,544,aba667bab7bddcfb779f882997eb7e9f6378c7babd8919ebcfbf7022eabe6e53,stratified_core,rank0_length2,0.9942104816436768,0.9975057244300842,0.7929422855377197,0.9952747821807861,94.49833184480667,88.99666368961334,M-AO,561,0,0.6345595840830356,lyriclens-evaluation-v1,71a40996c1021c62d12dc004cbafa3f1c5560162,d272696293bc75d5a82cca2e624800456f734f57382cd9472b5974993ef860cc
song_e0a36a17d8a781eb85e23d922f0348860628a7b53cfa659379924565775bb4b5,What's The Matter Here?,"10,000 Maniacs",1980s,1988-09-03,80,2,332,f5ac341ab7e369a0a144ae7c07f6059edd83fc6fbcb5ca04a698421dd613abec,stratified_core,rank1_length2,0.979600727558136,0.9941689968109131,0.9431018233299255,0.002858219901099801,72.99324419000186,70.84357738494873,M-AO,356,0,0.5951135419309139,lyriclens-evaluation-v1,71a40996c1021c62d12dc004cbafa3f1c5560162,d272696293bc75d5a82cca2e624800456f734f57382cd9472b5974993ef860cc
song_1412311414a73f8a8432337045a7f785b4dab467abd618d008b2ae0948df2b24,The Voice,The Moody Blues,1980s,1981-08-08,15,4,340,c3e9036e09adee353d2fb23239719248a5f4c21960e04cae22e272ef77120a87,stratified_core,rank0_length2,0.009760149754583836,0.004467803053557873,0.007540689781308174,0.0028232168406248093,0.6147964857518673,0.0,M-E,366,0,0.5863126250915229,lyriclens-evaluation-v1,71a40996c1021c62d12dc004cbafa3f1c5560162,d272696293bc75d5a82cca2e624800456f734f57382cd9472b5974993ef860cc
song_120331d2247754424d30484b3670c2d5c1ce827e7072814177b00993de5c5d32,Sunshine In The Shade,The Fixx,1980s,1984-11-17,69,2,133,f945a430a894028fda2ebbe7467094a60bdc688b4cdd58844ebf4c6ab7df8e83,stratified_core,rank1_length0,0.002279534237459302,0.009002335369586945,0.007268315181136131,0.011329008266329765,0.7469798263628036,0.0,M-E,140,0,0.5830903330352157,lyriclens-evaluation-v1,71a40996c1021c62d12dc004cbafa3f1c5560162,d272696293bc75d5a82cca2e624800456f734f57382cd9472b5974993ef860cc
song_78c324bb1753edee02a96e81fa7c91ef1a4f1af07ad7ab4255aea291c7478be7,All My Life,Kenny Rogers,1980s,1983-04-30,37,2,197,2f9298cc68f3d392d1c6a354ab91ced7c5c6aca30507851e3a4973ee65b66cea,stratified_core,rank1_length0,0.9374442100524902,0.004727482795715332,0.0021000588312745094,0.0027991561219096184,23.676772695034742,21.87221050262451,M-R,211,0,0.587296332931146,lyriclens-evaluation-v1,71a40996c1021c62d12dc004cbafa3f1c5560162,d272696293bc75d5a82cca2e624800456f734f57382cd9472b5974993ef860cc
song_f808ae4b4563a70d26400ffefa5cf76248b7c2025e1b427ec117cf0e0aee87de,Magic Power,Triumph,1980s,1981-10-03,51,2,357,162aa0fd04e69ac9b264d945c4b5fc067d17769fdb2a487bffc7cde87c75765b,stratified_core,rank1_length2,0.996245801448822,0.004742637742310762,0.012238612398505211,0.00888052023947239,25.55268929572776,24.8122900724411,M-AO,399,0,0.6036180001683533,lyriclens-evaluation-v1,71a40996c1021c62d12dc004cbafa3f1c5560162,d272696293bc75d5a82cca2e624800456f734f57382cd9472b5974993ef860cc
song_4881f8befad3c29b4557c7e7b5c098ce567212185b88f68f63c0717cfc803994,Man In The Mirror,Michael Jackson,1980s,1988-02-06,1,4,544,94cd605226c99db1089209666ce0516e29d85760e83f21a160364b8032a0b1dc,stratified_core,rank0_length2,0.001924952957779169,0.003681028028950095,0.024933679029345512,0.8646829724311829,22.38056581118144,18.234148621559143,M-R,587,0,0.6302748748566955,lyriclens-evaluation-v1,71a40996c1021c62d12dc004cbafa3f1c5560162,d272696293bc75d5a82cca2e624800456f734f57382cd9472b5974993ef860cc
song_ce55a9b58d73f0eaccd32f2d0b15687e9ff76c2ac47b5977a2c0507e07f966cc,He's A Liar,Bee Gees,1980s,1981-09-26,30,2,287,d1df3456db7ff04ef49c3e37a4a145cc8dfeb1a69317bdfc2a25aba20a8c74a9,stratified_core,rank1_length1,0.023937424644827843,0.9905704259872437,0.0019396288553252816,0.4463725984096527,36.57050194742624,24.528521299362183,M-AO,317,0,0.617545000044629,lyriclens-evaluation-v1,71a40996c1021c62d12dc004cbafa3f1c5560162,d272696293bc75d5a82cca2e624800456f734f57382cd9472b5974993ef860cc
song_afd6a3e1bb701e4109e7db538528052981f38587e8a519600ab7591d040fd1d1,Just Got Lucky,Joboxers,1980s,1983-09-10,36,4,461,4096d1c07903f55868bdf7d8db1ad892df7c25b96c500c18e1e0af435517a1cd,stratified_core,rank1_length2,0.9211081266403198,0.0022586884442716837,0.0049600559286773205,0.0021992779802531004,23.263153724838048,21.05540633201599,M-R,476,0,0.6570022499654442,lyriclens-evaluation-v1,71a40996c1021c62d12dc004cbafa3f1c5560162,d272696293bc75d5a82cca2e624800456f734f57382cd9472b5974993ef860cc
song_3a96b875068a9d12032c2372e69e8054ed77f3ae4351d6222ca3dbd78800372c,Fading Away,Will To Power,1980s,1989-02-04,65,2,213,19524f31f0e95e96ff0717a68dd9e90ea1074cb8c1735a1ecfdb30ce6cc6e1a9,stratified_core,rank1_length0,0.9838030338287354,0.007189508527517319,0.0027277895715087652,0.004282643087208271,24.950074375374243,24.190151691436768,M-AO,228,0,0.6105609580408782,lyriclens-evaluation-v1,71a40996c1021c62d12dc004cbafa3f1c5560162,d272696293bc75d5a82cca2e624800456f734f57382cd9472b5974993ef860cc
song_063fd071844935e8fd4f1395eeee736a147d3f13acd2103cd7ddd076c93ada6a,It's Only Love,Simply Red,1980s,1989-02-25,57,2,244,fe9113b89c7f45c684ee1bf60fe54f0a9eab5ef7c9cd75174bd349e2ba825db1,stratified_core,rank1_length1,0.9949954748153687,0.005135972052812576,0.03995446860790253,0.0028012145776301622,26.072178251342848,24.749773740768433,M-AO,298,0,0.6218440420925617,lyriclens-evaluation-v1,71a40996c1021c62d12dc004cbafa3f1c5560162,d272696293bc75d5a82cca2e624800456f734f57382cd9472b5974993ef860cc
song_e162690ceb18a23db578427f419ce7ba989a0b27499e2b403a37fe3ad800b82c,Who's That Girl,Eurythmics,1980s,1984-05-05,21,3,194,452ca70787376afcb53dd4a72e7b8ecbc25dfac1e58547d4d16e5e4e7e708211,stratified_core,rank0_length0,0.022892555221915245,0.0020753468852490187,0.02467094175517559,0.0015642346115782857,1.2800769618479535,0.0,M-E,201,0,0.6014997919555753,lyriclens-evaluation-v1,71a40996c1021c62d12dc004cbafa3f1c5560162,d272696293bc75d5a82cca2e624800456f734f57382cd9472b5974993ef860cc
song_e1a7f29430e196c1d83a8f58a4a17f41d5c2fadde8c3cf34dee5280016e53eda,State Of the Heart,Rick Springfield,1980s,1985-06-08,22,4,249,6acfe31e48297ff2c767eb4afb5623166de0ac96a5c7c4fa83c5ef53ed1bda21,stratified_core,rank0_length1,0.008839840069413185,0.0023806262761354446,0.0031045821961015463,0.025209208950400352,0.9883564373012632,0.0,M-E,273,0,0.5908797921147197,lyriclens-evaluation-v1,71a40996c1021c62d12dc004cbafa3f1c5560162,d272696293bc75d5a82cca2e624800456f734f57382cd9472b5974993ef860cc
song_8c9359eb2bcab6780ed3a7cdca143da09375324d2952065a07d7adb88bf11161,Foolish Heart,Steve Perry,1980s,1984-11-24,18,4,174,ab956efd346e8066610ccb4d9914b6578d8bf3b173e177655f925c6a54ad8690,stratified_core,rank0_length0,0.005034341011196375,0.007988020777702332,0.005475311074405909,0.004518037661910057,0.5753927631303668,0.0,M-E,190,0,0.5928013331722468,lyriclens-evaluation-v1,71a40996c1021c62d12dc004cbafa3f1c5560162,d272696293bc75d5a82cca2e624800456f734f57382cd9472b5974993ef860cc
song_c43007be651fa0550c65f2144da21b53f1782e23930c836fda226c0c04eec799,Somebody,Bryan Adams,1980s,1985-02-02,11,4,216,61d9dd6f78420df505df853530a02793952fd2b9552cebafcf5aef24b633e771,stratified_core,rank0_length0,0.0018512398237362504,0.012790537439286709,0.01146100927144289,0.007165026850998402,0.8316953346366063,0.0,M-E,230,0,0.5958077909890562,lyriclens-evaluation-v1,71a40996c1021c62d12dc004cbafa3f1c5560162,d272696293bc75d5a82cca2e624800456f734f57382cd9472b5974993ef860cc
song_dde6cccf06049e639f7a816a60982f1646926c7007a974ecfcd938c2dbf1c191,Maniac,Michael Sembello,1980s,1983-06-04,1,5,277,dfcc53f438e29b462ef13ef1a805ad403fce0600bd2126d65288b1d743027d0c,stratified_core,rank0_length1,0.021718814969062805,0.9976746439933777,0.009713639505207539,0.0051387702114880085,25.8561467169784,24.883732199668884,M-AO,304,0,0.5971777499653399,lyriclens-evaluation-v1,71a40996c1021c62d12dc004cbafa3f1c5560162,d272696293bc75d5a82cca2e624800456f734f57382cd9472b5974993ef860cc
song_48c9a31f32d37489d6e49c8e3c9c2b203b5393562fbdbb3ce735de99f9c08e9e,Seven Bridges Road,Eagles,1980s,1980-12-20,21,4,105,52fbd43eb3bfb03a39083bfb08add19b7d8c650a5a586ca28572a17b511de240,stratified_core,rank0_length0,0.3052104413509369,0.0023736886214464903,0.002260863548144698,0.0018238002667203546,7.791719844681211,0.0,M-E,113,0,0.5838239160366356,lyriclens-evaluation-v1,71a40996c1021c62d12dc004cbafa3f1c5560162,d272696293bc75d5a82cca2e624800456f734f57382cd9472b5974993ef860cc
song_05be1f29e67911d8e269dbbba495ee25b92120a0aba32db094923f7adf2183b7,Are We Ourselves?,The Fixx,1980s,1984-08-18,15,4,135,5f676f570f4e80fc37b6829f69be6719808857161a27368334d1569f38fc5bf4,stratified_core,rank0_length0,0.0026399297639727592,0.0052664997056126595,0.0055099246092140675,0.027904991060495377,1.0330336284823716,0.0,M-E,141,0,0.6050019999966025,lyriclens-evaluation-v1,71a40996c1021c62d12dc004cbafa3f1c5560162,d272696293bc75d5a82cca2e624800456f734f57382cd9472b5974993ef860cc
song_56bdd8217899c9e589dcd9c9815cd8a10cefaf5d231d74e390d1dde403f23b9e,Straight From The Heart,Bryan Adams,1980s,1983-03-12,10,5,232,26a2e19f699a808ed931c421693dbcafdc37085de49dacb827af3f005899c698,stratified_core,rank0_length1,0.015807460993528366,0.001765638473443687,0.008852709084749222,0.004732138477265835,0.7789486757246777,0.0,M-E,257,0,0.6101813330315053,lyriclens-evaluation-v1,71a40996c1021c62d12dc004cbafa3f1c5560162,d272696293bc75d5a82cca2e624800456f734f57382cd9472b5974993ef860cc
song_e860962415e52ac4be856ff3fa67796897ffd7bed74fc6959aa53ced2839c9e0,Flashdance...What A Feeling,Irene Cara,1980s,1983-04-02,1,6,245,1a9a4b93dfeb310e9537823ae838ff8d4f4e9305d9049fcd6029d7754748e231,stratified_core,rank0_length1,0.046019718050956726,0.010327884927392006,0.0007651577470824122,0.007610272616147995,1.6180758335394785,0.0,M-E,249,0,0.611144833965227,lyriclens-evaluation-v1,71a40996c1021c62d12dc004cbafa3f1c5560162,d272696293bc75d5a82cca2e624800456f734f57382cd9472b5974993ef860cc
song_179feb8a79929d69156bfaf7c8ed48a7d01d17db6762f40e1d540507cc4f76e6,Gin And Juice,Snoop Doggy Dogg,1990s,1994-01-29,8,5,611,91de81a8c96dfb3a9f7e59c48337c7869766e31704c97c08960861fd4ca830a9,expected_content,sentinel,0.9856747984886169,0.05327451601624489,0.9964368343353271,0.9980491399765015,75.83588222041726,74.00803864002228,M-AO,724,0,0.8321651250589639,lyriclens-evaluation-v1,71a40996c1021c62d12dc004cbafa3f1c5560162,d272696293bc75d5a82cca2e624800456f734f57382cd9472b5974993ef860cc
song_a9824e4acd085fbd53e561a95b0a44b852833928c774ab7affba998ddfec95a6,Closer,Nine Inch Nails,1990s,1994-06-11,41,6,191,7358e388ec50d62a98dff15f2987b7f389927888d53b9bf7e4906549542b36d0,expected_content,sentinel,0.9992576241493225,0.0336122028529644,0.9823169112205505,0.04951094090938568,51.61744197830558,49.07872676849365,M-AO,209,0,0.6087895839009434,lyriclens-evaluation-v1,71a40996c1021c62d12dc004cbafa3f1c5560162,d272696293bc75d5a82cca2e624800456f734f57382cd9472b5974993ef860cc
song_8dc915eed4c70e3c837e01cd5e20204612237664f511b3bef8fbde1bbd51f7d9,Wiggle It,2 In A Room,1990s,1990-10-06,15,5,505,65c9dffb0d36140aec24016299e3e0a7def5f523feb0653f39e807b807820ea8,stratified_core,rank0_length2,0.9984478950500488,0.018211903050541878,0.42990240454673767,0.9937177896499634,61.006999807432294,49.60828423500061,M-AO,588,0,0.6207560829352587,lyriclens-evaluation-v1,71a40996c1021c62d12dc004cbafa3f1c5560162,d272696293bc75d5a82cca2e624800456f734f57382cd9472b5974993ef860cc
song_fcee43b920ec51e027d82e5ebc7bf690e03815c44a91d5aaaa74f62fb232fd79,Macarena,Los Del Rio,1990s,1996-07-06,23,5,544,fd30e27cd6b03f3ecc6612c75779cb3d2557980893c704cac146fd2198390a4a,stratified_core,rank0_length2,0.31479206681251526,0.0022697385866194963,0.10630765557289124,0.041399288922548294,11.619218747364357,0.0,M-E,1027,1,0.6164872080553323,lyriclens-evaluation-v1,71a40996c1021c62d12dc004cbafa3f1c5560162,d272696293bc75d5a82cca2e624800456f734f57382cd9472b5974993ef860cc
song_e5a9b37663cfbdb5ae172e52dd414002d0cd701bc5969a41cb382007b35a9092,Money Ain't A Thang,JD Featuring Jay-Z,1990s,1998-07-04,52,5,946,b0e1d82b974c4e7db52113930dfc0c8257d0b6153980baff5f54d92317b0167f,stratified_core,rank1_length2,0.9835675954818726,0.9970006346702576,0.9985068440437317,0.9706376791000366,98.74281883239746,97.48563766479492,M-AO,1071,1,0.6281385410111398,lyriclens-evaluation-v1,71a40996c1021c62d12dc004cbafa3f1c5560162,d272696293bc75d5a82cca2e624800456f734f57382cd9472b5974993ef860cc
song_ddd4c1911d61ba872c932e1ebf7bab492d51ca29e94feea236ab5efa08127983,I Miss You,Joe Public,1990s,1992-07-04,55,3,167,f060bb8cfbf9898dacf180043c1a9c73db68ad03773eb70ae15ffdf9883492ad,stratified_core,rank1_length0,0.9980813264846802,0.02033899910748005,0.006788845174014568,0.014733776450157166,25.9985736804083,24.90406632423401,M-AO,181,0,0.589358292054385,lyriclens-evaluation-v1,71a40996c1021c62d12dc004cbafa3f1c5560162,d272696293bc75d5a82cca2e624800456f734f57382cd9472b5974993ef860cc
song_982e85e0772bde84905c4e66075cab71738b9c33711f12180e2c9ebc6a30e58e,Love Me Good,Michael W. Smith,1990s,1998-04-25,61,2,464,c741b6bb93c8833631da7b1881fe696c8a08b08e57bfa36e287141cd97e74e89,stratified_core,rank1_length2,0.25052326917648315,0.9908521771430969,0.0018483063904568553,0.006001843139529228,31.230639896239154,24.542608857154846,M-AO,481,0,0.6070255001541227,lyriclens-evaluation-v1,71a40996c1021c62d12dc004cbafa3f1c5560162,d272696293bc75d5a82cca2e624800456f734f57382cd9472b5974993ef860cc
song_a6cc3d1c997f8e07adade9fd28c157e4d03f4f8f4987adaac8a306b72b6f13a6,Let's Get The Mood Right,Johnny Gill,1990s,1996-09-21,53,4,258,2e1a0cdf870cfd21b467587a6983ef260320cda0cd2c0e9a3e4e65119bda72c4,stratified_core,rank1_length0,0.9988493919372559,0.006292937323451042,0.07094671577215195,0.0194352176040411,27.3881065659225,24.942469596862793,M-AO,291,0,0.6443012079689652,lyriclens-evaluation-v1,71a40996c1021c62d12dc004cbafa3f1c5560162,d272696293bc75d5a82cca2e624800456f734f57382cd9472b5974993ef860cc
song_3be80d6898e6d7126085bef1a2e577252c3acb8d6fb29059cd60aa374c032093,Flava In Ya Ear,Craig Mack,1990s,1994-08-13,9,6,596,b58577a84a6d3c8ca87d5d624ee4fe7dc17460b9d63fd368addbe07a7e7fc203,stratified_core,rank0_length2,0.21070079505443573,0.990778923034668,0.9996194839477539,0.8851210474967957,77.15550623834133,68.77597272396088,M-AO,695,0,0.6237959170248359,lyriclens-evaluation-v1,71a40996c1021c62d12dc004cbafa3f1c5560162,d272696293bc75d5a82cca2e624800456f734f57382cd9472b5974993ef860cc
song_59b578620c6f147ffde7e2fc69ee9a4809e9a70977488526ad587f45fee9ae3c,It's Your Body,Johnny Gill Featuring Roger Troutman,1990s,1996-12-14,43,5,547,1c9e200d0c2541e800905a8908921c3f77e632a00f26db2a89294ea3389ad70d,stratified_core,rank1_length2,0.9971727132797241,0.0077136666513979435,0.02468368597328663,0.0045445626601576805,25.85286571411416,24.858635663986206,M-AO,619,0,0.639178458834067,lyriclens-evaluation-v1,71a40996c1021c62d12dc004cbafa3f1c5560162,d272696293bc75d5a82cca2e624800456f734f57382cd9472b5974993ef860cc
song_4cc7506f1e8d8210be05ab31ae91bd610554d866b02bf85d1040cd114b42b273,Never A Time,Genesis,1990s,1992-11-07,21,5,207,d36ca61a7d48378819d322639e6131ba77ae0f6e031ba61562c95a7bb9640d0c,stratified_core,rank0_length0,0.004803181625902653,0.0031601726077497005,0.013341464102268219,0.007138718850910664,0.7110884296707809,0.0,M-E,222,0,0.6064027501270175,lyriclens-evaluation-v1,71a40996c1021c62d12dc004cbafa3f1c5560162,d272696293bc75d5a82cca2e624800456f734f57382cd9472b5974993ef860cc
song_a22606f73b2eb26912bcd4c63b31ac5c72f573b98d06a74097ac6988b8a4761a,God Must Have Spent A Little More Time On You,Alabama Featuring 'N Sync,1990s,1999-05-29,29,4,295,71be88344ade240a4fdc3028ae667a26144994cfa3b944161876d4db0a475fd3,stratified_core,rank0_length1,0.9037269949913025,0.004566848743706942,0.0013225411530584097,0.0042229448445141315,22.84598324331455,20.186349749565125,M-R,307,0,0.5982350420672446,lyriclens-evaluation-v1,71a40996c1021c62d12dc004cbafa3f1c5560162,d272696293bc75d5a82cca2e624800456f734f57382cd9472b5974993ef860cc
song_be18506dff183b6a8ee7e34e0063fde1d8f047a431bce1ad15210cd247070d71,No Scrubs,TLC,1990s,1999-02-20,1,7,586,4fbbe99b5fad58cc08f65a272f03ee53ea321adc274ab546e3f5fed321e06a4e,stratified_core,rank0_length2,0.9276513457298279,0.0014143086737021804,0.15365906059741974,0.00231275730766356,27.125936807715334,21.382567286491394,M-R,654,0,0.623019291087985,lyriclens-evaluation-v1,71a40996c1021c62d12dc004cbafa3f1c5560162,d272696293bc75d5a82cca2e624800456f734f57382cd9472b5974993ef860cc
song_431842b1312020e5d414f0de65e5c9ec072969ac8df182145eb4f25f39e9a5d3,If I Ever Fall In Love,Shai,1990s,1992-10-17,2,7,296,e4468202ca6130c0bc322d6de2293247f257d7a08b84b9ac3de9132daf56ff47,stratified_core,rank0_length1,0.982672929763794,0.004757922142744064,0.003885838435962796,0.003523698076605797,24.871009710477665,24.133646488189697,M-AO,304,0,0.5968980831094086,lyriclens-evaluation-v1,71a40996c1021c62d12dc004cbafa3f1c5560162,d272696293bc75d5a82cca2e624800456f734f57382cd9472b5974993ef860cc
song_a774cd098b6d541712b9c125d8283d2050e37bbd30ccb15a2f46def348e4cd32,Mmm Mmm Mmm Mmm,Crash Test Dummies,1990s,1994-01-29,4,6,208,4316181b1d7967eb4750ec778c6111a095eec8f3522f51902e26dd093ff386d1,stratified_core,rank0_length0,0.11587005108594894,0.619981050491333,0.002263137372210622,0.001057934365235269,18.479304332868196,5.99905252456665,M-P,272,0,0.59177012485452,lyriclens-evaluation-v1,71a40996c1021c62d12dc004cbafa3f1c5560162,d272696293bc75d5a82cca2e624800456f734f57382cd9472b5974993ef860cc
song_bc36f76c0600a69cd4e5b99246c99c1d53f92053556b363163a3317600484a6a,Love For Love,Robin S.,1990s,1993-08-21,53,5,338,24d2b1adbe6d78329e83ef6faef6f282650be1be197119fc4948dea87e77cd22,stratified_core,rank1_length1,0.9841945171356201,0.003502081846818328,0.5267666578292847,0.0014577910769730806,37.898026197217405,25.54805874824524,M-AO,389,0,0.6016359580680728,lyriclens-evaluation-v1,71a40996c1021c62d12dc004cbafa3f1c5560162,d272696293bc75d5a82cca2e624800456f734f57382cd9472b5974993ef860cc
song_668b336197fa733f28d2114cb0d4483a98714bc5a9eccdd49869518404fafff0,Till Somebody Loves You,Henry Lee Summer,1990s,1991-08-10,51,3,230,7a4ce57a61053412580d2ecd67ffdf825e8b4fb67c5cea8d2a6d25031daf6d9a,stratified_core,rank1_length0,0.9953603148460388,0.005273283459246159,0.03090703673660755,0.0032218778505921364,25.869062822312117,24.76801574230194,M-AO,246,0,0.5954350419342518,lyriclens-evaluation-v1,71a40996c1021c62d12dc004cbafa3f1c5560162,d272696293bc75d5a82cca2e624800456f734f57382cd9472b5974993ef860cc
song_a5ffceb48df141a6ead277d91c687b6b6f87f4e4a27eaca6b77af8deac820a52,Lucky Love,Ace Of Base,1990s,1996-02-24,30,5,245,2740d098d210ac5fea54a7260629d3c1ba0b0d0fc1d1adec66910b88f35e49f8,stratified_core,rank0_length0,0.01382358092814684,0.0031784307211637497,0.002830341923981905,0.009687346406280994,0.7379924994893372,0.0,M-E,258,0,0.6029134169220924,lyriclens-evaluation-v1,71a40996c1021c62d12dc004cbafa3f1c5560162,d272696293bc75d5a82cca2e624800456f734f57382cd9472b5974993ef860cc
song_828a2fabc32543ca52c9c7d0e53a3f25f6182b996df6b3fcb860b8c631774b4c,Feels So Good,Xscape,1990s,1995-06-24,32,4,381,7fa24083cf5458524659a61a207327cb7cf66d84f6ad333830e803d010eba06a,stratified_core,rank0_length1,0.9854281544685364,0.0032091590110212564,0.019177554175257683,0.002223399467766285,25.25095667806454,24.27140772342682,M-AO,399,0,0.6164033329114318,lyriclens-evaluation-v1,71a40996c1021c62d12dc004cbafa3f1c5560162,d272696293bc75d5a82cca2e624800456f734f57382cd9472b5974993ef860cc
song_73fbb9f604cb292bdaf3f319390e188d21615475a6a3d28edf6ac1e542bb9ab8,Human Nature,Madonna,1990s,1995-06-24,46,4,521,846c27ada5a5e772d75a8325d2f63a63ee1b7bb675451599a68496f57695e96a,stratified_core,rank1_length2,0.9756882786750793,0.02497812919318676,0.9980977177619934,0.00516203697770834,50.098154065199196,48.68929982185364,M-AO,634,0,0.6271359999664128,lyriclens-evaluation-v1,71a40996c1021c62d12dc004cbafa3f1c5560162,d272696293bc75d5a82cca2e624800456f734f57382cd9472b5974993ef860cc
song_e319997d3f69b195d329284eff16e1d5872564140a461c7a55a80ac6bddbc9cc,Do I Have To Say The Words?,Bryan Adams,1990s,1992-08-01,11,5,278,301fbf834772eaf6cb76a454093446522108faef542df7765454831e60af04d7,stratified_core,rank0_length1,0.4729609191417694,0.006204881239682436,0.004579151514917612,0.0007179024978540838,12.111571359855589,0.0,M-E,293,0,0.6067240408156067,lyriclens-evaluation-v1,71a40996c1021c62d12dc004cbafa3f1c5560162,d272696293bc75d5a82cca2e624800456f734f57382cd9472b5974993ef860cc
song_7ca9c9ba50368ace4ab1ebc78a7987f6aec3f2ebfc55805c5aa8c879175e0b2a,I Live My Life For You,Firehouse,1990s,1995-02-25,26,5,251,5f877006745ae5ae552b997af50020326f6480745e9a510af809ca545bc80984,stratified_core,rank0_length0,0.06860651820898056,0.00782586820423603,0.0017779801273718476,0.0018671099096536636,2.0019369112560526,0.0,M-E,261,0,0.6132059579249471,lyriclens-evaluation-v1,71a40996c1021c62d12dc004cbafa3f1c5560162,d272696293bc75d5a82cca2e624800456f734f57382cd9472b5974993ef860cc
song_316a0b9ba7277c09179f346f5f806cf819a8fc0641ac5d42b6558a4c972dc6aa,Little Bird,Annie Lennox,1990s,1993-01-23,49,3,319,23eedc49777f9e3075879a19c3bbed4f9a91be8a4933f3bc606ac2f5217248ef,stratified_core,rank1_length1,0.0014629121869802475,0.07490777969360352,0.0058104488998651505,0.005736705381423235,2.1979461540468037,0.0,M-E,316,0,0.6184073330368847,lyriclens-evaluation-v1,71a40996c1021c62d12dc004cbafa3f1c5560162,d272696293bc75d5a82cca2e624800456f734f57382cd9472b5974993ef860cc
song_e12f73c01a9b74f42d83be6090427aacf2b73668f80c0ff93c72f9ce5a7a0f79,It's So Hard To Say Goodbye To Yesterday,Boyz II Men,1990s,1991-09-21,2,6,131,7e68773f828f1c770bae174f0a47b898fae1717a4f11583ba24c41707e143074,stratified_core,rank0_length0,0.003093102714046836,0.005599997937679291,0.006491331849247217,0.015253061428666115,0.7609373482409865,0.0,M-E,144,0,0.5910663749091327,lyriclens-evaluation-v1,71a40996c1021c62d12dc004cbafa3f1c5560162,d272696293bc75d5a82cca2e624800456f734f57382cd9472b5974993ef860cc
song_60e2979073e5573acf270d7fd14a51c86cbc41f3db455270246563c9aa8ece7d,Try To Find Me,Gorky Park,1990s,1990-04-28,81,1,272,dc6c546a68039ca1a149e990301e96d93bf075d1352ba0272b634d4a63275c84,stratified_core,rank1_length1,0.0030263743828982115,0.01606404408812523,0.005964149255305529,0.004655684344470501,0.7427563017699867,0.0,M-E,299,0,0.5943821668624878,lyriclens-evaluation-v1,71a40996c1021c62d12dc004cbafa3f1c5560162,d272696293bc75d5a82cca2e624800456f734f57382cd9472b5974993ef860cc
song_0b640ff50889535179208394488f8a0238ceb517a43c66b5928d1e8be421878e,Easy Come Easy Go,Winger,1990s,1991-02-09,41,3,246,4aeb3cb26e4e238b0469c1c13e9f93e79d143329c07a5f5ea89ec00685124879,stratified_core,rank1_length0,0.006225131917744875,0.002969418652355671,0.03288920968770981,0.0038127764128148556,1.1474134167656302,0.0,M-E,270,0,0.5956483329646289,lyriclens-evaluation-v1,71a40996c1021c62d12dc004cbafa3f1c5560162,d272696293bc75d5a82cca2e624800456f734f57382cd9472b5974993ef860cc
song_7cfaf4be60351ae529bbb4b6a7b493826b52baf2985f565b0e889b3c23ab5e29,The Most Beautiful Girl In The World,Prince,1990s,1994-03-05,3,6,355,38e1376bd07c94c48aecd9afde6a4f5ac5430ade8b0c8a54dcab7d11aa9d82c8,stratified_core,rank0_length1,0.028445005416870117,0.03208194300532341,0.001291643362492323,0.002480963943526149,1.6074888932053,0.0,M-E,357,0,0.5984170841984451,lyriclens-evaluation-v1,71a40996c1021c62d12dc004cbafa3f1c5560162,d272696293bc75d5a82cca2e624800456f734f57382cd9472b5974993ef860cc
song_9a299229172ef4247b522973a28a572e71a62970370c1d7d60113d13f53c10fe,Highwire,The Rolling Stones,1990s,1991-03-09,57,2,334,34b35e5584493469293cf2c71beec6d84307ec645748c7e5512aabadec72a302,stratified_core,rank1_length1,0.018143802881240845,0.999237060546875,0.26151761412620544,0.007248654495924711,32.15367830125615,24.96185302734375,M-AO,356,0,0.6047503750305623,lyriclens-evaluation-v1,71a40996c1021c62d12dc004cbafa3f1c5560162,d272696293bc75d5a82cca2e624800456f734f57382cd9472b5974993ef860cc
song_aa13e5b19bab07dc2e5fc83d007dd90e21decb27057023685ff0ca1d8ba13b42,Smack That,Akon Featuring Eminem,2000s,2006-10-07,2,7,580,195bce8d27cd3879dab10ac995d29211d2cf82eb561e1128eda0f59f59d58dfd,expected_content,sentinel,0.9943236112594604,0.9966617822647095,0.9846767783164978,0.9934816360473633,99.22859519720078,98.45719039440155,M-AO,617,0,0.6211606659926474,lyriclens-evaluation-v1,71a40996c1021c62d12dc004cbafa3f1c5560162,d272696293bc75d5a82cca2e624800456f734f57382cd9472b5974993ef860cc
song_84fb3306a13f9324e94484bea63edeaa1e6248de1587badbb758a41c3fef27e6,Because I Got High,Afroman,2000s,2001-08-18,13,3,614,b99fd7c8fdcdae963fd4b72ddb7490964f4eb965f023fd71acf91aa3319ed5bc,expected_content,sentinel,0.9930768013000488,0.47581905126571655,0.9973924160003662,0.9981903433799744,86.61196529865265,74.43297803401947,M-AO,680,0,0.6531420829705894,lyriclens-evaluation-v1,71a40996c1021c62d12dc004cbafa3f1c5560162,d272696293bc75d5a82cca2e624800456f734f57382cd9472b5974993ef860cc
song_70546899a6e183f6372805a853d775765a7e8a8830aa028622ddbb39c3c6887a,Fix You,Coldplay,2000s,2005-10-01,59,1,176,854c70104acf7e541369ce1f8fa5f7e9b16180fa7bce69fb5dae5a4d03087063,stratified_core,rank1_length0,0.0022048098035156727,0.029758000746369362,0.005982541479170322,0.004820812027901411,1.0691541014239192,0.0,M-E,185,0,0.6106982501223683,lyriclens-evaluation-v1,71a40996c1021c62d12dc004cbafa3f1c5560162,d272696293bc75d5a82cca2e624800456f734f57382cd9472b5974993ef860cc
song_be496be8f147804f19e5da1c133d50508585f40e981a49067a86443a2c7dc9a8,Free Yourself,Fantasia,2000s,2005-04-30,41,5,543,e39e40d3c92d3f292cb27f1029a99ab7a7c604aa6dcc77a0ba59e1d7818a2f58,stratified_core,rank1_length2,0.06488046050071716,0.002205601893365383,0.016072455793619156,0.0014607689809054136,2.115482179215178,0.0,M-E,606,0,0.6260186249855906,lyriclens-evaluation-v1,71a40996c1021c62d12dc004cbafa3f1c5560162,d272696293bc75d5a82cca2e624800456f734f57382cd9472b5974993ef860cc
song_751d25e9b99372f7eda29a930ec0da919ff16f4b64b750d2e0374512195983b1,Touch The Sky,Kanye West Featuring Lupe Fiasco,2000s,2006-02-25,42,2,661,4de28232f83c3c5c018f36a9eec0a7bb407158bae867e696c56de9e4498c7e80,stratified_core,rank1_length2,0.9263061285018921,0.9965006113052368,0.9945549964904785,0.9985647797584534,97.89816290140152,95.79632580280304,M-AO,718,0,0.6315505830571055,lyriclens-evaluation-v1,71a40996c1021c62d12dc004cbafa3f1c5560162,d272696293bc75d5a82cca2e624800456f734f57382cd9472b5974993ef860cc
song_098c94ccca359db8e6a9a7a5e4d678f28906d0b215ea72e613efcb940a06511c,Faint,Linkin Park,2000s,2003-07-26,48,5,353,b976bb66079218f4427c551e44212d74cea29eb09c9b0e12d6aea499d51a35ab,stratified_core,rank1_length1,0.006278812885284424,0.004259700886905193,0.1735343635082245,0.002045904053375125,4.652969533344731,0.0,M-E,401,0,0.6137297090608627,lyriclens-evaluation-v1,71a40996c1021c62d12dc004cbafa3f1c5560162,d272696293bc75d5a82cca2e624800456f734f57382cd9472b5974993ef860cc
song_e6845230ff4465513b07c709ef9606b96c83f7f91b85e8fdec7c2de6a73d283e,One Mic,Nas,2000s,2002-04-20,43,3,813,ebffa7e7ffef069deefa9fbab7640daa9c9752e7ab84efd83f89eef431968c09,stratified_core,rank1_length2,0.9934032559394836,0.9976168870925903,0.9949236512184143,0.9802575707435608,99.15503412485123,98.31006824970245,M-AO,874,0,0.6412402091082186,lyriclens-evaluation-v1,71a40996c1021c62d12dc004cbafa3f1c5560162,d272696293bc75d5a82cca2e624800456f734f57382cd9472b5974993ef860cc
song_0c97bdf048572221cf295545083a45a1572bcc8f0c307a006c0956c93c908099,Over It,Katharine McPhee,2000s,2007-02-17,29,4,361,302f16c08b138c7cc1dfc023e02404a5f6cf1343ef09d6f19ea9bce800018474,stratified_core,rank0_length1,0.27220138907432556,0.005103136412799358,0.01904650591313839,0.0004770357918459922,7.4207016798027325,0.0,M-E,416,0,0.6134092500433326,lyriclens-evaluation-v1,71a40996c1021c62d12dc004cbafa3f1c5560162,d272696293bc75d5a82cca2e624800456f734f57382cd9472b5974993ef860cc
song_beae324dbfbd3d29294643d2f1938b0205c4b9c455a55bd53f5c494c91253adb,Boondocks,Little Big Town,2000s,2005-10-29,46,5,591,7ddeb2702b08dd18b8543a074b8077987e58ea91a33914f50e2d2df3d67813d8,stratified_core,rank1_length2,0.004312332719564438,0.015179365873336792,0.002721993485465646,0.5231844186782837,13.634952768916264,1.1592209339141846,M-E,671,0,0.6165033329743892,lyriclens-evaluation-v1,71a40996c1021c62d12dc004cbafa3f1c5560162,d272696293bc75d5a82cca2e624800456f734f57382cd9472b5974993ef860cc
song_f0e2473fede1564596bf6745d8c08d49d8691d1b0400bea70977b13783733095,I'm Still A Guy,Brad Paisley,2000s,2008-03-29,33,4,350,b56a0c68c87b01003268cfc565f22a392a7e662b792a6235c5c8df3c270f83fa,stratified_core,rank0_length1,0.9966959953308105,0.9969182014465332,0.9278365969657898,0.9915217161178589,97.82431274652481,95.64862549304962,M-AO,386,0,0.6208171248435974,lyriclens-evaluation-v1,71a40996c1021c62d12dc004cbafa3f1c5560162,d272696293bc75d5a82cca2e624800456f734f57382cd9472b5974993ef860cc
song_2a152a848f4917084d006e080ecbb3c882aeafefc1a851978231c794e8f12e5a,Read Your Mind,Avant,2000s,2003-10-04,13,6,485,87d75fbc73517d65e07cff554ecd37683973602a26d9dfb0026c6235f55b7946,stratified_core,rank0_length2,0.9982807636260986,0.006396473851054907,0.055126044899225235,0.00883035734295845,26.71584099298343,24.91403818130493,M-AO,572,0,0.6159901670180261,lyriclens-evaluation-v1,71a40996c1021c62d12dc004cbafa3f1c5560162,d272696293bc75d5a82cca2e624800456f734f57382cd9472b5974993ef860cc
song_30ef708150de2342873ae91612db8d453d9c140ebfc4c161dee823d8c97e9a0c,Be With You,Enrique Iglesias,2000s,2000-04-01,1,5,283,34ff920f2147b0cf4424547793975c9407a504860fe5f5ec7023ce38104700e2,stratified_core,rank0_length0,0.183668851852417,0.009147497825324535,0.002153830137103796,0.0012620497727766633,4.90580573969055,0.0,M-E,336,0,0.6205820420291275,lyriclens-evaluation-v1,71a40996c1021c62d12dc004cbafa3f1c5560162,d272696293bc75d5a82cca2e624800456f734f57382cd9472b5974993ef860cc
song_d49d1d25e207f2554afb89b51e0aa1da3d223127e941457fd797a5d7b01d75de,What I Need To Do,Kenny Chesney,2000s,2000-04-01,56,4,273,7240ff03c3faeae0c70619b8b70a79bb8b9d15504879ed7671bd879bee63eba5,stratified_core,rank1_length0,0.01205427385866642,0.0026687229983508587,0.3515888452529907,0.009605074301362038,9.397922910284251,0.0,M-E,300,0,0.6141997089143842,lyriclens-evaluation-v1,71a40996c1021c62d12dc004cbafa3f1c5560162,d272696293bc75d5a82cca2e624800456f734f57382cd9472b5974993ef860cc
song_e8f0cbf6b127bb0d2d327524f99a3faffc1aa86c24cd4d6f2f351910f8dba31c,Survivor,Destiny's Child,2000s,2001-03-17,2,5,670,560c15b6492a2caa65bce128162ae1d84b3708a741c134d4fea58a02148804db,stratified_core,rank0_length2,0.004007620271295309,0.007841852493584156,0.4172559082508087,0.0029010551515966654,10.800160904182121,0.0,M-E,802,0,0.6586345839314163,lyriclens-evaluation-v1,71a40996c1021c62d12dc004cbafa3f1c5560162,d272696293bc75d5a82cca2e624800456f734f57382cd9472b5974993ef860cc
song_49d0dea7fd546e82089ee720332cf4ab5b94fa2b3087f810f10461310152399a,halfcrazy,Musiq,2000s,2002-03-23,16,7,406,50cb5c7cdf5486ef56299fb65791ddaae4da84bc5380e4b7f38f9554f5535e2c,stratified_core,rank0_length1,0.6234683394432068,0.002610348630696535,0.9966906309127808,0.008259543217718601,40.77572155511007,31.007948517799377,M-AO,435,0,0.6193812920246273,lyriclens-evaluation-v1,71a40996c1021c62d12dc004cbafa3f1c5560162,d272696293bc75d5a82cca2e624800456f734f57382cd9472b5974993ef860cc
song_a7ba1698c332881371ca56c4d18a568ac6781ccade4939e9b958bf3d29384d7a,(Reach Up For The) Sunrise,Duran Duran,2000s,2004-11-06,89,1,282,566d091cb8f38e14ca6b3b78cdd23880640147350c7a09d552ad94bf253594ef,stratified_core,rank1_length0,0.006524838972836733,0.008450872264802456,0.002516684355214238,0.009079192765057087,0.6642897089477628,0.0,M-E,282,0,0.6084860409609973,lyriclens-evaluation-v1,71a40996c1021c62d12dc004cbafa3f1c5560162,d272696293bc75d5a82cca2e624800456f734f57382cd9472b5974993ef860cc
song_5d5af3444c66dfa9b904e41deae67f9dc3da2e8afe113f76d35d7c17893c4021,Liar,Profyle,2000s,2000-09-16,14,5,457,9d40b4d041a784aa65d082a41ede82adb528d72d91f20932464b3b3e87138a3c,stratified_core,rank0_length1,0.8776134252548218,0.5042633414268494,0.8535425066947937,0.0005569396889768541,55.89940532663604,36.77096366882324,M-R,514,0,0.6191695840097964,lyriclens-evaluation-v1,71a40996c1021c62d12dc004cbafa3f1c5560162,d272696293bc75d5a82cca2e624800456f734f57382cd9472b5974993ef860cc
song_f1bddb6c30e8373851eaf182907b098d1766fc67c2fc89c0c55665db81104c46,If I Were A Boy,Beyonce,2000s,2008-10-25,3,4,307,9a3c0ba28629bc1c8ae1c0aa412bed2668ca9089038f855b481fe4053435d9dd,stratified_core,rank0_length1,0.15987959504127502,0.010442720726132393,0.14955347776412964,0.999404788017273,32.98201453872025,24.970239400863647,M-AO,332,0,0.6120689169038087,lyriclens-evaluation-v1,71a40996c1021c62d12dc004cbafa3f1c5560162,d272696293bc75d5a82cca2e624800456f734f57382cd9472b5974993ef860cc
song_a6eab6eaa3a8765b9bc855a359e190d3b1b2ca7572976e67d194886ec9081a52,So Small,Carrie Underwood,2000s,2007-09-01,17,5,270,f7c32b121fe3dff298f0bb44080915ee6336d5cd7179342af31fa033d8de22b6,stratified_core,rank0_length0,0.0060396878980100155,0.003307605627924204,0.0055982270278036594,0.012181371450424194,0.6781723001040518,0.0,M-E,286,0,0.5979318751487881,lyriclens-evaluation-v1,71a40996c1021c62d12dc004cbafa3f1c5560162,d272696293bc75d5a82cca2e624800456f734f57382cd9472b5974993ef860cc
song_16908002829a856192b2e3b24d6c58c39106117ffcc515d050022040305006b9,Overnight Celebrity,Twista,2000s,2004-03-27,6,6,866,fafec8a70cfa786877db3a346949df496f8c17f41958ede6fc08361d199966c5,stratified_core,rank0_length2,0.9967769980430603,0.9987896084785461,0.7278286218643188,0.19504083693027496,72.960901632905,61.169761419296265,M-AO,936,0,0.6353420000523329,lyriclens-evaluation-v1,71a40996c1021c62d12dc004cbafa3f1c5560162,d272696293bc75d5a82cca2e624800456f734f57382cd9472b5974993ef860cc
song_fd806b3821bf03e97e417fa26b068546358a5dc336dc9669759f406326f62c9d,You Can't Take The Honky Tonk Out Of The Girl,Brooks & Dunn,2000s,2003-11-08,39,5,212,fba71acd733a8fd1e5ec7eb31135061041a5b1dc0cc783b5168b1fed34287994,stratified_core,rank1_length0,0.8991605043411255,0.023256488144397736,0.048880718648433685,0.09891118109226227,26.75522230565548,19.958025217056274,M-R,215,0,0.5955608750227839,lyriclens-evaluation-v1,71a40996c1021c62d12dc004cbafa3f1c5560162,d272696293bc75d5a82cca2e624800456f734f57382cd9472b5974993ef860cc
song_89d75c9f3c3a88e6888930caa50d728f6bdfa0b90fe8fa2978b32e8582e20df0,Get The Party Started,P!nk,2000s,2001-10-27,4,6,279,54642e9b27b04fe38f49a8d7ec0abfb1dd684ece536fce5aefd3eb9f035fd7fd,stratified_core,rank0_length0,0.7186875343322754,0.005248434841632843,0.9974760413169861,0.006241516675800085,43.19133817916736,35.808178782463074,M-AO,331,0,0.5984503750223666,lyriclens-evaluation-v1,71a40996c1021c62d12dc004cbafa3f1c5560162,d272696293bc75d5a82cca2e624800456f734f57382cd9472b5974993ef860cc
song_a88716a9c9d7b095702f94b087ee37326a0dc5655ecf93a84a87b71aa1b66a68,Rockstar,Nickelback,2000s,2006-10-14,6,12,584,6090bcdbece03d95ac7b774e8c44d252a3f8945e4072fddda6f52c52294bf524,stratified_core,rank0_length2,0.9954582452774048,0.1185455471277237,0.9963428378105164,0.9971281886100769,77.68687047064304,74.4464635848999,M-AO,664,0,0.6391917918808758,lyriclens-evaluation-v1,71a40996c1021c62d12dc004cbafa3f1c5560162,d272696293bc75d5a82cca2e624800456f734f57382cd9472b5974993ef860cc
song_61a93b5d45b99392acf44f79106a72ee8e87dee118e990895eafdece3a01ebe9,Have A Nice Day,Bon Jovi,2000s,2005-10-08,53,2,341,841d6e6573a1a43336eb7a878f38ebab26e0355d8f61217640e49264b396f608,stratified_core,rank1_length1,0.0008586191106587648,0.24027776718139648,0.1648620218038559,0.006335132289677858,10.308338509639725,0.0,M-E,369,0,0.6094899580348283,lyriclens-evaluation-v1,71a40996c1021c62d12dc004cbafa3f1c5560162,d272696293bc75d5a82cca2e624800456f734f57382cd9472b5974993ef860cc
song_f4185aea5cd17f1abea03ccb1fa6b853bc8cc48352e792e4aa84bd5673669c5e,The Itch,Vitamin C,2000s,2000-12-02,45,2,383,dbea5d09d748938f278db5d33e8815a1576118865cde1b4ff2471938e85e6bab,stratified_core,rank1_length1,0.8129401206970215,0.0029211086221039295,0.008372856304049492,0.0010773357935249805,20.632785535417497,15.647006034851074,M-T,417,0,0.6222252501174808,lyriclens-evaluation-v1,71a40996c1021c62d12dc004cbafa3f1c5560162,d272696293bc75d5a82cca2e624800456f734f57382cd9472b5974993ef860cc
song_df65c35504bb4ab737bbde1916d9226388671296143f32de56be3bcd942836de,Shut It Down,Pitbull Featuring Akon,2000s,2009-12-19,42,3,355,ebea2f2eff10d9dfdd8dd70f8b7456673727a29201577172ee934f552fbd0898,stratified_core,rank1_length1,0.994281530380249,0.7914589047431946,0.9984914064407349,0.011884767562150955,69.90291522815824,64.21159207820892,M-AO,401,0,0.623583166860044,lyriclens-evaluation-v1,71a40996c1021c62d12dc004cbafa3f1c5560162,d272696293bc75d5a82cca2e624800456f734f57382cd9472b5974993ef860cc
song_91746aa1c606d87c92ae335386faf16eecbaf2fd760ffb105d9375f1ae0fe4b4,Inside Your Heaven,Bo Bice,2000s,2005-07-09,2,2,251,3714141b866fd1cb2fd6091ed15df14603b3caf618e0200bbe38d199ab06b270,stratified_core,rank0_length0,0.36844703555107117,0.00929443072527647,0.00512003805488348,0.0007458622567355633,9.590184164699167,0.0,M-E,297,0,0.6223693338688463,lyriclens-evaluation-v1,71a40996c1021c62d12dc004cbafa3f1c5560162,d272696293bc75d5a82cca2e624800456f734f57382cd9472b5974993ef860cc
song_bebe4b11a673cfb47ec460528a0c2f75529ba518b5e923d1958b2e9aee9ea323,Heaven,Los Lonely Boys,2000s,2004-05-15,16,8,196,e8c264b19bfa7d3fbf6dd0eb77f239f14f1584202a71705e5da02499f5223020,stratified_core,rank0_length0,0.001792841823771596,0.009050020016729832,0.03133871406316757,0.007723319809883833,1.2476223928388208,0.0,M-E,217,0,0.605518541065976,lyriclens-evaluation-v1,71a40996c1021c62d12dc004cbafa3f1c5560162,d272696293bc75d5a82cca2e624800456f734f57382cd9472b5974993ef860cc
song_69823ed1beab1c15adab303458294de6aa805b844e4d9bc1cb759b53d8e1d0b8,Murder On My Mind,YNW Melly,2010–2019,2019-02-02,14,5,635,d7a7f03575fafd2da31ec8415232bc7aecc50e5bca0bb24bb71a59b509a56df9,expected_content,sentinel,0.9946803450584412,0.9969305396080017,0.9922268390655518,0.9907199144363403,99.36394095420837,98.72788190841675,M-AO,675,0,0.6223583330865949,lyriclens-evaluation-v1,71a40996c1021c62d12dc004cbafa3f1c5560162,d272696293bc75d5a82cca2e624800456f734f57382cd9472b5974993ef860cc
song_8e7a07712e424d6dc71b31f594afafc6604cf5d4f09fcf81c91908a2c45b979d,Anaconda,Nicki Minaj,2010–2019,2014-08-23,2,6,600,d868c469225d1d282edddf3eba7ad0ef912497c27c0eeaf3afd93fd024db6f29,expected_content,sentinel,0.9913773536682129,0.995987594127655,0.9940896034240723,0.9958053827285767,99.43149834871292,98.86299669742584,M-AO,700,0,0.6285452090669423,lyriclens-evaluation-v1,71a40996c1021c62d12dc004cbafa3f1c5560162,d272696293bc75d5a82cca2e624800456f734f57382cd9472b5974993ef860cc
song_dcd6fc07dd41fb2112e83cc37ad3cb0288359e4b90661faeb2891c6a2a7f5e89,The Hills,The Weeknd,2010–2019,2015-06-13,1,11,434,071ad23f2d71e54d71ca4d8e83294665e3646c7b87a3eb08094cefa19801d87e,expected_content,sentinel,0.9916415214538574,0.014510498382151127,0.9964240193367004,0.9917789101600647,74.85887373331934,73.99222254753113,M-AO,473,0,0.6122157499194145,lyriclens-evaluation-v1,71a40996c1021c62d12dc004cbafa3f1c5560162,d272696293bc75d5a82cca2e624800456f734f57382cd9472b5974993ef860cc
song_a7464a3d004fed14e1824802fca94ffd5af3ac71e2e2e34435fccd0ff534a2ed,Happy,Pharrell Williams,2010–2019,2014-01-18,1,12,357,333f8ef4afb37bd3c5cb5974052eaed1c4fd01b1bc710a4cec7e792ea7b9e670,expected_mild,sentinel,0.009669705294072628,0.002186145167797804,0.07461319118738174,0.002524430165067315,2.2248367953579873,0.0,M-E,408,0,0.6101604579016566,lyriclens-evaluation-v1,71a40996c1021c62d12dc004cbafa3f1c5560162,d272696293bc75d5a82cca2e624800456f734f57382cd9472b5974993ef860cc
song_1d68186326e359b9669b2f7c11d69a9643793fb708e6fe1003c21e5c3aa6232a,Crushed Up,Future,2010–2019,2019-01-19,43,2,426,62d433d8d0173b5391815435bc7c22c658f2aba8c3db1c6389b574c94bb1f15f,stratified_core,rank1_length1,0.7993523478507996,0.2015226185321808,0.9995755553245544,0.9944607019424438,74.87278059124947,64.66943025588989,M-AO,462,0,0.6135203330777586,lyriclens-evaluation-v1,71a40996c1021c62d12dc004cbafa3f1c5560162,d272696293bc75d5a82cca2e624800456f734f57382cd9472b5974993ef860cc
song_bf6ecd59e1d9609355146c4e3f9531132411aebc5b877ee12a5f15343b056d23,Sweater Weather,The Neighbourhood,2010–2019,2013-06-22,14,8,345,ed823d409fbbeb3fbf705a9c4260c6478756e92e0e03ff4773e9fe3e87707297,stratified_core,rank0_length1,0.9943873286247253,0.007189668715000153,0.010136266238987446,0.0036755444016307592,25.384720199508592,24.719366431236267,M-AO,377,0,0.6257997089996934,lyriclens-evaluation-v1,71a40996c1021c62d12dc004cbafa3f1c5560162,d272696293bc75d5a82cca2e624800456f734f57382cd9472b5974993ef860cc
song_214d22efee01afd6925d10528d80a2c2f994a8fd4a37f100a0179fea51af725e,I Have Nothing,Tessanne Chin,2010–2019,2014-01-04,51,1,296,6efaf81e628b8e5d134c8cfb974761c5c0ba0e2566de0327a6031420ea69d2e4,stratified_core,rank1_length0,0.23731766641139984,0.007185577880591154,0.0041815172880887985,0.0007306088809855282,6.235384261526633,0.0,M-E,337,0,0.6205534168984741,lyriclens-evaluation-v1,71a40996c1021c62d12dc004cbafa3f1c5560162,d272696293bc75d5a82cca2e624800456f734f57382cd9472b5974993ef860cc
song_b5dba8821898b6e121e493b47cf4d536d7a7c5d16bcc38aaedc2b4899288889d,New Rules,Dua Lipa,2010–2019,2017-08-19,6,11,488,5f973904dbfdef3856d7cb62f81232215c53eef4133bebaf0c9903a63fd4fbf6,stratified_core,rank0_length2,0.9812630414962769,0.014805370010435581,0.6849333643913269,0.9991021156311035,67.00259728822857,58.264926075935364,M-AO,558,0,0.6338015000801533,lyriclens-evaluation-v1,71a40996c1021c62d12dc004cbafa3f1c5560162,d272696293bc75d5a82cca2e624800456f734f57382cd9472b5974993ef860cc
song_52d717b9eb2516949c777c9c8731a532ce779c0eb5872d6023ce3b1b2fae8d86,Rockabye,Clean Bandit Featuring Sean Paul & Anne-Marie,2010–2019,2016-12-24,9,6,585,3051755095da0e34bbfafa3b56619ef70112fbc543ff996d9b0c5fbf9095a5de,stratified_core,rank0_length2,0.05471571534872055,0.0005958527326583862,0.2887576222419739,0.18549875915050507,13.239198736846447,0.0,M-E,706,0,0.6430788328871131,lyriclens-evaluation-v1,71a40996c1021c62d12dc004cbafa3f1c5560162,d272696293bc75d5a82cca2e624800456f734f57382cd9472b5974993ef860cc
song_11fde80db739a6f64d0a9d9b691cf7b6526c1ba2e830f676d5e4a336c17c9df8,How Country Feels,Randy Houser,2010–2019,2012-10-20,42,4,268,b64e0458bcdb43dd03961b4227afe5e5b6b77ffe3258c294aac2450c685a7536,stratified_core,rank1_length0,0.9958606362342834,0.0031637498177587986,0.06299184262752533,0.009899474680423737,26.797892583999783,24.793031811714172,M-AO,278,0,0.6137826670892537,lyriclens-evaluation-v1,71a40996c1021c62d12dc004cbafa3f1c5560162,d272696293bc75d5a82cca2e624800456f734f57382cd9472b5974993ef860cc
song_e974a41fe0c5464980062ef5bfe8c01e1fb90ce11c92a2aa9e4e4dc84512c6aa,iPHONE,DaBaby & Nicki Minaj,2010–2019,2019-10-12,43,1,724,85414987ead8d9b4f61c926b55ccfdcb6a49f5ff1013df2668efe5d1d29f9ba2,stratified_core,rank1_length2,0.9970908164978027,0.2454696148633957,0.9982144832611084,0.9925145506858826,80.83223663270473,74.39099252223969,M-AO,858,0,0.6389759578742087,lyriclens-evaluation-v1,71a40996c1021c62d12dc004cbafa3f1c5560162,d272696293bc75d5a82cca2e624800456f734f57382cd9472b5974993ef860cc
song_6f4dfcd36cc7c0bd6c33b7074f8be8254768e06df0d3616b1aa5940c9bcf8caa,Can't Stop The Feeling!,Justin Timberlake,2010–2019,2016-05-28,1,13,547,23d1a36f74ba9072d6d89587af73c4bd86e454499429160e2551d8b9f7614dd5,stratified_core,rank0_length2,0.9887295365333557,0.001879046089015901,0.018967874348163605,0.006855555810034275,25.410800319514237,24.436476826667786,M-AO,649,0,0.6199699998833239,lyriclens-evaluation-v1,71a40996c1021c62d12dc004cbafa3f1c5560162,d272696293bc75d5a82cca2e624800456f734f57382cd9472b5974993ef860cc
song_02774fe4f56b6d0a37952e7ecde8456be181bcb74ccb21de416a2aaf61e6f01c,Almost Like Praying,Lin-Manuel Miranda Featuring Artists For Puerto Rico,2010–2019,2017-10-28,20,1,294,4d70fc4227138ad3717ab54a0b9660fd2c220b52ffb6acfc1330f9929bf12508,stratified_core,rank0_length0,0.0824601873755455,0.0006337040686048567,0.03831254690885544,0.10135780274868011,5.569106027542148,0.0,M-E,550,0,0.6104841250926256,lyriclens-evaluation-v1,71a40996c1021c62d12dc004cbafa3f1c5560162,d272696293bc75d5a82cca2e624800456f734f57382cd9472b5974993ef860cc
song_a2b0d57e3aeceb90c67f1e0c89daa02a72b08196d8d9b1caf4efa7677c4a847b,Please Me,Cardi B & Bruno Mars,2010–2019,2019-03-02,3,5,489,af2f35da5c1298489110ab0dc79190e6916df6d9ad3fabd1d43596b1499697e4,stratified_core,rank0_length2,0.9952558875083923,0.020577693358063698,0.9962683916091919,0.010898456908762455,50.57501073461026,49.57621395587921,M-AO,544,0,0.6100284161511809,lyriclens-evaluation-v1,71a40996c1021c62d12dc004cbafa3f1c5560162,d272696293bc75d5a82cca2e624800456f734f57382cd9472b5974993ef860cc
song_d8612d69df57efd627cfddf3eaa4c951f3a07bfcf200df32ff761955816080d8,Drowning,A Boogie Wit da Hoodie Featuring Kodak Black,2010–2019,2017-04-22,38,5,552,fd2af2006f78ad631a17c897cc8a327940afffa88b6d417b87f840aacfa48eb9,stratified_core,rank1_length2,0.994768500328064,0.9984140396118164,0.9944995641708374,0.8970443606376648,97.11816161870956,94.23632323741913,M-AO,683,0,0.6212020828388631,lyriclens-evaluation-v1,71a40996c1021c62d12dc004cbafa3f1c5560162,d272696293bc75d5a82cca2e624800456f734f57382cd9472b5974993ef860cc
song_e8d12bd574eb26390ca5a7305f06d31dfc884bedad4f378b2c5bb7a1072900a6,Little Things,One Direction,2010–2019,2012-12-01,33,4,324,6d53e98ec61a364b62d5be781fe9c79f8fa73450d89bb21bb72dcf809ab19e87,stratified_core,rank0_length0,0.947807788848877,0.0021036933176219463,0.0038864733651280403,0.003409632481634617,23.93018970033154,22.390389442443848,M-R,360,0,0.6052195408847183,lyriclens-evaluation-v1,71a40996c1021c62d12dc004cbafa3f1c5560162,d272696293bc75d5a82cca2e624800456f734f57382cd9472b5974993ef860cc
song_12e5afc3faa7419560ec277fc93b2f9c2313f0d785af09170a1f2f2f60c5fa8e,MEGATRON,Nicki Minaj,2010–2019,2019-07-06,20,1,429,1ccbc52d9cc7453c36f90888feb17cbcdab6b94765dcabbdb4b7fc12da846469,stratified_core,rank0_length1,0.9977320432662964,0.04961330071091652,0.9973157048225403,0.9834625720977783,75.70309052243829,73.92551600933075,M-AO,502,0,0.6720082079991698,lyriclens-evaluation-v1,71a40996c1021c62d12dc004cbafa3f1c5560162,d272696293bc75d5a82cca2e624800456f734f57382cd9472b5974993ef860cc
song_68d640ac4fc975b64ce9e4bbc60e2ec30d3246571962c1f2a6fff343b9086273,Good Girl,Dustin Lynch,2010–2019,2018-11-24,44,3,394,394e6cfeea32d75e0124d47fb131ef2623f23bcf1b329954b12770070541f37a,stratified_core,rank1_length1,0.9873578548431396,0.002110506175085902,0.2991562485694885,0.0020660313311964273,32.26726602297276,24.367892742156982,M-AO,413,0,0.6223029580432922,lyriclens-evaluation-v1,71a40996c1021c62d12dc004cbafa3f1c5560162,d272696293bc75d5a82cca2e624800456f734f57382cd9472b5974993ef860cc
song_5194b6c0df56b87df950120af2c8399eb039c29f29878b87ff284b768eb9ab5a,I Don't Like,Chief Keef Featuring Lil Reese,2010–2019,2012-09-08,73,1,624,ece1ae6838ba480755c42cc28fb4a9ca48668ba66a2773d8b60fd099e4b0dfd7,stratified_core,rank1_length2,0.9864891171455383,0.9971914887428284,0.9961661100387573,0.993885338306427,99.34330135583878,98.68660271167755,M-AO,768,0,0.6435029581189156,lyriclens-evaluation-v1,71a40996c1021c62d12dc004cbafa3f1c5560162,d272696293bc75d5a82cca2e624800456f734f57382cd9472b5974993ef860cc
song_87e53fe885bfd4484f1ebd768210f7c20f4ff3e5232d7ecb256c0eb84c118eb1,Hangin' On,Chris Young,2010–2019,2018-09-15,63,2,260,2fc41a09568f02c4a616effcd8afa9e154b984cd2651876defe99ecaf91b7733,stratified_core,rank1_length0,0.8869627118110657,0.0039012194611132145,0.010822021402418613,0.993590235710144,47.38190470961854,44.027647376060486,M-AO,307,0,0.6149866248015314,lyriclens-evaluation-v1,71a40996c1021c62d12dc004cbafa3f1c5560162,d272696293bc75d5a82cca2e624800456f734f57382cd9472b5974993ef860cc
song_d86e59f3a47090f8d0e393978a66012120bcd864bc0d5e43c29e36afd84f6bd6,Everything To Me,Monica,2010–2019,2010-02-27,44,4,188,cc31a7d4f43dd7fe890be82eee881cbaf62fca04be0b1f3ebad810c1118241c5,stratified_core,rank1_length0,0.5264213681221008,0.003609464969485998,0.0021963028702884912,0.0014093146892264485,13.340911266277544,1.3210684061050415,M-P,226,0,0.618284875061363,lyriclens-evaluation-v1,71a40996c1021c62d12dc004cbafa3f1c5560162,d272696293bc75d5a82cca2e624800456f734f57382cd9472b5974993ef860cc
song_1f59bcb3858288796e7add8880d6482962907aa5058d20eb280e07d4e087a402,Coming Home,Keith Urban Featuring Julia Michaels,2010–2019,2018-07-07,50,2,436,9581bdef665e5aa9185183e81e3892ee8d4497d9f91c89b1363930c6fe706369,stratified_core,rank1_length1,0.014524627476930618,0.002459350973367691,0.46262627840042114,0.0027754860930144787,12.059643573593348,0.0,M-E,479,0,0.6305544581264257,lyriclens-evaluation-v1,71a40996c1021c62d12dc004cbafa3f1c5560162,d272696293bc75d5a82cca2e624800456f734f57382cd9472b5974993ef860cc
song_135e7438aaef177afce073c2af4f316d524a74e7e8848905f85e853f7173573d,Kisses Down Low,Kelly Rowland,2010–2019,2013-03-23,72,2,600,01fb4d8e7b61911e57064bccce6b5b4be008be109766ccf3564d5779d234bec4,stratified_core,rank1_length2,0.9976061582565308,0.005067072808742523,0.25759637355804443,0.0044865356758236885,31.618903507478535,24.880307912826538,M-AO,618,0,0.6236052918247879,lyriclens-evaluation-v1,71a40996c1021c62d12dc004cbafa3f1c5560162,d272696293bc75d5a82cca2e624800456f734f57382cd9472b5974993ef860cc
song_4f1614f26569f3e8f2b5fbcdb394c409cfc3f9fc150fbbb6f65025d66f9a2401,Trumpets,Jason Derulo,2010–2019,2014-06-14,14,8,329,57e0b31c66d899bfceb162db2914854bf57c85ac0db2050c3316eeecbf661923,stratified_core,rank0_length1,0.8148457407951355,0.00894485879689455,0.9967695474624634,0.00288758403621614,45.58619327726774,40.580764412879944,M-AO,349,0,0.6060841670259833,lyriclens-evaluation-v1,71a40996c1021c62d12dc004cbafa3f1c5560162,d272696293bc75d5a82cca2e624800456f734f57382cd9472b5974993ef860cc
song_1e523b8a34f3b5d309a467bfc9d134b74834090161cbaf0a73603f782ea9ee29,Sorry,Justin Bieber,2010–2019,2015-11-14,1,10,338,e81e5109ddba6a6d1bbb479fe029692e6978f3d5d74fbe34b01467822f38d947,stratified_core,rank0_length1,0.8631563186645508,0.015829427167773247,0.027564747259020805,0.0006107707158662379,22.679031595180277,18.15781593322754,M-R,359,0,0.6089560000691563,lyriclens-evaluation-v1,71a40996c1021c62d12dc004cbafa3f1c5560162,d272696293bc75d5a82cca2e624800456f734f57382cd9472b5974993ef860cc
song_8b956e0bcda8fd9258e29036463ab076ecd11f90f5146f347d5bb1f339a87454,Keep Me In Mind,Zac Brown Band,2010–2019,2011-10-15,35,5,278,97df64ce2dfbaa675d904c53f110c3cdf2ce457cd6462fc256312d85f6d03160,stratified_core,rank0_length0,0.14159369468688965,0.0194090586155653,0.9973776340484619,0.002514346269890666,29.022368340520188,24.868881702423096,M-AO,291,0,0.5971001670695841,lyriclens-evaluation-v1,71a40996c1021c62d12dc004cbafa3f1c5560162,d272696293bc75d5a82cca2e624800456f734f57382cd9472b5974993ef860cc
song_10f21a7ac2fc5e27711d31d4a39dd3e60c793cda1e918d41a79a3b7b83519df3,Not Nice,PARTYNEXTDOOR,2010–2019,2017-02-04,82,1,384,462d1cfea5f79e6ab1b359c8e3fc074e24869ba6f997c6e4ddda3df0cef633db,stratified_core,rank1_length1,0.4677222669124603,0.022801732644438744,0.16971124708652496,0.0003945846692658961,16.51574578281725,0.0,M-E,436,0,0.6045855828560889,lyriclens-evaluation-v1,71a40996c1021c62d12dc004cbafa3f1c5560162,d272696293bc75d5a82cca2e624800456f734f57382cd9472b5974993ef860cc
song_249218b68f57a8b663a85a56fc31a2ffce59bf3a4037819cb256ba761c69aa3d,Stay,Rihanna Featuring Mikky Ekko,2010–2019,2013-02-23,3,8,245,507b7015a896d75078cfb3873eb959913f2ab0a2f0c3891f458c4f43ab43cbdc,stratified_core,rank0_length0,0.9357287287712097,0.0032722577452659607,0.003917104098945856,0.0020508167799562216,23.624222684884444,21.786436438560486,M-R,257,0,0.610571458004415,lyriclens-evaluation-v1,71a40996c1021c62d12dc004cbafa3f1c5560162,d272696293bc75d5a82cca2e624800456f734f57382cd9472b5974993ef860cc
song_2d1e136f70b14cbd83c69d01eb86a415f2edaab314e912aa55ae921ce76f9873,2U,David Guetta Featuring Justin Bieber,2010–2019,2017-07-01,16,3,272,57f627b67ea3bce2bf8d4edede06321117ebe3d73f08f49bc170ef45a0eef517,stratified_core,rank0_length0,0.014811728149652481,0.006694994401186705,0.0038470143917948008,0.002740322845056653,0.702351494692266,0.0,M-E,293,0,0.6136584579944611,lyriclens-evaluation-v1,71a40996c1021c62d12dc004cbafa3f1c5560162,d272696293bc75d5a82cca2e624800456f734f57382cd9472b5974993ef860cc
song_97dde8742e0cc2461773a6d71873bf7831160cc7b3b82fcb096f1022b4c12759,WAP,Cardi B Featuring Megan Thee Stallion,2020–2026,2020-08-22,1,6,717,8f514804229065aae1fa66939d3392c7acde845e3368bbd98d62e5186f81c364,expected_content,sentinel,0.9981549382209778,0.8777651190757751,0.9968451261520386,0.9943211078643799,96.67715728282928,93.35431456565857,M-AO,771,0,0.6424522078596056,lyriclens-evaluation-v1,71a40996c1021c62d12dc004cbafa3f1c5560162,d272696293bc75d5a82cca2e624800456f734f57382cd9472b5974993ef860cc
song_a2a8832b12a9464aa23538c26dd64ffc912252f6a19c73d3b5c0ec754be945a7,Plastic Off The Sofa,Beyonce,2020–2026,2022-08-13,41,1,378,ccdf459101c5691850a6dbc7047f03378b9e1900f5fd44a3ccb735efafcd9b8b,stratified_core,rank1_length1,0.9988585710525513,0.22349512577056885,0.026523666456341743,0.006672978866845369,31.38875855365768,24.942928552627563,M-AO,404,0,0.6231913329102099,lyriclens-evaluation-v1,71a40996c1021c62d12dc004cbafa3f1c5560162,d272696293bc75d5a82cca2e624800456f734f57382cd9472b5974993ef860cc
song_fcece81d4ce48c45670077783d519702d20ce3c27d5489f2eeba0f033d95faaa,Be Her,Ella Langley,2020–2026,2026-02-28,2,8,355,8e792ed3bce275dbab493c3f5a3a8a9bc8417189c688fe977f1ac13ad64ec811,stratified_core,rank0_length1,0.6913816332817078,0.0031369926873594522,0.057397957891225815,0.9985557198524475,43.76180759281851,34.496867656707764,M-AO,417,0,0.6239071669988334,lyriclens-evaluation-v1,71a40996c1021c62d12dc004cbafa3f1c5560162,d272696293bc75d5a82cca2e624800456f734f57382cd9472b5974993ef860cc
song_d92c9c969ef6faa0d0b2115b652c61268381ee491bc4f03c32990feb5a3c9e45,Paint The Town Red,Doja Cat,2020–2026,2023-08-19,1,9,742,0287681f86be33f9e0b2ee88743f318aa6c1d0b46b0028607e852811d6fe1aca,stratified_core,rank0_length2,0.9780967831611633,0.9988524913787842,0.9964749217033386,0.9698686003684998,98.58231991529465,97.1646398305893,M-AO,797,0,0.6471859170123935,lyriclens-evaluation-v1,71a40996c1021c62d12dc004cbafa3f1c5560162,d272696293bc75d5a82cca2e624800456f734f57382cd9472b5974993ef860cc
song_490e143d0fd6a02b0ba3c323afbcb0dce7212b54f94f8761250dc778ada4125c,Welcome To Tha Carter,Lil Wayne,2020–2026,2025-06-21,62,1,647,96b635add3a0506821cdc6066fa681d63aac09483095c17a54012d7fc986a449,stratified_core,rank1_length2,0.9974462985992432,0.9906129837036133,0.995011568069458,0.9882623553276062,99.28333014249802,98.56666028499603,M-AO,737,0,0.6457744999788702,lyriclens-evaluation-v1,71a40996c1021c62d12dc004cbafa3f1c5560162,d272696293bc75d5a82cca2e624800456f734f57382cd9472b5974993ef860cc
song_346bca84137dbd74e43284cf566dedc6006e063e11a233e48ad457348c6349af,Sacrifice,The Weeknd,2020–2026,2022-01-22,11,3,269,52ba5df07f5d9790c694577bea5db8269103ec5610fbf03f80a5c852b5a17896,stratified_core,rank0_length0,0.99676114320755,0.06467487663030624,0.9973495006561279,0.013643032871186733,51.810713834129274,49.7055321931839,M-AO,304,0,0.6114036669023335,lyriclens-evaluation-v1,71a40996c1021c62d12dc004cbafa3f1c5560162,d272696293bc75d5a82cca2e624800456f734f57382cd9472b5974993ef860cc
song_e2c1ed4ba63771b7e206087975fadfe2d4942fdc015891840947f04e2959c89b,Need It,Migos Featuring YoungBoy Never Broke Again,2020–2026,2020-06-06,62,3,828,5867f40386a7f9811be2f794853581a9806d3773f9625e0aa980c1f4f529402b,stratified_core,rank1_length2,0.992526650428772,0.995433509349823,0.9929545521736145,0.995923638343811,99.42095875740051,98.84191751480103,M-AO,950,0,0.637600792106241,lyriclens-evaluation-v1,71a40996c1021c62d12dc004cbafa3f1c5560162,d272696293bc75d5a82cca2e624800456f734f57382cd9472b5974993ef860cc
song_0952b517e2fef799bf238e7dc58b1371cc57ea3450759f0c13ba18c1ca658fc1,America Has A Problem,Beyonce Featuring Kendrick Lamar,2020–2026,2023-06-03,38,1,709,de972cfadf494f258289a3ddde387c2bf7cc2ccfe11dbd320e6c13f4824417dd,stratified_core,rank1_length2,0.9932907819747925,0.9959623217582703,0.9936965107917786,0.9946887493133545,99.4409590959549,98.88191819190979,M-AO,810,0,0.6351837078109384,lyriclens-evaluation-v1,71a40996c1021c62d12dc004cbafa3f1c5560162,d272696293bc75d5a82cca2e624800456f734f57382cd9472b5974993ef860cc
song_ed5fc8c4fed301a8e973065316ce27e8c6f68575411890467a66fd5ba26d8bed,The Cure,Olivia Rodrigo,2020–2026,2026-06-06,5,4,360,cb2d682fd0ce547a3a599429332f1582c36f4a21393ba5547824d8e16c3dca08,stratified_core,rank0_length1,0.9977186918258667,0.6498988270759583,0.9984399676322937,0.1128557100892067,68.97282991558313,57.30287432670593,M-AO,411,0,0.616396457888186,lyriclens-evaluation-v1,71a40996c1021c62d12dc004cbafa3f1c5560162,d272696293bc75d5a82cca2e624800456f734f57382cd9472b5974993ef860cc
song_34d6442d537339653898feaa82efde7ab052800a222946d57c2706fc09340503,Orbiter,Noah Kahan,2020–2026,2026-05-09,34,5,347,1521ae1783d6dc51715fa59555f1f873e7b5cdc7e178135a26f0d6cf1ea9aaf5,stratified_core,rank1_length1,0.0036915550008416176,0.007368852384388447,0.0996868908405304,0.9924914240837097,27.580968057736754,24.624571204185486,M-AO,388,0,0.6142478331457824,lyriclens-evaluation-v1,71a40996c1021c62d12dc004cbafa3f1c5560162,d272696293bc75d5a82cca2e624800456f734f57382cd9472b5974993ef860cc
song_58d6b7d9f8c8feebefe6c1f2e0edad83f12c28ca40a88354a70bf690997c68a2,One Of The Girls,"The Weeknd, Jennie & Lily Rose Depp",2020–2026,2024-01-13,51,4,376,92931111a3c746df0ddf0ca714379d906b7b4ab525849615801e90c2f979d464,stratified_core,rank1_length1,0.9985690116882324,0.9730780124664307,0.6207316517829895,0.007705496158450842,65.00210430240259,54.61893379688263,M-AO,425,0,0.6245738340076059,lyriclens-evaluation-v1,71a40996c1021c62d12dc004cbafa3f1c5560162,d272696293bc75d5a82cca2e624800456f734f57382cd9472b5974993ef860cc
song_9dbb323d50307798742301129921ec5b11ae34a454a7ed4fbbd105278a4e07c1,Mr. October,Bad Bunny,2020–2026,2023-10-28,28,1,422,498912130234e2077b24460304ec0eb1eaf183f83a56fb0d509f34148e439803,stratified_core,rank0_length1,0.9953081011772156,0.002244907198473811,0.8209673762321472,0.8815150856971741,67.50088675762527,59.88952815532684,M-AO,735,0,0.6307549171615392,lyriclens-evaluation-v1,71a40996c1021c62d12dc004cbafa3f1c5560162,d272696293bc75d5a82cca2e624800456f734f57382cd9472b5974993ef860cc
song_cba5c90b4d96ba8398dbcda9b64df8f65f27556d422548e4fd0f85d665ffee84,Vigilante Shit,Taylor Swift,2020–2026,2022-11-05,10,1,261,0f0c5d0e94f85af902c8bf5673de845e78be61fd175ba2a81356375dccfa9d9f,stratified_core,rank0_length0,0.02582051046192646,0.9991186261177063,0.5299037098884583,0.004516138229519129,38.98397461744025,26.451116800308228,M-AO,283,0,0.6111307500395924,lyriclens-evaluation-v1,71a40996c1021c62d12dc004cbafa3f1c5560162,d272696293bc75d5a82cca2e624800456f734f57382cd9472b5974993ef860cc
song_f1d664029f6e73d8332f2a5ef74f4733ea56bbd946340d01b4c5169b617c7d8f,Rosones,Tito Double P,2020–2026,2024-12-21,76,1,223,707a7a4c8a8e2384fa24660f0cd87e8469667ce63eabf893bcbc4d64ce4d749e,stratified_core,rank1_length0,0.27743494510650635,0.0006119293393567204,0.049673501402139664,0.8659783005714417,29.84246691048611,18.298915028572083,M-R,379,0,0.6146707918960601,lyriclens-evaluation-v1,71a40996c1021c62d12dc004cbafa3f1c5560162,d272696293bc75d5a82cca2e624800456f734f57382cd9472b5974993ef860cc
song_9516d36aedd98b099b12edb7e8583f29c12aa762b3a6497bc93b0b23acf9f418,I'm Sorry,Lil Uzi Vert,2020–2026,2020-03-21,37,1,763,923c9d18597ae9bf98accaaef9ce0350303a7a5d7da2786c1a43e1175aae3f07,stratified_core,rank1_length2,0.9964032173156738,0.9960246086120605,0.9930804371833801,0.9869415163993835,99.31124448776245,98.6224889755249,M-AO,837,0,0.631789332954213,lyriclens-evaluation-v1,71a40996c1021c62d12dc004cbafa3f1c5560162,d272696293bc75d5a82cca2e624800456f734f57382cd9472b5974993ef860cc
song_cffa8f01b4504b05fce295326727af806635a4c532bd69e16f74e64a773bfaf9,"Skoal, Chevy, And Browning",Morgan Wallen,2020–2026,2025-05-31,29,2,407,dfff6295d42447d8fbc43753581b443868a40863987eb0f7fd91cce37dc88175,stratified_core,rank0_length1,0.14576870203018188,0.9947606921195984,0.9962440729141235,0.9977871179580688,78.36401462554932,74.43959414958954,M-AO,469,0,0.6179636670276523,lyriclens-evaluation-v1,71a40996c1021c62d12dc004cbafa3f1c5560162,d272696293bc75d5a82cca2e624800456f734f57382cd9472b5974993ef860cc
song_5b6151e450109eb89d22335df7f3d97858a0b0d0e06a7b9670968701042ab43e,What Happened To Virgil,Lil Durk Featuring Gunna,2020–2026,2022-03-26,22,5,616,73dcfe41835d5c2ae3b7804869eaa40ac2e76b106689b5d585a75232e55b1270,stratified_core,rank0_length2,0.9917638301849365,0.9967040419578552,0.9936392903327942,0.9946144223213196,99.41803961992264,98.83607923984528,M-AO,699,0,0.6325491250026971,lyriclens-evaluation-v1,71a40996c1021c62d12dc004cbafa3f1c5560162,d272696293bc75d5a82cca2e624800456f734f57382cd9472b5974993ef860cc
song_664173d13f04a2a5f88c02ccd3d38716d26298f2fac6ddfcf6de0871346f004e,Worldwide Steppers,Kendrick Lamar,2020–2026,2022-05-28,19,1,649,a68507300ddffd3b9127b4e8b48fc0ba18b73bb9f9506566f07c5f109d5bd750,stratified_core,rank0_length2,0.9948984980583191,0.9969310760498047,0.9965883493423462,0.2039557695388794,79.80934232473373,74.4208961725235,M-AO,720,0,0.6299370829947293,lyriclens-evaluation-v1,71a40996c1021c62d12dc004cbafa3f1c5560162,d272696293bc75d5a82cca2e624800456f734f57382cd9472b5974993ef860cc
song_90fa6eda34632da86df5a152c10fd3e9b281052a2a3c6c568a90c8d9a6627b50,Way It Is,Justin Bieber & Gunna,2020–2026,2025-07-26,33,1,389,7284d6b9a7843bc15021d573dc6807d4f8654be6c7043992c5be0829bb5d684d,stratified_core,rank1_length1,0.8758343458175659,0.003329153172671795,0.004512518644332886,0.9897215962409973,46.8349403468892,43.27779710292816,M-AO,429,0,0.6131397080607712,lyriclens-evaluation-v1,71a40996c1021c62d12dc004cbafa3f1c5560162,d272696293bc75d5a82cca2e624800456f734f57382cd9472b5974993ef860cc
song_bf360f56da3572e8620b9132cd3751862eec7362dcce1703b91d8655dd4c76b3,To Die For,Sam Smith,2020–2026,2020-02-29,46,2,287,143ba3004e847875a9a8afca8d9e6608f67773c1caf187da45f9bf4570f27d82,stratified_core,rank1_length0,0.029437288641929626,0.9634665846824646,0.0012931228848174214,0.9582059383392334,48.810073363711126,46.0836261510849,M-AO,317,0,0.6260619158856571,lyriclens-evaluation-v1,71a40996c1021c62d12dc004cbafa3f1c5560162,d272696293bc75d5a82cca2e624800456f734f57382cd9472b5974993ef860cc
song_7b39fa8565b77206c6f3d1bb4aa7b3ff89f36a80a58190cf6714a3a2ce1ba216,Si No Es Contigo,Cris Mj,2020–2026,2024-06-08,72,1,263,e49a07d7cb2bc1cea1b3bf06b29d2ea0a3bf48231381230b778be27cfed8c14a,stratified_core,rank1_length0,0.9057593941688538,0.0007425584481097758,0.15915340185165405,0.08841780573129654,28.851829004997853,20.287969708442688,M-R,438,0,0.6189280829858035,lyriclens-evaluation-v1,71a40996c1021c62d12dc004cbafa3f1c5560162,d272696293bc75d5a82cca2e624800456f734f57382cd9472b5974993ef860cc
song_57b6fb5de42d0b76a982ad6d6b780aa368d65adfecd872c1522c7c3660a04cb4,Eternity,Alex Warren,2020–2026,2025-08-02,16,4,287,2a1cbd8ba1febade322795616e7c03696b175c24cbbc68aa00cceea3136f42d5,stratified_core,rank0_length0,0.004871276207268238,0.035305045545101166,0.9972392320632935,0.055911194533109665,27.333168708719313,24.861961603164673,M-AO,319,0,0.6190343329217285,lyriclens-evaluation-v1,71a40996c1021c62d12dc004cbafa3f1c5560162,d272696293bc75d5a82cca2e624800456f734f57382cd9472b5974993ef860cc
song_341d5e61c3771b2583160580b52ebf1a8e95798d167c3120383be6d5c367dcd6,Deja Vu,Olivia Rodrigo,2020–2026,2021-04-17,3,7,309,d38187f87450181baaa04b673014ad72b552e6a6b1ed0343f1a2528c50b44acc,stratified_core,rank0_length0,0.13303717970848083,0.0004991397727280855,0.03334003686904907,0.015511014498770237,4.559684271225706,0.0,M-E,351,0,0.625701499870047,lyriclens-evaluation-v1,71a40996c1021c62d12dc004cbafa3f1c5560162,d272696293bc75d5a82cca2e624800456f734f57382cd9472b5974993ef860cc
song_c0eeb4729f1ae33d58424899c3c15392241f8e296e88cad503bcb8fe60060eed,Never Hating,Lil Baby & Young Thug,2020–2026,2022-10-29,19,1,529,825aed9c3ddaacfe2ec7af2790bd49e976e997f4c94ce36e7be314b7c097ac56,stratified_core,rank0_length2,0.9968605041503906,0.8906773924827576,0.996768593788147,0.9972188472747803,97.03813344240189,94.07626688480377,M-AO,609,0,0.6412729998119175,lyriclens-evaluation-v1,71a40996c1021c62d12dc004cbafa3f1c5560162,d272696293bc75d5a82cca2e624800456f734f57382cd9472b5974993ef860cc
song_cb60240680fd61f42fe313701e8d2b29be19573c172c701900be7999b84fb987,Love Of My Life,Harry Styles,2020–2026,2022-06-04,29,1,208,0434f473634fc26d2e9246d9109d6ea91657543f2445646e85edf53fc0fd7f5a,stratified_core,rank0_length0,0.3886367082595825,0.0012511808890849352,0.0038692220114171505,0.002286284463480115,9.901084890589118,0.0,M-E,235,0,0.6041976669803262,lyriclens-evaluation-v1,71a40996c1021c62d12dc004cbafa3f1c5560162,d272696293bc75d5a82cca2e624800456f734f57382cd9472b5974993ef860cc
song_685e4dd20b5670c8c388340a9c8da88eade91a4734f2035e159fd6818dcb01ff,In Between,Scotty McCreery,2020–2026,2020-04-25,53,3,277,5e2fef94d09821a13dfe35e2896fd5a72c16694ba3702d93cf32b121632f4a31,stratified_core,rank1_length0,0.5960744023323059,0.0007829548558220267,0.004739923868328333,0.955799400806427,38.93491704657208,27.593690156936646,M-R,318,0,0.605129208881408,lyriclens-evaluation-v1,71a40996c1021c62d12dc004cbafa3f1c5560162,d272696293bc75d5a82cca2e624800456f734f57382cd9472b5974993ef860cc
