song_id,title,artist,period,first_chart_date,best_chart_rank,months_selected,word_count,lyrics_sha256,sample_component,sampling_cell
song_0aed0baea9ae5d346cf2c42de2f92d7bd81418aa8269b3f685d489fdbf4cc08d,My Girl,The Temptations,1958–1969,1965-01-16,1,4,166,a758d51e8542965b29d94239cf11464d8708545f2591e4c62af4e54e75af85a2,expected_mild,sentinel
song_9e3641d00273b9a3b09faf3dccb66583183d28fbee8e60268cab00bc7002cae4,I Want Someone,The Mad Lads,1958–1969,1966-03-05,74,1,193,a991e07372e3587fdce379d51914f170e256165bd1fb642fa0bc1d94db769383,stratified_core,rank1_length1
song_59328e4ef495b0a2eead2600eb40694f1921b10840b1f242e3580ce8c59f8a86,The Jolly Green Giant,The Kingsmen,1958–1969,1965-01-09,4,3,234,6abbe2290340e13d37d5c5ef3ab7736b0b8c80565eb6b92483d56c64a2a43251,stratified_core,rank0_length2
song_c4eabeecb02281b19acf05dac0942d25da1b7cae44fc83479a18c5a5594546ab,"Go, Jimmy, Go",Jimmy Clanton,1958–1969,1959-12-07,5,4,196,389f8fe04bdf7f4bb6f46f6bd45a97b00e26a61411fbff4ae9aa073b5aa80fe2,stratified_core,rank0_length1
song_fed7c74ad967767c8732088a2935e6279881ee63bf2cc773490807c416c8707a,La Bamba,Ritchie Valens,1958–1969,1958-12-29,22,3,128,6e22ecd5fe7ffbf1c9c0b96f62ffafff3147325f976ec3c7d0af8cde8f6b321a,stratified_core,rank0_length0
song_0349520b5c7c2e4422a70fce1d2df78432df63f0a6e704fa01bbfef8e34ebe24,I Just Don't Know What To Do With Myself,Dionne Warwick,1958–1969,1966-10-01,26,2,169,cbb2bb46e4369fefdab5d656dd36e415101920c937e3922faaa497bbb44604e7,stratified_core,rank0_length1
song_b32a265f2ff03acfa08f045465ca51a6fb31e221f2824a03ef7c5889cee866af,There's Nothing I Can Say,Rick Nelson,1958–1969,1964-08-22,47,1,132,e9662c513697a8ff6a505aa8d0aaa5a7a41275ba9049efc772945a694373b4ee,stratified_core,rank1_length0
song_35ce7e7873a409ae1706d3313a3b256be8827fa7b204440d044e01006d777cb8,Why Do Fools Fall In Love,The Happenings,1958–1969,1967-09-23,41,1,139,9f0ce0233b2ed90bc98a08adb36a6aa9575b95c4c7e60b47a9ba487e5264f61f,stratified_core,rank1_length0
song_4a225ece50c775ee4f1d96ae38d401c088742b3f1525d0467f18be399a7233b9,I Missed Me,Jim Reeves,1958–1969,1960-11-14,44,2,175,4c5c8b4307b1ff5c1ab7043c183cbe434898fba88ed264b25b54bc610bc34d50,stratified_core,rank1_length1
song_6dc4b05872cf526300be88208f4fd48cdc16f207b865ca7c05fd42fcada13675,Cindy's Birthday,Johnny Crawford,1958–1969,1962-05-12,8,3,119,1745409b22da4b50895ff3d70ff22ba4939aadcbf6f1648fb684eb3adf0a8ae4,stratified_core,rank0_length0
song_d92c03539e450a03b3a9eb1ff232dcc47d451ed2498faa25e75f78acef87bd6a,(You Don't Have To) Paint Me A Picture,Gary Lewis And The Playboys,1958–1969,1966-10-08,15,2,250,152ce1a026597c57bcd869105f3b6a2dded5f3a84d03b5639f2ca42c79323f0e,stratified_core,rank0_length2
song_cc1c2453fb7685b97a44a7e916f797bdff9a23a8b50beb09f843aa71a8ee5564,Gallant Men,Senator Everett McKinley Dirksen,1958–1969,1966-12-24,29,2,135,83de0d9c00980134a7371c65eb399f5bd1590355c988c57dacaa18306b61d011,stratified_core,rank1_length0
song_4eedaac548f0db66c979575510092e16f414750629bddb6217182d6a43faa1ca,Love Makes A Woman,Barbara Acklin,1958–1969,1968-07-13,15,3,204,8b3bd11dbf5586187b37ac05c14b7319ad82d1bb57ec7271a74f74d1c7cde9fa,stratified_core,rank0_length1
song_117729f1bc413e31e8149049b7309c6ccf166f72419ae410a62c847ad8a70059,Would It Make Any Difference To You,Etta James,1958–1969,1963-01-12,64,2,110,825de1ff69e1292c55dbe6f39a4300c80ca70f5b14e9e5f1b4ef46b743b49132,stratified_core,rank1_length0
song_7581bf1aa60711a8fb70d6f74beab7986e56b266a494f31317d281a2e6fbe93c,"Frankie's Man, Johnny",Johnny Cash,1958–1969,1959-04-27,57,2,250,a0796e30d5fb31111df8aef52a5ef24693e78e95236c0f9a43b7bfb6f111c6be,stratified_core,rank1_length2
song_f0dabdf8d0646ea373fbd165249ce5d26b1ba2c6e4a65f1214d7cc750388072a,Mountain Of Love,Johnny Rivers,1958–1969,1964-10-31,9,3,274,2766765510614aa30650d66b8f2206fb8d191b69f8cda9ac00f6c4a80a938cbe,stratified_core,rank0_length2
song_69477b76eb9ee69138b17fdc61df826efb06f1ca55a3f48049c74e8cc538def8,Secretly,Jimmie Rodgers,1958–1969,1958-08-04,28,1,162,e0c07550ff04fc13c919034ade0e357174056225f73ed8cfad2cb13c41d49142,stratified_core,rank0_length1
song_a7772f327e3a3cfafd258cd3b2e22efc03d987310de5204015249aca809adaf3,Help!,The Beatles,1958–1969,1965-08-07,1,3,249,53bb45516cd0e7f92861dcbb4bfb89e0d635ea8b7e250fa69520955b77a595e4,stratified_core,rank0_length2
song_571748d27a47d85d6ce1e162616d66466aaeb086241c317ad91ded6a69bfaec8,Hey You! Little Boo-Ga-Loo,Chubby Checker,1958–1969,1966-07-02,76,1,246,7a532e10de9506b512e50d7cfcd4665ba64a8825630e9ff053b21144a99ae1be,stratified_core,rank1_length2
song_38ab85ef42919e3470a0bba519d88e130e73773df3fe01aec967b66c83a71a6d,Mary Ann Regrets,Burl Ives,1958–1969,1962-11-03,39,2,262,d95423001a1c9cc0e871bda766f2b7b1b7b8734a286da1153a8ef3e19bfc308e,stratified_core,rank1_length2
song_c0c862864db358e90588de9f7252a57d2071427842018127b437850496d715fa,Amen,The Impressions,1958–1969,1964-11-21,7,2,91,86d995fb526510b277e7caf020897e995af8c567cfae0b94324efa01013943ab,stratified_core,rank0_length0
song_cf6aea8f1076b117bb1b0f6699facf83cd915c937f0d9375348ac11f8981b63b,Johnny Reb,Johnny Horton,1958–1969,1959-08-24,54,2,259,f8bd778c80dabff00770f6b8d788020c2964bec778afe7a8bd42c9e57a2556ab,stratified_core,rank1_length2
song_4193018621671b33686f0f4a8f71a8dce155ed2550680eadcf1af84134cfd4ad,I'll Take Good Care Of You,Garnet Mimms,1958–1969,1966-03-26,30,2,211,5e7995f8030049686d1418bc1627d2a606166e98d8c2cb17339bb0288da08cf1,stratified_core,rank1_length1
song_be7eac0fa653c7531ff79984dc290b805f805913ea19ea18c4e8bb0a26a7930b,Lipstick Traces (On A Cigarette),The O'Jays,1958–1969,1965-05-08,48,2,207,dfacfa55b032a85644f299106732c3c6a755de658c3afdd8dbc49c4498068ffb,stratified_core,rank1_length1
song_70c1dfe984e3e546f3fbcec256b41023637c8fd480ba3adfb34647894f32f4f0,Lady Jane,The Rolling Stones,1958–1969,1966-07-23,24,1,106,90eba220c121668d69b0b6f2e5b6d2e759500d9ce5f204186facbed266ef1719,stratified_core,rank0_length0
song_95608ea2e15a20489c14c3226405cb9cf2ea0862cd77e786705f890b46a97925,Sleep,Little Willie John,1958–1969,1960-09-05,13,4,117,2428729cef323a9fcc2f0023871080fdcb29c43383b011e938c6288997538b8a,stratified_core,rank0_length0
song_9072c5ee05fedc84220a23ef4901f2e73eedea66b912cb96f14d1a9a3fbe167a,Georgy Girl,The Seekers,1958–1969,1966-12-03,2,4,204,d88b20e14bfc6848a024cc519fbdc8f28d4ca2264a17f2b9cfadef527eeaaa56,stratified_core,rank0_length1
song_2a783aa21125846631c321e170948f1689071a051714cf6e57c7cfb4ba6c8b89,Let's Get It On,Marvin Gaye,1970s,1973-07-14,1,5,252,4617af1916d56fb2180a8f53de20c100c72d5d51b2acaff355aef37bb94cb74c,expected_content,sentinel
song_bfce50e15f1789f7ca376150665063761fdbef5af253e2d162514a8ae0316025,Lean On Me,Bill Withers,1970s,1972-04-22,1,4,270,517488f68fecd31ea303b48e5dc09e54b6dec6afe0945445289b1132f96ca1b5,expected_mild,sentinel
song_21c7c8f7417b94a8c111b2a1c7570396b0e49f3c9f7cbbdd593d6d1c03d738d9,You Are The Sunshine Of My Life,Stevie Wonder,1970s,1973-03-17,1,5,180,46156e8df294a41177a857509efd632b6c5f7f02e9c19ecdd0e030ff57a4f55b,expected_mild,sentinel
song_f41a534741f51cde1d600b6ee480a6cec27c432d48b34b9d946bd8331f5d2a74,Rainbow Connection,Kermit (Jim Henson),1970s,1979-09-15,25,4,195,c1d5fa184a8663f1edfa9d361b355a812c70ac740c15689f5910f25caa8150f3,expected_mild,sentinel
song_cd492e6096df3dd73a9047f8aef5c25a526b7b1384aaafac4f4c0ce7c690f5d1,ABC,Jackson 5,1970s,1970-03-14,1,4,427,0df6752d4e03b0d94b71fd47709c87ae1f62d41686edd34b56e1d587078ef1c9,expected_mild,sentinel
song_23d90431f2ad7d4f8d31fc70fb9bc9aad106a4f8849752e76e878e6e017eb477,Imagine,John Lennon/Plastic Ono Band,1970s,1971-10-23,3,3,137,ef47eec02090cfc129a4b05ce093981cf8f39ced5dabf10c8174f43e0123085b,expected_mild,sentinel
song_a0d2022d699c35704ab0f0e43a6856fcd3fa30930d806529eb228106de34770e,Let It Be,The Beatles,1970s,1970-03-21,1,4,268,bfa8b3b036bba5010406e0ecd48bf0447c52d71f0fcc924d81f328083f2f3476,expected_mild,sentinel
song_5f0eaf882be171e9e96fec731f59733be3990d8ac7eaf8a258c5eb15da894eb3,You've Got A Friend,James Taylor,1970s,1971-06-05,1,4,284,ca449669634be69391e989ac31a7cc96e28784f1bb1f510d6873ec1469708dde,expected_mild,sentinel
song_a12befe03d55c5fa6fd9c903788a0badba25b5b7525255fc222d72e21ba6dc12,So Long,Firefall,1970s,1978-01-14,48,2,298,c0560330cb05ab64d7eac78b5e226050179915c3ed36b46d03d7e5cef167f789,stratified_core,rank1_length2
song_690e3e60b5c5037449b2757dda9d6757ed3ec925b71a0e80ad7109d85f8667b5,Firecracker,Mass Production,1970s,1979-08-04,43,2,359,8950a55950e9862196a5e95e3179c34bfa1a9f51e54fe20cd05cef9e7f631f85,stratified_core,rank1_length2
song_a5796aaae59d201c1e3deeacae5e2109ffeaf8181d6a0cc53d4179eef0117ee2,Cinnamon Girl,Neil Young & Crazy Horse,1970s,1970-06-20,55,2,103,571daa6af317ae37fe23634d31aa33f4e4fd82168aaab8edbaaf0f8ffe5d9723,stratified_core,rank1_length0
song_64d37feb1fa3da190b5b48cdf28bee0181308224ba28cffb740e5048b0ab4306,Travelin' Prayer,Billy Joel,1970s,1974-08-17,77,1,273,a887cb9e13aa0c2305d15376a53e54e8112adee579e92bba5b6d4be382cf9ada,stratified_core,rank1_length2
song_1130d71736864e2f32c66a5784e269842b861afc685af864962777b4ea459b76,Soul Man,Blues Brothers,1970s,1978-12-09,14,4,183,30eaab82be73f7a7030180f2bb4f725d3abbe0335368cb84948065ffb5d38c38,stratified_core,rank0_length0
song_c3db28de2fa21737c828f45aa697bf98c14ad08a22646c2f0114dd15614a1503,Your Own Back Yard,Dion,1970s,1970-06-27,75,1,333,dcad334273497ae54054e4b2c0336fa1057289719ca650b6f7d3cd5656c2e7fd,stratified_core,rank1_length2
song_72f1e6ab0eb9c3eea261bf3418510cf8ca46eb5d09386d74e937ff2a0b7160f0,Ladies Night,Kool & The Gang,1970s,1979-10-06,8,5,734,36333c7328a05143d6b6f00349e3e9af361424d7b615eaf16651bbdcfd39666d,stratified_core,rank0_length2
song_2f2e2e33ff00857bf87196f06b1edcad41ac31b6bf4f2b322bcb169c7c18c6cb,I Hear Those Church Bells Ringing,Dusk,1970s,1971-06-12,53,2,210,123856af95255b1a6c92568f01462152c1c87bbd96b9bf6d4452204215eea68f,stratified_core,rank1_length1
song_605aa2d6a4f3053ca131f40f66d3ff6cfb4822fd5d6a277d77a6032d02c7746d,Life Is A Rock (But The Radio Rolled Me),Reunion,1970s,1974-09-07,8,4,550,b2bb036269cde21cb0ad60960add5ee0e7b4e9301131cb03c00fdaccb5fbf48c,stratified_core,rank0_length2
song_d6fa79aae091c9b9eefa30e3a78f93ecdbbb66c8c1befb282bb7324a03578d7a,What Is Truth,Johnny Cash,1970s,1970-04-11,19,2,317,235995321c7c1f0f7414cf2650f9dfef92cb760d09dcf807e2a60d78675f6961,stratified_core,rank0_length2
song_1110ad0e721685ec873afc6cc8372d1da569f6f1d519bdd799cd7c8d00631393,Listen To Her Heart,Tom Petty,1970s,1978-09-23,59,1,158,ae0ebb31f09cd48b53c0988b9454fd6713459e073ae11f09782cbed75a966703,stratified_core,rank1_length0
song_109e58fdb577eb713ec9844630010a1ea9f502a212041ef4edd19d8d91f292d2,Lay A Little Lovin' On Me,Robin McNamara,1970s,1970-05-30,11,4,324,134ad0c187c25be5f5b1333e1426b1961fe623b3f80e8a28215e11f0325bbbf8,stratified_core,rank0_length2
song_a9417fe5b49241ddee5b63be9a3fe138548c5ec77db57e1201268cae0273529e,Since I Fell For You,Charlie Rich,1970s,1976-01-24,71,1,128,55b3db10589e34a825dc197902d4ffae09e784e117b7cc9c2e66be9eb96bc418,stratified_core,rank1_length0
song_815056a3d0f74d832a9989d4bcb3e56697b29dd14bd3aaa012fb8c5b6ffde806,I Wrote A Simple Song,Billy Preston,1970s,1972-01-22,77,1,182,57c0900a4d44709ba98da965f974c68d55f5afd1d69790c8c7197a5402dbb721,stratified_core,rank1_length0
song_585e5f8e13012f0a37638839f84b3f23db3e9edc4ff58f0f075f4c7d20e18fe9,Before My Heart Finds Out,Gene Cotton,1970s,1978-02-04,23,3,223,e8ddc86a49c7d4d83c2bcf67bc9edf67d20118895b626e536eaa73f22ffa0eb2,stratified_core,rank0_length1
song_dd86150211a00481ca2a80067939457ef346cce917ed900d58478305c74811a2,It's Only Make Believe,Glen Campbell,1970s,1970-09-05,10,3,165,d40f236fb86e7b3833c14985e86d4f6b6ab840c66531385c50c98480ae898e88,stratified_core,rank0_length0
song_41cdcd17020b65b4e4437210a8c492aaa7bdc0500b9ef269cc7168648a893175,River Deep - Mountain High,The Supremes & Four Tops,1970s,1970-11-28,14,3,241,cf22ce8924858f4d3e539e4d2c1849f4a0b845f56d3e97f13df0ae81564a720c,stratified_core,rank0_length1
song_0213bb2ca26a8b0e613f83fdc3a1bf713269c08a2c6cbcb19d0e85cd0bb40e4f,Floy Joy,The Supremes,1970s,1972-01-08,16,3,252,04777903aa8c02a62328e5ba61e2ad3f54cab587c6bcb354cc4f87633894498e,stratified_core,rank0_length1
song_f90b9bd84fe6f81a6e4f326cb0b6f4451a734bc2b6c6aad81544fd16972b8863,You'd Better Believe It,The Manhattans,1970s,1973-09-22,77,1,203,db0c5dce942a1b6ef7f0dcfc6d4cd24542fe1774f48165840f14784f26c51ff1,stratified_core,rank1_length1
song_68dc4986474def8d475f2c997d665706774730408ee1330071322a31354abc97,Rings,Cymarron,1970s,1971-06-12,17,3,190,012b3e82ddbe9894c4ed9a201d4dda6cc8d2c92b832fa70cd1ffd5689e167bde,stratified_core,rank0_length0
song_49444e52efc677ac5bbdb87422be8b88c555f18f38a1301ade4d6d7dc7acc9c3,You Don't Have To Be A Star (To Be In My Show),Marilyn McCoo & Billy Davis Jr.,1970s,1976-09-11,1,7,255,338015977a8545751ac88f9304454e71c771ded90df612a4d19af2f18f86b4e2,stratified_core,rank0_length1
song_9277254377f0ed6ea2c94d6f5d17ee81782d30bd4f80f6185a6d4d87c99850f7,Hold On,Ian Gomm,1970s,1979-09-01,18,3,162,e1e034cab6b7bffe3b2337283d429cfb178fed63cf7061204ec4510828ce9f6b,stratified_core,rank0_length0
song_f2d23f623a8d6f5bf76ea6360fcde2c59706ecf953032d31f7cc5c3d44aaeb35,Midnight At The Oasis,Maria Muldaur,1970s,1974-02-23,6,5,198,0ee1e4113bd3ca62b3ae6ce63c209326815e8ab2a3b6aedfd3130d64ebef9841,stratified_core,rank0_length0
song_3c3af25ff5690d56f5ebd59c52a0273a923d9b3511e8e0c1970e11cc7cda487c,Emma,Hot Chocolate,1970s,1975-02-08,8,4,242,3a7b0a4fd3266faa4cd5f745d6080eabdfa5234ce4315621c70a385426cfdb55,stratified_core,rank0_length1
song_9d821af9a1e2446b36ca98875f174e35acda58d417c5ae54ee1782d1b5ca2245,Bless You,Martha Reeves & The Vandellas,1970s,1971-10-16,53,2,244,97d324e6e43657d5ffda2f01753c708bb2d8ade01eae94d3ab9d0b58d0e50df6,stratified_core,rank1_length1
song_546ed553b9ad74026dc908d24d608c1b1e265d99490a9ca6b420a65bdf3a3eca,It Hurts So Bad,Kim Carnes,1970s,1979-02-24,56,1,243,9398db50fdef9f906b8bba7f4637a285d5f1444de0228dfdcf5a7d9caa87dec3,stratified_core,rank1_length1
song_0ae5f6cefc72dd648e4af242ede9fc3a429075b6a2fa40106e6966410ea88dc5,Super Freak (Part I),Rick James,1980s,1981-08-08,16,5,320,3310e1410814685aa1b4a016b1f959501a635777698f4cc64047642382e20561,expected_content,sentinel
song_b10199f4fcf60c75729c81ed97259c8e6aa9673cdcb93acdc6f4171e7cf8d945,What A Wonderful World,Louis Armstrong,1980s,1988-02-20,32,3,123,e728af2ca76a971563b9d859c6f7bb450627bad781cf460efe15745dbe20fea7,expected_mild,sentinel
song_a84a10eb92bed9d061cf1c2808e9ed888d108308663802e0618fbb34a235137c,Nothing Ever Goes As Planned,Styx,1980s,1981-07-11,54,2,304,ff606ef35f1d229632789e458aee4c7d16547a40ee39858937cd010e4b6a1f9a,stratified_core,rank1_length1
song_e850a0ebd5865cbcde0d7358f03fb5b1793e1d046b07f23d6f6f42c012be6355,Cry Just A Little,Paul Davis,1980s,1980-07-19,78,1,260,1550b4edd6c865de6f3a8277f6ad5dc3f8d936cb074ba5f76f7c9a424fe8f5b1,stratified_core,rank1_length1
song_85e6b8fd6d29f033e4eb7cb7429a786911bc55d88ba57c397123fb7cb5ff9c89,What You Do To Me,Carl Wilson,1980s,1983-05-14,72,2,193,74391f6fc75c3b0b2e6de9b827d8167d1c7b3436d4e00d48f2e8fba97d529974,stratified_core,rank1_length0
song_4db06392bfcf969f7324a5b9dc24bde01061fbef474f64154ea5b116a503c454,Teacher Teacher,38 Special,1980s,1984-09-29,25,3,267,5b7acfdb26019dc618895141d31a3d193c4eab8275f8ab84990aafe10025766c,stratified_core,rank0_length1
song_998bc37c190dff49fde971e79accf4badc8b6cfaf976b48a0ee35395bfbd062d,Hot Fun In The Summertime,Dayton,1980s,1982-07-24,58,1,349,e6b51130e8f2916ecc678063f1636030ff340dfcb6bd02955f28adffa45029ee,stratified_core,rank1_length2
song_dd485d25877ca1180d8dfe3c9fd36a556c930b5c2f8cf45973c034db9ddaf484,Leave A Light On,Belinda Carlisle,1980s,1989-09-30,11,4,370,44a31895c5882a530e97940a2f8cd853412fd30e2b977f7c30ca64dcee02c6a5,stratified_core,rank0_length2
song_97cfc67489dd849a26253fcdefcaff63ecc2b80e39a5a4b394c09a496e723f59,You Better You Bet,The Who,1980s,1981-03-21,18,4,544,aba667bab7bddcfb779f882997eb7e9f6378c7babd8919ebcfbf7022eabe6e53,stratified_core,rank0_length2
song_e0a36a17d8a781eb85e23d922f0348860628a7b53cfa659379924565775bb4b5,What's The Matter Here?,"10,000 Maniacs",1980s,1988-09-03,80,2,332,f5ac341ab7e369a0a144ae7c07f6059edd83fc6fbcb5ca04a698421dd613abec,stratified_core,rank1_length2
song_1412311414a73f8a8432337045a7f785b4dab467abd618d008b2ae0948df2b24,The Voice,The Moody Blues,1980s,1981-08-08,15,4,340,c3e9036e09adee353d2fb23239719248a5f4c21960e04cae22e272ef77120a87,stratified_core,rank0_length2
song_120331d2247754424d30484b3670c2d5c1ce827e7072814177b00993de5c5d32,Sunshine In The Shade,The Fixx,1980s,1984-11-17,69,2,133,f945a430a894028fda2ebbe7467094a60bdc688b4cdd58844ebf4c6ab7df8e83,stratified_core,rank1_length0
song_78c324bb1753edee02a96e81fa7c91ef1a4f1af07ad7ab4255aea291c7478be7,All My Life,Kenny Rogers,1980s,1983-04-30,37,2,197,2f9298cc68f3d392d1c6a354ab91ced7c5c6aca30507851e3a4973ee65b66cea,stratified_core,rank1_length0
song_f808ae4b4563a70d26400ffefa5cf76248b7c2025e1b427ec117cf0e0aee87de,Magic Power,Triumph,1980s,1981-10-03,51,2,357,162aa0fd04e69ac9b264d945c4b5fc067d17769fdb2a487bffc7cde87c75765b,stratified_core,rank1_length2
song_4881f8befad3c29b4557c7e7b5c098ce567212185b88f68f63c0717cfc803994,Man In The Mirror,Michael Jackson,1980s,1988-02-06,1,4,544,94cd605226c99db1089209666ce0516e29d85760e83f21a160364b8032a0b1dc,stratified_core,rank0_length2
song_ce55a9b58d73f0eaccd32f2d0b15687e9ff76c2ac47b5977a2c0507e07f966cc,He's A Liar,Bee Gees,1980s,1981-09-26,30,2,287,d1df3456db7ff04ef49c3e37a4a145cc8dfeb1a69317bdfc2a25aba20a8c74a9,stratified_core,rank1_length1
song_afd6a3e1bb701e4109e7db538528052981f38587e8a519600ab7591d040fd1d1,Just Got Lucky,Joboxers,1980s,1983-09-10,36,4,461,4096d1c07903f55868bdf7d8db1ad892df7c25b96c500c18e1e0af435517a1cd,stratified_core,rank1_length2
song_3a96b875068a9d12032c2372e69e8054ed77f3ae4351d6222ca3dbd78800372c,Fading Away,Will To Power,1980s,1989-02-04,65,2,213,19524f31f0e95e96ff0717a68dd9e90ea1074cb8c1735a1ecfdb30ce6cc6e1a9,stratified_core,rank1_length0
song_063fd071844935e8fd4f1395eeee736a147d3f13acd2103cd7ddd076c93ada6a,It's Only Love,Simply Red,1980s,1989-02-25,57,2,244,fe9113b89c7f45c684ee1bf60fe54f0a9eab5ef7c9cd75174bd349e2ba825db1,stratified_core,rank1_length1
song_e162690ceb18a23db578427f419ce7ba989a0b27499e2b403a37fe3ad800b82c,Who's That Girl,Eurythmics,1980s,1984-05-05,21,3,194,452ca70787376afcb53dd4a72e7b8ecbc25dfac1e58547d4d16e5e4e7e708211,stratified_core,rank0_length0
song_e1a7f29430e196c1d83a8f58a4a17f41d5c2fadde8c3cf34dee5280016e53eda,State Of the Heart,Rick Springfield,1980s,1985-06-08,22,4,249,6acfe31e48297ff2c767eb4afb5623166de0ac96a5c7c4fa83c5ef53ed1bda21,stratified_core,rank0_length1
song_8c9359eb2bcab6780ed3a7cdca143da09375324d2952065a07d7adb88bf11161,Foolish Heart,Steve Perry,1980s,1984-11-24,18,4,174,ab956efd346e8066610ccb4d9914b6578d8bf3b173e177655f925c6a54ad8690,stratified_core,rank0_length0
song_c43007be651fa0550c65f2144da21b53f1782e23930c836fda226c0c04eec799,Somebody,Bryan Adams,1980s,1985-02-02,11,4,216,61d9dd6f78420df505df853530a02793952fd2b9552cebafcf5aef24b633e771,stratified_core,rank0_length0
song_dde6cccf06049e639f7a816a60982f1646926c7007a974ecfcd938c2dbf1c191,Maniac,Michael Sembello,1980s,1983-06-04,1,5,277,dfcc53f438e29b462ef13ef1a805ad403fce0600bd2126d65288b1d743027d0c,stratified_core,rank0_length1
song_48c9a31f32d37489d6e49c8e3c9c2b203b5393562fbdbb3ce735de99f9c08e9e,Seven Bridges Road,Eagles,1980s,1980-12-20,21,4,105,52fbd43eb3bfb03a39083bfb08add19b7d8c650a5a586ca28572a17b511de240,stratified_core,rank0_length0
song_05be1f29e67911d8e269dbbba495ee25b92120a0aba32db094923f7adf2183b7,Are We Ourselves?,The Fixx,1980s,1984-08-18,15,4,135,5f676f570f4e80fc37b6829f69be6719808857161a27368334d1569f38fc5bf4,stratified_core,rank0_length0
song_56bdd8217899c9e589dcd9c9815cd8a10cefaf5d231d74e390d1dde403f23b9e,Straight From The Heart,Bryan Adams,1980s,1983-03-12,10,5,232,26a2e19f699a808ed931c421693dbcafdc37085de49dacb827af3f005899c698,stratified_core,rank0_length1
song_e860962415e52ac4be856ff3fa67796897ffd7bed74fc6959aa53ced2839c9e0,Flashdance...What A Feeling,Irene Cara,1980s,1983-04-02,1,6,245,1a9a4b93dfeb310e9537823ae838ff8d4f4e9305d9049fcd6029d7754748e231,stratified_core,rank0_length1
song_179feb8a79929d69156bfaf7c8ed48a7d01d17db6762f40e1d540507cc4f76e6,Gin And Juice,Snoop Doggy Dogg,1990s,1994-01-29,8,5,611,91de81a8c96dfb3a9f7e59c48337c7869766e31704c97c08960861fd4ca830a9,expected_content,sentinel
song_a9824e4acd085fbd53e561a95b0a44b852833928c774ab7affba998ddfec95a6,Closer,Nine Inch Nails,1990s,1994-06-11,41,6,191,7358e388ec50d62a98dff15f2987b7f389927888d53b9bf7e4906549542b36d0,expected_content,sentinel
song_8dc915eed4c70e3c837e01cd5e20204612237664f511b3bef8fbde1bbd51f7d9,Wiggle It,2 In A Room,1990s,1990-10-06,15,5,505,65c9dffb0d36140aec24016299e3e0a7def5f523feb0653f39e807b807820ea8,stratified_core,rank0_length2
song_fcee43b920ec51e027d82e5ebc7bf690e03815c44a91d5aaaa74f62fb232fd79,Macarena,Los Del Rio,1990s,1996-07-06,23,5,544,fd30e27cd6b03f3ecc6612c75779cb3d2557980893c704cac146fd2198390a4a,stratified_core,rank0_length2
song_e5a9b37663cfbdb5ae172e52dd414002d0cd701bc5969a41cb382007b35a9092,Money Ain't A Thang,JD Featuring Jay-Z,1990s,1998-07-04,52,5,946,b0e1d82b974c4e7db52113930dfc0c8257d0b6153980baff5f54d92317b0167f,stratified_core,rank1_length2
song_ddd4c1911d61ba872c932e1ebf7bab492d51ca29e94feea236ab5efa08127983,I Miss You,Joe Public,1990s,1992-07-04,55,3,167,f060bb8cfbf9898dacf180043c1a9c73db68ad03773eb70ae15ffdf9883492ad,stratified_core,rank1_length0
song_982e85e0772bde84905c4e66075cab71738b9c33711f12180e2c9ebc6a30e58e,Love Me Good,Michael W. Smith,1990s,1998-04-25,61,2,464,c741b6bb93c8833631da7b1881fe696c8a08b08e57bfa36e287141cd97e74e89,stratified_core,rank1_length2
song_a6cc3d1c997f8e07adade9fd28c157e4d03f4f8f4987adaac8a306b72b6f13a6,Let's Get The Mood Right,Johnny Gill,1990s,1996-09-21,53,4,258,2e1a0cdf870cfd21b467587a6983ef260320cda0cd2c0e9a3e4e65119bda72c4,stratified_core,rank1_length0
song_3be80d6898e6d7126085bef1a2e577252c3acb8d6fb29059cd60aa374c032093,Flava In Ya Ear,Craig Mack,1990s,1994-08-13,9,6,596,b58577a84a6d3c8ca87d5d624ee4fe7dc17460b9d63fd368addbe07a7e7fc203,stratified_core,rank0_length2
song_59b578620c6f147ffde7e2fc69ee9a4809e9a70977488526ad587f45fee9ae3c,It's Your Body,Johnny Gill Featuring Roger Troutman,1990s,1996-12-14,43,5,547,1c9e200d0c2541e800905a8908921c3f77e632a00f26db2a89294ea3389ad70d,stratified_core,rank1_length2
song_4cc7506f1e8d8210be05ab31ae91bd610554d866b02bf85d1040cd114b42b273,Never A Time,Genesis,1990s,1992-11-07,21,5,207,d36ca61a7d48378819d322639e6131ba77ae0f6e031ba61562c95a7bb9640d0c,stratified_core,rank0_length0
song_a22606f73b2eb26912bcd4c63b31ac5c72f573b98d06a74097ac6988b8a4761a,God Must Have Spent A Little More Time On You,Alabama Featuring 'N Sync,1990s,1999-05-29,29,4,295,71be88344ade240a4fdc3028ae667a26144994cfa3b944161876d4db0a475fd3,stratified_core,rank0_length1
song_be18506dff183b6a8ee7e34e0063fde1d8f047a431bce1ad15210cd247070d71,No Scrubs,TLC,1990s,1999-02-20,1,7,586,4fbbe99b5fad58cc08f65a272f03ee53ea321adc274ab546e3f5fed321e06a4e,stratified_core,rank0_length2
song_431842b1312020e5d414f0de65e5c9ec072969ac8df182145eb4f25f39e9a5d3,If I Ever Fall In Love,Shai,1990s,1992-10-17,2,7,296,e4468202ca6130c0bc322d6de2293247f257d7a08b84b9ac3de9132daf56ff47,stratified_core,rank0_length1
song_a774cd098b6d541712b9c125d8283d2050e37bbd30ccb15a2f46def348e4cd32,Mmm Mmm Mmm Mmm,Crash Test Dummies,1990s,1994-01-29,4,6,208,4316181b1d7967eb4750ec778c6111a095eec8f3522f51902e26dd093ff386d1,stratified_core,rank0_length0
song_bc36f76c0600a69cd4e5b99246c99c1d53f92053556b363163a3317600484a6a,Love For Love,Robin S.,1990s,1993-08-21,53,5,338,24d2b1adbe6d78329e83ef6faef6f282650be1be197119fc4948dea87e77cd22,stratified_core,rank1_length1
song_668b336197fa733f28d2114cb0d4483a98714bc5a9eccdd49869518404fafff0,Till Somebody Loves You,Henry Lee Summer,1990s,1991-08-10,51,3,230,7a4ce57a61053412580d2ecd67ffdf825e8b4fb67c5cea8d2a6d25031daf6d9a,stratified_core,rank1_length0
song_a5ffceb48df141a6ead277d91c687b6b6f87f4e4a27eaca6b77af8deac820a52,Lucky Love,Ace Of Base,1990s,1996-02-24,30,5,245,2740d098d210ac5fea54a7260629d3c1ba0b0d0fc1d1adec66910b88f35e49f8,stratified_core,rank0_length0
song_828a2fabc32543ca52c9c7d0e53a3f25f6182b996df6b3fcb860b8c631774b4c,Feels So Good,Xscape,1990s,1995-06-24,32,4,381,7fa24083cf5458524659a61a207327cb7cf66d84f6ad333830e803d010eba06a,stratified_core,rank0_length1
song_73fbb9f604cb292bdaf3f319390e188d21615475a6a3d28edf6ac1e542bb9ab8,Human Nature,Madonna,1990s,1995-06-24,46,4,521,846c27ada5a5e772d75a8325d2f63a63ee1b7bb675451599a68496f57695e96a,stratified_core,rank1_length2
song_e319997d3f69b195d329284eff16e1d5872564140a461c7a55a80ac6bddbc9cc,Do I Have To Say The Words?,Bryan Adams,1990s,1992-08-01,11,5,278,301fbf834772eaf6cb76a454093446522108faef542df7765454831e60af04d7,stratified_core,rank0_length1
song_7ca9c9ba50368ace4ab1ebc78a7987f6aec3f2ebfc55805c5aa8c879175e0b2a,I Live My Life For You,Firehouse,1990s,1995-02-25,26,5,251,5f877006745ae5ae552b997af50020326f6480745e9a510af809ca545bc80984,stratified_core,rank0_length0
song_316a0b9ba7277c09179f346f5f806cf819a8fc0641ac5d42b6558a4c972dc6aa,Little Bird,Annie Lennox,1990s,1993-01-23,49,3,319,23eedc49777f9e3075879a19c3bbed4f9a91be8a4933f3bc606ac2f5217248ef,stratified_core,rank1_length1
song_e12f73c01a9b74f42d83be6090427aacf2b73668f80c0ff93c72f9ce5a7a0f79,It's So Hard To Say Goodbye To Yesterday,Boyz II Men,1990s,1991-09-21,2,6,131,7e68773f828f1c770bae174f0a47b898fae1717a4f11583ba24c41707e143074,stratified_core,rank0_length0
song_60e2979073e5573acf270d7fd14a51c86cbc41f3db455270246563c9aa8ece7d,Try To Find Me,Gorky Park,1990s,1990-04-28,81,1,272,dc6c546a68039ca1a149e990301e96d93bf075d1352ba0272b634d4a63275c84,stratified_core,rank1_length1
song_0b640ff50889535179208394488f8a0238ceb517a43c66b5928d1e8be421878e,Easy Come Easy Go,Winger,1990s,1991-02-09,41,3,246,4aeb3cb26e4e238b0469c1c13e9f93e79d143329c07a5f5ea89ec00685124879,stratified_core,rank1_length0
song_7cfaf4be60351ae529bbb4b6a7b493826b52baf2985f565b0e889b3c23ab5e29,The Most Beautiful Girl In The World,Prince,1990s,1994-03-05,3,6,355,38e1376bd07c94c48aecd9afde6a4f5ac5430ade8b0c8a54dcab7d11aa9d82c8,stratified_core,rank0_length1
song_9a299229172ef4247b522973a28a572e71a62970370c1d7d60113d13f53c10fe,Highwire,The Rolling Stones,1990s,1991-03-09,57,2,334,34b35e5584493469293cf2c71beec6d84307ec645748c7e5512aabadec72a302,stratified_core,rank1_length1
song_aa13e5b19bab07dc2e5fc83d007dd90e21decb27057023685ff0ca1d8ba13b42,Smack That,Akon Featuring Eminem,2000s,2006-10-07,2,7,580,195bce8d27cd3879dab10ac995d29211d2cf82eb561e1128eda0f59f59d58dfd,expected_content,sentinel
song_84fb3306a13f9324e94484bea63edeaa1e6248de1587badbb758a41c3fef27e6,Because I Got High,Afroman,2000s,2001-08-18,13,3,614,b99fd7c8fdcdae963fd4b72ddb7490964f4eb965f023fd71acf91aa3319ed5bc,expected_content,sentinel
song_70546899a6e183f6372805a853d775765a7e8a8830aa028622ddbb39c3c6887a,Fix You,Coldplay,2000s,2005-10-01,59,1,176,854c70104acf7e541369ce1f8fa5f7e9b16180fa7bce69fb5dae5a4d03087063,stratified_core,rank1_length0
song_be496be8f147804f19e5da1c133d50508585f40e981a49067a86443a2c7dc9a8,Free Yourself,Fantasia,2000s,2005-04-30,41,5,543,e39e40d3c92d3f292cb27f1029a99ab7a7c604aa6dcc77a0ba59e1d7818a2f58,stratified_core,rank1_length2
song_751d25e9b99372f7eda29a930ec0da919ff16f4b64b750d2e0374512195983b1,Touch The Sky,Kanye West Featuring Lupe Fiasco,2000s,2006-02-25,42,2,661,4de28232f83c3c5c018f36a9eec0a7bb407158bae867e696c56de9e4498c7e80,stratified_core,rank1_length2
song_098c94ccca359db8e6a9a7a5e4d678f28906d0b215ea72e613efcb940a06511c,Faint,Linkin Park,2000s,2003-07-26,48,5,353,b976bb66079218f4427c551e44212d74cea29eb09c9b0e12d6aea499d51a35ab,stratified_core,rank1_length1
song_e6845230ff4465513b07c709ef9606b96c83f7f91b85e8fdec7c2de6a73d283e,One Mic,Nas,2000s,2002-04-20,43,3,813,ebffa7e7ffef069deefa9fbab7640daa9c9752e7ab84efd83f89eef431968c09,stratified_core,rank1_length2
song_0c97bdf048572221cf295545083a45a1572bcc8f0c307a006c0956c93c908099,Over It,Katharine McPhee,2000s,2007-02-17,29,4,361,302f16c08b138c7cc1dfc023e02404a5f6cf1343ef09d6f19ea9bce800018474,stratified_core,rank0_length1
song_beae324dbfbd3d29294643d2f1938b0205c4b9c455a55bd53f5c494c91253adb,Boondocks,Little Big Town,2000s,2005-10-29,46,5,591,7ddeb2702b08dd18b8543a074b8077987e58ea91a33914f50e2d2df3d67813d8,stratified_core,rank1_length2
song_f0e2473fede1564596bf6745d8c08d49d8691d1b0400bea70977b13783733095,I'm Still A Guy,Brad Paisley,2000s,2008-03-29,33,4,350,b56a0c68c87b01003268cfc565f22a392a7e662b792a6235c5c8df3c270f83fa,stratified_core,rank0_length1
song_2a152a848f4917084d006e080ecbb3c882aeafefc1a851978231c794e8f12e5a,Read Your Mind,Avant,2000s,2003-10-04,13,6,485,87d75fbc73517d65e07cff554ecd37683973602a26d9dfb0026c6235f55b7946,stratified_core,rank0_length2
song_30ef708150de2342873ae91612db8d453d9c140ebfc4c161dee823d8c97e9a0c,Be With You,Enrique Iglesias,2000s,2000-04-01,1,5,283,34ff920f2147b0cf4424547793975c9407a504860fe5f5ec7023ce38104700e2,stratified_core,rank0_length0
song_d49d1d25e207f2554afb89b51e0aa1da3d223127e941457fd797a5d7b01d75de,What I Need To Do,Kenny Chesney,2000s,2000-04-01,56,4,273,7240ff03c3faeae0c70619b8b70a79bb8b9d15504879ed7671bd879bee63eba5,stratified_core,rank1_length0
song_e8f0cbf6b127bb0d2d327524f99a3faffc1aa86c24cd4d6f2f351910f8dba31c,Survivor,Destiny's Child,2000s,2001-03-17,2,5,670,560c15b6492a2caa65bce128162ae1d84b3708a741c134d4fea58a02148804db,stratified_core,rank0_length2
song_49d0dea7fd546e82089ee720332cf4ab5b94fa2b3087f810f10461310152399a,halfcrazy,Musiq,2000s,2002-03-23,16,7,406,50cb5c7cdf5486ef56299fb65791ddaae4da84bc5380e4b7f38f9554f5535e2c,stratified_core,rank0_length1
song_a7ba1698c332881371ca56c4d18a568ac6781ccade4939e9b958bf3d29384d7a,(Reach Up For The) Sunrise,Duran Duran,2000s,2004-11-06,89,1,282,566d091cb8f38e14ca6b3b78cdd23880640147350c7a09d552ad94bf253594ef,stratified_core,rank1_length0
song_5d5af3444c66dfa9b904e41deae67f9dc3da2e8afe113f76d35d7c17893c4021,Liar,Profyle,2000s,2000-09-16,14,5,457,9d40b4d041a784aa65d082a41ede82adb528d72d91f20932464b3b3e87138a3c,stratified_core,rank0_length1
song_f1bddb6c30e8373851eaf182907b098d1766fc67c2fc89c0c55665db81104c46,If I Were A Boy,Beyonce,2000s,2008-10-25,3,4,307,9a3c0ba28629bc1c8ae1c0aa412bed2668ca9089038f855b481fe4053435d9dd,stratified_core,rank0_length1
song_a6eab6eaa3a8765b9bc855a359e190d3b1b2ca7572976e67d194886ec9081a52,So Small,Carrie Underwood,2000s,2007-09-01,17,5,270,f7c32b121fe3dff298f0bb44080915ee6336d5cd7179342af31fa033d8de22b6,stratified_core,rank0_length0
song_16908002829a856192b2e3b24d6c58c39106117ffcc515d050022040305006b9,Overnight Celebrity,Twista,2000s,2004-03-27,6,6,866,fafec8a70cfa786877db3a346949df496f8c17f41958ede6fc08361d199966c5,stratified_core,rank0_length2
song_fd806b3821bf03e97e417fa26b068546358a5dc336dc9669759f406326f62c9d,You Can't Take The Honky Tonk Out Of The Girl,Brooks & Dunn,2000s,2003-11-08,39,5,212,fba71acd733a8fd1e5ec7eb31135061041a5b1dc0cc783b5168b1fed34287994,stratified_core,rank1_length0
song_89d75c9f3c3a88e6888930caa50d728f6bdfa0b90fe8fa2978b32e8582e20df0,Get The Party Started,P!nk,2000s,2001-10-27,4,6,279,54642e9b27b04fe38f49a8d7ec0abfb1dd684ece536fce5aefd3eb9f035fd7fd,stratified_core,rank0_length0
song_a88716a9c9d7b095702f94b087ee37326a0dc5655ecf93a84a87b71aa1b66a68,Rockstar,Nickelback,2000s,2006-10-14,6,12,584,6090bcdbece03d95ac7b774e8c44d252a3f8945e4072fddda6f52c52294bf524,stratified_core,rank0_length2
song_61a93b5d45b99392acf44f79106a72ee8e87dee118e990895eafdece3a01ebe9,Have A Nice Day,Bon Jovi,2000s,2005-10-08,53,2,341,841d6e6573a1a43336eb7a878f38ebab26e0355d8f61217640e49264b396f608,stratified_core,rank1_length1
song_f4185aea5cd17f1abea03ccb1fa6b853bc8cc48352e792e4aa84bd5673669c5e,The Itch,Vitamin C,2000s,2000-12-02,45,2,383,dbea5d09d748938f278db5d33e8815a1576118865cde1b4ff2471938e85e6bab,stratified_core,rank1_length1
song_df65c35504bb4ab737bbde1916d9226388671296143f32de56be3bcd942836de,Shut It Down,Pitbull Featuring Akon,2000s,2009-12-19,42,3,355,ebea2f2eff10d9dfdd8dd70f8b7456673727a29201577172ee934f552fbd0898,stratified_core,rank1_length1
song_91746aa1c606d87c92ae335386faf16eecbaf2fd760ffb105d9375f1ae0fe4b4,Inside Your Heaven,Bo Bice,2000s,2005-07-09,2,2,251,3714141b866fd1cb2fd6091ed15df14603b3caf618e0200bbe38d199ab06b270,stratified_core,rank0_length0
song_bebe4b11a673cfb47ec460528a0c2f75529ba518b5e923d1958b2e9aee9ea323,Heaven,Los Lonely Boys,2000s,2004-05-15,16,8,196,e8c264b19bfa7d3fbf6dd0eb77f239f14f1584202a71705e5da02499f5223020,stratified_core,rank0_length0
song_69823ed1beab1c15adab303458294de6aa805b844e4d9bc1cb759b53d8e1d0b8,Murder On My Mind,YNW Melly,2010–2019,2019-02-02,14,5,635,d7a7f03575fafd2da31ec8415232bc7aecc50e5bca0bb24bb71a59b509a56df9,expected_content,sentinel
song_8e7a07712e424d6dc71b31f594afafc6604cf5d4f09fcf81c91908a2c45b979d,Anaconda,Nicki Minaj,2010–2019,2014-08-23,2,6,600,d868c469225d1d282edddf3eba7ad0ef912497c27c0eeaf3afd93fd024db6f29,expected_content,sentinel
song_dcd6fc07dd41fb2112e83cc37ad3cb0288359e4b90661faeb2891c6a2a7f5e89,The Hills,The Weeknd,2010–2019,2015-06-13,1,11,434,071ad23f2d71e54d71ca4d8e83294665e3646c7b87a3eb08094cefa19801d87e,expected_content,sentinel
song_a7464a3d004fed14e1824802fca94ffd5af3ac71e2e2e34435fccd0ff534a2ed,Happy,Pharrell Williams,2010–2019,2014-01-18,1,12,357,333f8ef4afb37bd3c5cb5974052eaed1c4fd01b1bc710a4cec7e792ea7b9e670,expected_mild,sentinel
song_1d68186326e359b9669b2f7c11d69a9643793fb708e6fe1003c21e5c3aa6232a,Crushed Up,Future,2010–2019,2019-01-19,43,2,426,62d433d8d0173b5391815435bc7c22c658f2aba8c3db1c6389b574c94bb1f15f,stratified_core,rank1_length1
song_bf6ecd59e1d9609355146c4e3f9531132411aebc5b877ee12a5f15343b056d23,Sweater Weather,The Neighbourhood,2010–2019,2013-06-22,14,8,345,ed823d409fbbeb3fbf705a9c4260c6478756e92e0e03ff4773e9fe3e87707297,stratified_core,rank0_length1
song_214d22efee01afd6925d10528d80a2c2f994a8fd4a37f100a0179fea51af725e,I Have Nothing,Tessanne Chin,2010–2019,2014-01-04,51,1,296,6efaf81e628b8e5d134c8cfb974761c5c0ba0e2566de0327a6031420ea69d2e4,stratified_core,rank1_length0
song_b5dba8821898b6e121e493b47cf4d536d7a7c5d16bcc38aaedc2b4899288889d,New Rules,Dua Lipa,2010–2019,2017-08-19,6,11,488,5f973904dbfdef3856d7cb62f81232215c53eef4133bebaf0c9903a63fd4fbf6,stratified_core,rank0_length2
song_52d717b9eb2516949c777c9c8731a532ce779c0eb5872d6023ce3b1b2fae8d86,Rockabye,Clean Bandit Featuring Sean Paul & Anne-Marie,2010–2019,2016-12-24,9,6,585,3051755095da0e34bbfafa3b56619ef70112fbc543ff996d9b0c5fbf9095a5de,stratified_core,rank0_length2
song_11fde80db739a6f64d0a9d9b691cf7b6526c1ba2e830f676d5e4a336c17c9df8,How Country Feels,Randy Houser,2010–2019,2012-10-20,42,4,268,b64e0458bcdb43dd03961b4227afe5e5b6b77ffe3258c294aac2450c685a7536,stratified_core,rank1_length0
song_e974a41fe0c5464980062ef5bfe8c01e1fb90ce11c92a2aa9e4e4dc84512c6aa,iPHONE,DaBaby & Nicki Minaj,2010–2019,2019-10-12,43,1,724,85414987ead8d9b4f61c926b55ccfdcb6a49f5ff1013df2668efe5d1d29f9ba2,stratified_core,rank1_length2
song_6f4dfcd36cc7c0bd6c33b7074f8be8254768e06df0d3616b1aa5940c9bcf8caa,Can't Stop The Feeling!,Justin Timberlake,2010–2019,2016-05-28,1,13,547,23d1a36f74ba9072d6d89587af73c4bd86e454499429160e2551d8b9f7614dd5,stratified_core,rank0_length2
song_02774fe4f56b6d0a37952e7ecde8456be181bcb74ccb21de416a2aaf61e6f01c,Almost Like Praying,Lin-Manuel Miranda Featuring Artists For Puerto Rico,2010–2019,2017-10-28,20,1,294,4d70fc4227138ad3717ab54a0b9660fd2c220b52ffb6acfc1330f9929bf12508,stratified_core,rank0_length0
song_a2b0d57e3aeceb90c67f1e0c89daa02a72b08196d8d9b1caf4efa7677c4a847b,Please Me,Cardi B & Bruno Mars,2010–2019,2019-03-02,3,5,489,af2f35da5c1298489110ab0dc79190e6916df6d9ad3fabd1d43596b1499697e4,stratified_core,rank0_length2
song_d8612d69df57efd627cfddf3eaa4c951f3a07bfcf200df32ff761955816080d8,Drowning,A Boogie Wit da Hoodie Featuring Kodak Black,2010–2019,2017-04-22,38,5,552,fd2af2006f78ad631a17c897cc8a327940afffa88b6d417b87f840aacfa48eb9,stratified_core,rank1_length2
song_e8d12bd574eb26390ca5a7305f06d31dfc884bedad4f378b2c5bb7a1072900a6,Little Things,One Direction,2010–2019,2012-12-01,33,4,324,6d53e98ec61a364b62d5be781fe9c79f8fa73450d89bb21bb72dcf809ab19e87,stratified_core,rank0_length0
song_12e5afc3faa7419560ec277fc93b2f9c2313f0d785af09170a1f2f2f60c5fa8e,MEGATRON,Nicki Minaj,2010–2019,2019-07-06,20,1,429,1ccbc52d9cc7453c36f90888feb17cbcdab6b94765dcabbdb4b7fc12da846469,stratified_core,rank0_length1
song_68d640ac4fc975b64ce9e4bbc60e2ec30d3246571962c1f2a6fff343b9086273,Good Girl,Dustin Lynch,2010–2019,2018-11-24,44,3,394,394e6cfeea32d75e0124d47fb131ef2623f23bcf1b329954b12770070541f37a,stratified_core,rank1_length1
song_5194b6c0df56b87df950120af2c8399eb039c29f29878b87ff284b768eb9ab5a,I Don't Like,Chief Keef Featuring Lil Reese,2010–2019,2012-09-08,73,1,624,ece1ae6838ba480755c42cc28fb4a9ca48668ba66a2773d8b60fd099e4b0dfd7,stratified_core,rank1_length2
song_87e53fe885bfd4484f1ebd768210f7c20f4ff3e5232d7ecb256c0eb84c118eb1,Hangin' On,Chris Young,2010–2019,2018-09-15,63,2,260,2fc41a09568f02c4a616effcd8afa9e154b984cd2651876defe99ecaf91b7733,stratified_core,rank1_length0
song_d86e59f3a47090f8d0e393978a66012120bcd864bc0d5e43c29e36afd84f6bd6,Everything To Me,Monica,2010–2019,2010-02-27,44,4,188,cc31a7d4f43dd7fe890be82eee881cbaf62fca04be0b1f3ebad810c1118241c5,stratified_core,rank1_length0
song_1f59bcb3858288796e7add8880d6482962907aa5058d20eb280e07d4e087a402,Coming Home,Keith Urban Featuring Julia Michaels,2010–2019,2018-07-07,50,2,436,9581bdef665e5aa9185183e81e3892ee8d4497d9f91c89b1363930c6fe706369,stratified_core,rank1_length1
song_135e7438aaef177afce073c2af4f316d524a74e7e8848905f85e853f7173573d,Kisses Down Low,Kelly Rowland,2010–2019,2013-03-23,72,2,600,01fb4d8e7b61911e57064bccce6b5b4be008be109766ccf3564d5779d234bec4,stratified_core,rank1_length2
song_4f1614f26569f3e8f2b5fbcdb394c409cfc3f9fc150fbbb6f65025d66f9a2401,Trumpets,Jason Derulo,2010–2019,2014-06-14,14,8,329,57e0b31c66d899bfceb162db2914854bf57c85ac0db2050c3316eeecbf661923,stratified_core,rank0_length1
song_1e523b8a34f3b5d309a467bfc9d134b74834090161cbaf0a73603f782ea9ee29,Sorry,Justin Bieber,2010–2019,2015-11-14,1,10,338,e81e5109ddba6a6d1bbb479fe029692e6978f3d5d74fbe34b01467822f38d947,stratified_core,rank0_length1
song_8b956e0bcda8fd9258e29036463ab076ecd11f90f5146f347d5bb1f339a87454,Keep Me In Mind,Zac Brown Band,2010–2019,2011-10-15,35,5,278,97df64ce2dfbaa675d904c53f110c3cdf2ce457cd6462fc256312d85f6d03160,stratified_core,rank0_length0
song_10f21a7ac2fc5e27711d31d4a39dd3e60c793cda1e918d41a79a3b7b83519df3,Not Nice,PARTYNEXTDOOR,2010–2019,2017-02-04,82,1,384,462d1cfea5f79e6ab1b359c8e3fc074e24869ba6f997c6e4ddda3df0cef633db,stratified_core,rank1_length1
song_249218b68f57a8b663a85a56fc31a2ffce59bf3a4037819cb256ba761c69aa3d,Stay,Rihanna Featuring Mikky Ekko,2010–2019,2013-02-23,3,8,245,507b7015a896d75078cfb3873eb959913f2ab0a2f0c3891f458c4f43ab43cbdc,stratified_core,rank0_length0
song_2d1e136f70b14cbd83c69d01eb86a415f2edaab314e912aa55ae921ce76f9873,2U,David Guetta Featuring Justin Bieber,2010–2019,2017-07-01,16,3,272,57f627b67ea3bce2bf8d4edede06321117ebe3d73f08f49bc170ef45a0eef517,stratified_core,rank0_length0
song_97dde8742e0cc2461773a6d71873bf7831160cc7b3b82fcb096f1022b4c12759,WAP,Cardi B Featuring Megan Thee Stallion,2020–2026,2020-08-22,1,6,717,8f514804229065aae1fa66939d3392c7acde845e3368bbd98d62e5186f81c364,expected_content,sentinel
song_a2a8832b12a9464aa23538c26dd64ffc912252f6a19c73d3b5c0ec754be945a7,Plastic Off The Sofa,Beyonce,2020–2026,2022-08-13,41,1,378,ccdf459101c5691850a6dbc7047f03378b9e1900f5fd44a3ccb735efafcd9b8b,stratified_core,rank1_length1
song_fcece81d4ce48c45670077783d519702d20ce3c27d5489f2eeba0f033d95faaa,Be Her,Ella Langley,2020–2026,2026-02-28,2,8,355,8e792ed3bce275dbab493c3f5a3a8a9bc8417189c688fe977f1ac13ad64ec811,stratified_core,rank0_length1
song_d92c9c969ef6faa0d0b2115b652c61268381ee491bc4f03c32990feb5a3c9e45,Paint The Town Red,Doja Cat,2020–2026,2023-08-19,1,9,742,0287681f86be33f9e0b2ee88743f318aa6c1d0b46b0028607e852811d6fe1aca,stratified_core,rank0_length2
song_490e143d0fd6a02b0ba3c323afbcb0dce7212b54f94f8761250dc778ada4125c,Welcome To Tha Carter,Lil Wayne,2020–2026,2025-06-21,62,1,647,96b635add3a0506821cdc6066fa681d63aac09483095c17a54012d7fc986a449,stratified_core,rank1_length2
song_346bca84137dbd74e43284cf566dedc6006e063e11a233e48ad457348c6349af,Sacrifice,The Weeknd,2020–2026,2022-01-22,11,3,269,52ba5df07f5d9790c694577bea5db8269103ec5610fbf03f80a5c852b5a17896,stratified_core,rank0_length0
song_e2c1ed4ba63771b7e206087975fadfe2d4942fdc015891840947f04e2959c89b,Need It,Migos Featuring YoungBoy Never Broke Again,2020–2026,2020-06-06,62,3,828,5867f40386a7f9811be2f794853581a9806d3773f9625e0aa980c1f4f529402b,stratified_core,rank1_length2
song_0952b517e2fef799bf238e7dc58b1371cc57ea3450759f0c13ba18c1ca658fc1,America Has A Problem,Beyonce Featuring Kendrick Lamar,2020–2026,2023-06-03,38,1,709,de972cfadf494f258289a3ddde387c2bf7cc2ccfe11dbd320e6c13f4824417dd,stratified_core,rank1_length2
song_ed5fc8c4fed301a8e973065316ce27e8c6f68575411890467a66fd5ba26d8bed,The Cure,Olivia Rodrigo,2020–2026,2026-06-06,5,4,360,cb2d682fd0ce547a3a599429332f1582c36f4a21393ba5547824d8e16c3dca08,stratified_core,rank0_length1
song_34d6442d537339653898feaa82efde7ab052800a222946d57c2706fc09340503,Orbiter,Noah Kahan,2020–2026,2026-05-09,34,5,347,1521ae1783d6dc51715fa59555f1f873e7b5cdc7e178135a26f0d6cf1ea9aaf5,stratified_core,rank1_length1
song_58d6b7d9f8c8feebefe6c1f2e0edad83f12c28ca40a88354a70bf690997c68a2,One Of The Girls,"The Weeknd, Jennie & Lily Rose Depp",2020–2026,2024-01-13,51,4,376,92931111a3c746df0ddf0ca714379d906b7b4ab525849615801e90c2f979d464,stratified_core,rank1_length1
song_9dbb323d50307798742301129921ec5b11ae34a454a7ed4fbbd105278a4e07c1,Mr. October,Bad Bunny,2020–2026,2023-10-28,28,1,422,498912130234e2077b24460304ec0eb1eaf183f83a56fb0d509f34148e439803,stratified_core,rank0_length1
song_cba5c90b4d96ba8398dbcda9b64df8f65f27556d422548e4fd0f85d665ffee84,Vigilante Shit,Taylor Swift,2020–2026,2022-11-05,10,1,261,0f0c5d0e94f85af902c8bf5673de845e78be61fd175ba2a81356375dccfa9d9f,stratified_core,rank0_length0
song_f1d664029f6e73d8332f2a5ef74f4733ea56bbd946340d01b4c5169b617c7d8f,Rosones,Tito Double P,2020–2026,2024-12-21,76,1,223,707a7a4c8a8e2384fa24660f0cd87e8469667ce63eabf893bcbc4d64ce4d749e,stratified_core,rank1_length0
song_9516d36aedd98b099b12edb7e8583f29c12aa762b3a6497bc93b0b23acf9f418,I'm Sorry,Lil Uzi Vert,2020–2026,2020-03-21,37,1,763,923c9d18597ae9bf98accaaef9ce0350303a7a5d7da2786c1a43e1175aae3f07,stratified_core,rank1_length2
song_cffa8f01b4504b05fce295326727af806635a4c532bd69e16f74e64a773bfaf9,"Skoal, Chevy, And Browning",Morgan Wallen,2020–2026,2025-05-31,29,2,407,dfff6295d42447d8fbc43753581b443868a40863987eb0f7fd91cce37dc88175,stratified_core,rank0_length1
song_5b6151e450109eb89d22335df7f3d97858a0b0d0e06a7b9670968701042ab43e,What Happened To Virgil,Lil Durk Featuring Gunna,2020–2026,2022-03-26,22,5,616,73dcfe41835d5c2ae3b7804869eaa40ac2e76b106689b5d585a75232e55b1270,stratified_core,rank0_length2
song_664173d13f04a2a5f88c02ccd3d38716d26298f2fac6ddfcf6de0871346f004e,Worldwide Steppers,Kendrick Lamar,2020–2026,2022-05-28,19,1,649,a68507300ddffd3b9127b4e8b48fc0ba18b73bb9f9506566f07c5f109d5bd750,stratified_core,rank0_length2
song_90fa6eda34632da86df5a152c10fd3e9b281052a2a3c6c568a90c8d9a6627b50,Way It Is,Justin Bieber & Gunna,2020–2026,2025-07-26,33,1,389,7284d6b9a7843bc15021d573dc6807d4f8654be6c7043992c5be0829bb5d684d,stratified_core,rank1_length1
song_bf360f56da3572e8620b9132cd3751862eec7362dcce1703b91d8655dd4c76b3,To Die For,Sam Smith,2020–2026,2020-02-29,46,2,287,143ba3004e847875a9a8afca8d9e6608f67773c1caf187da45f9bf4570f27d82,stratified_core,rank1_length0
song_7b39fa8565b77206c6f3d1bb4aa7b3ff89f36a80a58190cf6714a3a2ce1ba216,Si No Es Contigo,Cris Mj,2020–2026,2024-06-08,72,1,263,e49a07d7cb2bc1cea1b3bf06b29d2ea0a3bf48231381230b778be27cfed8c14a,stratified_core,rank1_length0
song_57b6fb5de42d0b76a982ad6d6b780aa368d65adfecd872c1522c7c3660a04cb4,Eternity,Alex Warren,2020–2026,2025-08-02,16,4,287,2a1cbd8ba1febade322795616e7c03696b175c24cbbc68aa00cceea3136f42d5,stratified_core,rank0_length0
song_341d5e61c3771b2583160580b52ebf1a8e95798d167c3120383be6d5c367dcd6,Deja Vu,Olivia Rodrigo,2020–2026,2021-04-17,3,7,309,d38187f87450181baaa04b673014ad72b552e6a6b1ed0343f1a2528c50b44acc,stratified_core,rank0_length0
song_c0eeb4729f1ae33d58424899c3c15392241f8e296e88cad503bcb8fe60060eed,Never Hating,Lil Baby & Young Thug,2020–2026,2022-10-29,19,1,529,825aed9c3ddaacfe2ec7af2790bd49e976e997f4c94ce36e7be314b7c097ac56,stratified_core,rank0_length2
song_cb60240680fd61f42fe313701e8d2b29be19573c172c701900be7999b84fb987,Love Of My Life,Harry Styles,2020–2026,2022-06-04,29,1,208,0434f473634fc26d2e9246d9109d6ea91657543f2445646e85edf53fc0fd7f5a,stratified_core,rank0_length0
song_685e4dd20b5670c8c388340a9c8da88eade91a4734f2035e159fd6818dcb01ff,In Between,Scotty McCreery,2020–2026,2020-04-25,53,3,277,5e2fef94d09821a13dfe35e2896fd5a72c16694ba3702d93cf32b121632f4a31,stratified_core,rank1_length0
