variable,weighting,non_missing_n,missing_n,missing_pct,mean,median,std,variance,minimum,q25,q75,maximum,iqr,lower_outlier_fence,upper_outlier_fence,potential_outlier_n,potential_outlier_pct
best_chart_rank,song,28041,0,0,42.1411148,40,28.81680331,830.408153,1,16,66,100,50,-59,141,0,0
weekly_observation_count,song,28041,0,0,12.41022075,11,8.512925958,72.46990837,1,6,18,112,12,-12,36,477,1.701080561
chart_weeks,song,28041,0,0,12.40975714,11,8.510851281,72.43458953,1,6,18,112,12,-12,36,477,1.701080561
total_chart_points,song,28041,0,0,634.9335972,426,678.3679845,460183.1224,1,139,935,9321,796,-1055,2129,987,3.51984594
snapshot_months_selected,song,28041,0,0,2.916943048,2,1.931176387,3.729442238,1,1,4,26,3,-3.5,8.5,468,1.668984701
mb_duration_median_seconds,song,22194,5847,20.85161014,218.5263203,215.8165,56.95703629,3244.103983,33,178,250,839.0865,72,70,358,411,1.851851852
ll_sexual_content,song,20979,7062,25.18455119,0.4866692167,0.4055538177,0.4435327352,0.1967212872,0.0006408368354,0.01535058301,0.9870240092,0.9997051358,0.9716734262,-1.442159556,2.444534149,0,0
ll_violence,song,20979,7062,25.18455119,0.20716776,0.00858463347,0.3730760516,0.1391857403,0.000227899829,0.003812821931,0.09530835971,0.9998134971,0.09149553778,-0.1334304847,0.2325516664,4637,22.10305544
ll_explicit_language,song,20979,7062,25.18455119,0.2675345263,0.01550148521,0.4065211045,0.1652594084,0.0002059567341,0.004277698696,0.5233817399,0.9998546839,0.5191040412,-0.774378363,1.302037802,0,0
ll_substance_use,song,20979,7062,25.18455119,0.2252614944,0.006702599581,0.391570032,0.1533270899,0.0001737602142,0.002699405421,0.1382060498,0.9998660088,0.1355066444,-0.2005605611,0.3414660164,4815,22.95152295
detox_toxicity,song,20981,7060,25.17741878,0.164116874,0.02156079561,0.277979628,0.07727267358,0.0003048989165,0.004439592827,0.1708301362,0.9974060655,0.1663905433,-0.2451462222,0.4204159512,3228,15.38534865
detox_severe_toxicity,song,20981,7060,25.17741878,0.005977276145,3.221975931e-05,0.03097037009,0.0009591638238,1.186186523e-06,1.053360029e-05,0.0001474591845,0.581571579,0.0001369255842,-0.0001948547761,0.0003528475609,3744,17.84471665
detox_obscene,song,20981,7060,25.17741878,0.09527288672,0.002063363092,0.2348600678,0.05515925144,2.458400377e-05,0.0004226976307,0.01722204685,0.9900529981,0.01679934922,-0.0247763262,0.04242107068,4049,19.29841285
detox_threat,song,20981,7060,25.17741878,0.00526389638,0.0002358553465,0.03210339907,0.001030628232,1.328171766e-05,8.717327e-05,0.0009063715697,0.9167235494,0.0008191982997,-0.00114162418,0.002135169019,3417,16.28616367
detox_insult,song,20981,7060,25.17741878,0.06926850309,0.002629309427,0.1664291518,0.02769866258,7.87953395e-05,0.0007598635275,0.02323613316,0.9896553755,0.02247626963,-0.03295454092,0.0569505376,4099,19.5367237
detox_identity_attack,song,20981,7060,25.17741878,0.01956816413,0.001007948769,0.07597956379,0.005772894113,5.022187543e-05,0.0003644342069,0.003202039551,0.8325190696,0.002837605344,-0.00389197381,0.007458447568,3112,14.83246747
detox_sexual_explicit,song,20981,7060,25.17741878,0.02322754844,0.0008864739793,0.08203237483,0.006729310521,1.153302765e-05,0.0002371696755,0.004652525764,0.9583649039,0.004415356088,-0.006385864457,0.0112755599,3627,17.28706925
emotion_admiration,song,20981,7060,25.17741878,0.02811281354,0.003922754899,0.08909937317,0.007938698299,0.0002907152229,0.001603322336,0.01323202045,0.9533017278,0.01162869811,-0.01583972483,0.03067506761,3001,14.30341738
emotion_amusement,song,20981,7060,25.17741878,0.01873746966,0.002280762419,0.07542193093,0.005688467665,0.0001527999411,0.001330043073,0.004637839929,0.9434251189,0.003307796856,-0.003631652211,0.009599535213,2932,13.9745484
emotion_anger,song,20981,7060,25.17741878,0.0217649283,0.005327831954,0.05713543331,0.00326445774,0.0003743813722,0.002707226668,0.01353540952,0.7921174765,0.01082818285,-0.01353504761,0.02977768379,2913,13.88399028
emotion_annoyance,song,20981,7060,25.17741878,0.04894608684,0.01735971496,0.07787955021,0.00606522434,0.001639084774,0.007851926216,0.05002370849,0.6404060125,0.04217178228,-0.0554057472,0.1132813819,2571,12.25394404
emotion_approval,song,20981,7060,25.17741878,0.05200179073,0.02909809817,0.06601692732,0.004358234692,0.002387397923,0.01539751422,0.06067650765,0.7389329076,0.04527899344,-0.05252097594,0.1285949978,1846,8.798436681
emotion_caring,song,20981,7060,25.17741878,0.02973891818,0.007226548623,0.07575039474,0.005738122303,0.000321076368,0.002931703581,0.02076541446,0.8801676035,0.01783371088,-0.02381886274,0.04751598078,2725,12.98794147
emotion_confusion,song,20981,7060,25.17741878,0.0227165608,0.003660726361,0.06670943863,0.004450149202,0.0002453891211,0.001669643563,0.01416803617,0.9314314127,0.01249839261,-0.01707794535,0.03291562508,2977,14.18902817
emotion_curiosity,song,20981,7060,25.17741878,0.03370114299,0.00437879283,0.07967776284,0.006348545891,0.0001453280711,0.001646719757,0.02428402938,0.8259930015,0.02263730962,-0.03230924468,0.05823999381,3036,14.47023497
emotion_desire,song,20981,7060,25.17741878,0.05418829536,0.008897458902,0.1224178007,0.01498611794,0.0004401029728,0.003078602836,0.03503680229,0.8624810576,0.03195819946,-0.04485869635,0.08297410147,3148,15.00405128
emotion_disappointment,song,20981,7060,25.17741878,0.05583406604,0.01387878135,0.09053263233,0.008196157516,0.0006423931336,0.004300489939,0.06479312479,0.7365439534,0.06049263486,-0.08643846234,0.1555320771,2485,11.84404938
emotion_disapproval,song,20981,7060,25.17741878,0.02353064429,0.007853654904,0.05527469038,0.003055291397,0.0006503192708,0.003703059861,0.0190247339,0.7953996062,0.01532167404,-0.0192794512,0.04200724496,2485,11.84404938
emotion_disgust,song,20981,7060,25.17741878,0.004743127842,0.002673229668,0.009231962807,8.522913727e-05,0.0002972542134,0.001487809248,0.005301887169,0.4887969494,0.003814077921,-0.004233307634,0.01102300405,1693,8.069205472
emotion_embarrassment,song,20981,7060,25.17741878,0.003497685838,0.001501888132,0.01249273353,0.000156068391,0.0001314920228,0.0007272036455,0.003338348819,0.6649993062,0.002611145173,-0.003189514115,0.007255066579,1815,8.650683952
emotion_excitement,song,20981,7060,25.17741878,0.02103236735,0.005867021449,0.05101705113,0.002602739506,0.0002828220686,0.002396568481,0.01634267063,0.8102719784,0.01394610215,-0.01852258475,0.03726182386,2649,12.62570897
emotion_fear,song,20981,7060,25.17741878,0.01427454146,0.002521288814,0.06440376831,0.004147845372,0.0002406582498,0.001342893811,0.005839199759,0.8988978267,0.004496305948,-0.005401565111,0.01258365868,2416,11.5151804
emotion_gratitude,song,20981,7060,25.17741878,0.005365953465,0.0004745585611,0.0512634796,0.00262794434,3.278729855e-05,0.0002661348553,0.001024851575,0.9923664927,0.0007587167202,-0.0008719402249,0.002162926656,2438,11.62003718
emotion_grief,song,20981,7060,25.17741878,0.003010510793,0.001181912725,0.004599056603,2.115132164e-05,0.0001357945002,0.0005726923118,0.003308088609,0.05066890642,0.002735396297,-0.003530402134,0.007411183054,2300,10.96229922
emotion_joy,song,20981,7060,25.17741878,0.03540589322,0.007843575911,0.08832899142,0.007802010724,0.0003340323456,0.003075502813,0.02339673387,0.926305294,0.02032123106,-0.02740634378,0.05387858046,2835,13.51222535
emotion_love,song,20981,7060,25.17741878,0.1922865116,0.01461988781,0.2975913558,0.08856061506,0.0001883621444,0.002043426735,0.2866756618,0.9774686694,0.2846322351,-0.4249049259,0.7136240144,2490,11.86788046
emotion_nervousness,song,20981,7060,25.17741878,0.008623243227,0.00227197239,0.02371183112,0.0005622509353,0.0001164180503,0.000961652142,0.007009577937,0.5666748285,0.006047925795,-0.008110236551,0.01608146663,2419,11.52947905
emotion_optimism,song,20981,7060,25.17741878,0.02121021735,0.007978812884,0.0517632069,0.002679429588,0.00068691466,0.00415286608,0.01735862112,0.879062593,0.01320575504,-0.01565576647,0.03716725367,2320,11.05762356
emotion_pride,song,20981,7060,25.17741878,0.001619695955,0.000849261065,0.005667032182,3.211525375e-05,4.554069892e-05,0.0004913699813,0.001569696906,0.398118794,0.001078326924,-0.001126120405,0.003187187292,2003,9.546732758
emotion_realization,song,20981,7060,25.17741878,0.02323441989,0.01262118667,0.04178361224,0.001745870252,0.001597662922,0.007328213891,0.02340751514,0.7818439007,0.01607930125,-0.01679073798,0.04752646701,1934,9.217863782
emotion_relief,song,20981,7060,25.17741878,0.002841221367,0.001542362152,0.005144106698,2.646183372e-05,0.0001386238291,0.0008551083156,0.002830543788,0.1009284183,0.001975435473,-0.002108044893,0.005793696997,1959,9.337019208
emotion_remorse,song,20981,7060,25.17741878,0.00778130631,0.001384712872,0.03950205791,0.001560412579,8.47058036e-05,0.0005257688825,0.004201898817,0.8024336696,0.003676129935,-0.004988426019,0.009716093719,2507,11.94890615
emotion_sadness,song,20981,7060,25.17741878,0.08477315328,0.009461984038,0.1656100763,0.02742669737,0.0003625717654,0.00272934078,0.06977393478,0.9205482006,0.067044594,-0.09783755022,0.1703408258,3287,15.66655545
emotion_surprise,song,20981,7060,25.17741878,0.009562643608,0.002641883912,0.0319493867,0.00102076331,0.0001939943904,0.001345809258,0.006319680717,0.6700626016,0.004973871459,-0.00611499793,0.01378048791,2571,12.25394404
emotion_neutral,song,20981,7060,25.17741878,0.3729556815,0.3057405949,0.2891042308,0.08358125627,0.002796492772,0.1080046967,0.6091153028,0.9717388153,0.5011106061,-0.6436612125,1.360781212,0,0
sentiment_negative,song,20981,7060,25.17741878,0.2692687321,0.2614305019,0.07905457958,0.006249626553,0.04479843378,0.2184227854,0.3088918366,0.8764133453,0.09046905117,0.08271920864,0.4445954133,620,2.955054573
sentiment_neutral,song,20981,7060,25.17741878,0.4256929261,0.4282391965,0.03989409669,0.001591538951,0.08673584461,0.4045189917,0.4507619739,0.6598145962,0.04624298215,0.3351545185,0.5201264471,600,2.859730232
sentiment_positive,song,20981,7060,25.17741878,0.305038342,0.3009027243,0.0743957594,0.005534729017,0.02633831277,0.2595143616,0.3464653194,0.7684315443,0.08695095778,0.129087925,0.4768917561,666,3.174300558
