family,model_a,label_a,model_b,label_b,selection,song_id,title,artist,score_a,score_b,percentile_a,percentile_b,absolute_percentile_gap
sexual,lyriclens,sexual,detoxify,sexual_explicit,a_ranks_lower,song_a7464a3d004fed14e1824802fca94ffd5af3ac71e2e2e34435fccd0ff534a2ed,Happy,Pharrell Williams,0.009669705294072628,0.003959087189286947,0.19095477386934673,0.678391959798995,0.4874371859296483
sexual,lyriclens,sexual,detoxify,sexual_explicit,a_ranks_lower,song_be7eac0fa653c7531ff79984dc290b805f805913ea19ea18c4e8bb0a26a7930b,Lipstick Traces (On A Cigarette),The O'Jays,0.0146424425765872,0.006944738794118166,0.24120603015075376,0.7286432160804021,0.4874371859296483
sexual,lyriclens,sexual,detoxify,sexual_explicit,a_ranks_higher,song_1130d71736864e2f32c66a5784e269842b861afc685af864962777b4ea459b76,Soul Man,Blues Brothers,0.9967592358589172,0.00026098519447259605,0.8944723618090452,0.21608040201005024,0.6783919597989949
sexual,lyriclens,sexual,detoxify,sexual_explicit,a_ranks_higher,song_68dc4986474def8d475f2c997d665706774730408ee1330071322a31354abc97,Rings,Cymarron,0.9974713325500488,0.00012518116272985935,0.9396984924623115,0.12060301507537688,0.8190954773869347
sexual,lyriclens,sexual,detoxify,sexual_explicit,both_high,song_a9824e4acd085fbd53e561a95b0a44b852833928c774ab7affba998ddfec95a6,Closer,Nine Inch Nails,0.9992576241493225,0.8855344653129578,1.0,1.0,0.0
sexual,lyriclens,sexual,detoxify,sexual_explicit,both_high,song_97dde8742e0cc2461773a6d71873bf7831160cc7b3b82fcb096f1022b4c12759,WAP,Cardi B Featuring Megan Thee Stallion,0.9981549382209778,0.85885222752889,0.964824120603015,0.9949748743718593,0.03015075376884424
sexual,lyriclens,sexual,detoxify,sexual_explicit,both_low,song_05be1f29e67911d8e269dbbba495ee25b92120a0aba32db094923f7adf2183b7,Are We Ourselves?,The Fixx,0.0026399297639727592,1.410689492331585e-05,0.04020100502512563,0.005025125628140704,0.035175879396984924
sexual,lyriclens,sexual,detoxify,sexual_explicit,both_low,song_120331d2247754424d30484b3670c2d5c1ce827e7072814177b00993de5c5d32,Sunshine In The Shade,The Fixx,0.002279534237459302,3.9671791455475613e-05,0.035175879396984924,0.04522613065326633,0.010050251256281409
sexual,lyriclens,sexual,bart,sexual,a_ranks_lower,song_02774fe4f56b6d0a37952e7ecde8456be181bcb74ccb21de416a2aaf61e6f01c,Almost Like Praying,Lin-Manuel Miranda Featuring Artists For Puerto Rico,0.0824601873755455,0.9763598747915151,0.37185929648241206,0.9547738693467337,0.5829145728643217
sexual,lyriclens,sexual,bart,sexual,a_ranks_lower,song_beae324dbfbd3d29294643d2f1938b0205c4b9c455a55bd53f5c494c91253adb,Boondocks,Little Big Town,0.004312332719564438,0.883669261745561,0.08542713567839195,0.6381909547738693,0.5527638190954773
sexual,lyriclens,sexual,bart,sexual,a_ranks_higher,song_b5dba8821898b6e121e493b47cf4d536d7a7c5d16bcc38aaedc2b4899288889d,New Rules,Dua Lipa,0.9812630414962769,0.06406215875045546,0.6884422110552764,0.0,0.6884422110552764
sexual,lyriclens,sexual,bart,sexual,a_ranks_higher,song_8dc915eed4c70e3c837e01cd5e20204612237664f511b3bef8fbde1bbd51f7d9,Wiggle It,2 In A Room,0.9984478950500488,0.660463168516351,0.9748743718592965,0.17587939698492464,0.7989949748743719
sexual,lyriclens,sexual,bart,sexual,both_high,song_a9824e4acd085fbd53e561a95b0a44b852833928c774ab7affba998ddfec95a6,Closer,Nine Inch Nails,0.9992576241493225,0.988641442890692,1.0,0.9899497487437185,0.01005025125628145
sexual,lyriclens,sexual,bart,sexual,both_high,song_97dde8742e0cc2461773a6d71873bf7831160cc7b3b82fcb096f1022b4c12759,WAP,Cardi B Featuring Megan Thee Stallion,0.9981549382209778,0.9928072421190748,0.964824120603015,0.9949748743718593,0.03015075376884424
sexual,lyriclens,sexual,bart,sexual,both_low,song_70546899a6e183f6372805a853d775765a7e8a8830aa028622ddbb39c3c6887a,Fix You,Coldplay,0.0022048098035156727,0.35938378196985754,0.03015075376884422,0.02512562814070352,0.005025125628140701
sexual,lyriclens,sexual,bart,sexual,both_low,song_120331d2247754424d30484b3670c2d5c1ce827e7072814177b00993de5c5d32,Sunshine In The Shade,The Fixx,0.002279534237459302,0.3337841359723168,0.035175879396984924,0.01507537688442211,0.020100502512562814
sexual,detoxify,sexual_explicit,bart,sexual,a_ranks_lower,song_1130d71736864e2f32c66a5784e269842b861afc685af864962777b4ea459b76,Soul Man,Blues Brothers,0.00026098519447259605,0.9675729062700766,0.21608040201005024,0.9195979899497487,0.7035175879396984
sexual,detoxify,sexual_explicit,bart,sexual,a_ranks_lower,song_68dc4986474def8d475f2c997d665706774730408ee1330071322a31354abc97,Rings,Cymarron,0.00012518116272985935,0.9254402409549798,0.12060301507537688,0.7788944723618091,0.6582914572864322
sexual,detoxify,sexual_explicit,bart,sexual,a_ranks_higher,song_8dc915eed4c70e3c837e01cd5e20204612237664f511b3bef8fbde1bbd51f7d9,Wiggle It,2 In A Room,0.06205030344426632,0.660463168516351,0.8592964824120602,0.17587939698492464,0.6834170854271356
sexual,detoxify,sexual_explicit,bart,sexual,a_ranks_higher,song_b5dba8821898b6e121e493b47cf4d536d7a7c5d16bcc38aaedc2b4899288889d,New Rules,Dua Lipa,0.004334493214803888,0.06406215875045546,0.6884422110552764,0.0,0.6884422110552764
sexual,detoxify,sexual_explicit,bart,sexual,both_high,song_97dde8742e0cc2461773a6d71873bf7831160cc7b3b82fcb096f1022b4c12759,WAP,Cardi B Featuring Megan Thee Stallion,0.85885222752889,0.9928072421190748,0.9949748743718593,0.9949748743718593,0.0
sexual,detoxify,sexual_explicit,bart,sexual,both_high,song_a9824e4acd085fbd53e561a95b0a44b852833928c774ab7affba998ddfec95a6,Closer,Nine Inch Nails,0.8855344653129578,0.988641442890692,1.0,0.9899497487437185,0.01005025125628145
sexual,detoxify,sexual_explicit,bart,sexual,both_low,song_6dc4b05872cf526300be88208f4fd48cdc16f207b865ca7c05fd42fcada13675,Cindy's Birthday,Johnny Crawford,3.126884621451609e-05,0.15732791368157548,0.03015075376884422,0.005025125628140704,0.025125628140703515
sexual,detoxify,sexual_explicit,bart,sexual,both_low,song_f41a534741f51cde1d600b6ee480a6cec27c432d48b34b9d946bd8331f5d2a74,Rainbow Connection,Kermit (Jim Henson),3.421392466407269e-05,0.5020248928234322,0.035175879396984924,0.04020100502512563,0.0050251256281407045
violence,lyriclens,violence,detoxify,threat,a_ranks_lower,song_690e3e60b5c5037449b2757dda9d6757ed3ec925b71a0e80ad7109d85f8667b5,Firecracker,Mass Production,0.0023399631027132273,0.05276978692440014,0.135678391959799,0.9798994974874372,0.8442211055276382
violence,lyriclens,violence,detoxify,threat,a_ranks_lower,song_11fde80db739a6f64d0a9d9b691cf7b6526c1ba2e830f676d5e4a336c17c9df8,How Country Feels,Randy Houser,0.0031637498177587986,0.38061538338661194,0.21105527638190955,0.9949748743718593,0.7839195979899497
violence,lyriclens,violence,detoxify,threat,a_ranks_higher,song_c0c862864db358e90588de9f7252a57d2071427842018127b437850496d715fa,Amen,The Impressions,0.020007962360978127,1.982863796001766e-05,0.6633165829145728,0.02512562814070352,0.6381909547738693
violence,lyriclens,violence,detoxify,threat,a_ranks_higher,song_d6fa79aae091c9b9eefa30e3a78f93ecdbbb66c8c1befb282bb7324a03578d7a,What Is Truth,Johnny Cash,0.9906328916549683,5.134889579494484e-05,0.8693467336683417,0.12060301507537688,0.7487437185929648
violence,lyriclens,violence,detoxify,threat,both_high,song_97cfc67489dd849a26253fcdefcaff63ecc2b80e39a5a4b394c09a496e723f59,You Better You Bet,The Who,0.9975057244300842,0.031227207742631435,0.964824120603015,0.9698492462311558,0.005025125628140725
violence,lyriclens,violence,detoxify,threat,both_high,song_5194b6c0df56b87df950120af2c8399eb039c29f29878b87ff284b768eb9ab5a,I Don't Like,Chief Keef Featuring Lil Reese,0.9971914887428284,0.027733387735982735,0.9597989949748744,0.964824120603015,0.005025125628140614
violence,lyriclens,violence,detoxify,threat,both_low,song_815056a3d0f74d832a9989d4bcb3e56697b29dd14bd3aaa012fb8c5b6ffde806,I Wrote A Simple Song,Billy Preston,0.002075310330837965,2.988411142723635e-05,0.09045226130653267,0.04522613065326633,0.04522613065326633
violence,lyriclens,violence,detoxify,threat,both_low,song_341d5e61c3771b2583160580b52ebf1a8e95798d167c3120383be6d5c367dcd6,Deja Vu,Olivia Rodrigo,0.0004991397727280855,4.757563874591142e-05,0.0,0.11055276381909548,0.11055276381909548
violence,lyriclens,violence,bart,violence,a_ranks_lower,song_02774fe4f56b6d0a37952e7ecde8456be181bcb74ccb21de416a2aaf61e6f01c,Almost Like Praying,Lin-Manuel Miranda Featuring Artists For Puerto Rico,0.0006337040686048567,0.9124936945367812,0.01507537688442211,0.8442211055276382,0.8291457286432161
violence,lyriclens,violence,bart,violence,a_ranks_lower,song_6f4dfcd36cc7c0bd6c33b7074f8be8254768e06df0d3616b1aa5940c9bcf8caa,Can't Stop The Feeling!,Justin Timberlake,0.001879046089015901,0.938599638486028,0.08040201005025126,0.8793969849246231,0.7989949748743719
violence,lyriclens,violence,bart,violence,a_ranks_higher,song_e850a0ebd5865cbcde0d7358f03fb5b1793e1d046b07f23d6f6f42c012be6355,Cry Just A Little,Paul Davis,0.38186323642730713,0.11213362887467264,0.7889447236180904,0.1457286432160804,0.6432160804020101
violence,lyriclens,violence,bart,violence,a_ranks_higher,song_23d90431f2ad7d4f8d31fc70fb9bc9aad106a4f8849752e76e878e6e017eb477,Imagine,John Lennon/Plastic Ono Band,0.9949536919593811,0.12408477846473678,0.8994974874371859,0.17587939698492464,0.7236180904522613
violence,lyriclens,violence,bart,violence,both_high,song_97cfc67489dd849a26253fcdefcaff63ecc2b80e39a5a4b394c09a496e723f59,You Better You Bet,The Who,0.9975057244300842,0.9843131903019507,0.964824120603015,0.9597989949748744,0.005025125628140614
violence,lyriclens,violence,bart,violence,both_high,song_5194b6c0df56b87df950120af2c8399eb039c29f29878b87ff284b768eb9ab5a,I Don't Like,Chief Keef Featuring Lil Reese,0.9971914887428284,0.9870600403837495,0.9597989949748744,0.964824120603015,0.005025125628140614
violence,lyriclens,violence,bart,violence,both_low,song_0aed0baea9ae5d346cf2c42de2f92d7bd81418aa8269b3f685d489fdbf4cc08d,My Girl,The Temptations,0.0007344101322814822,0.07916222124572049,0.020100502512562814,0.09045226130653267,0.07035175879396985
violence,lyriclens,violence,bart,violence,both_low,song_e8d12bd574eb26390ca5a7305f06d31dfc884bedad4f378b2c5bb7a1072900a6,Little Things,One Direction,0.0021036933176219463,0.07212818404735855,0.10050251256281408,0.06532663316582915,0.035175879396984924
violence,detoxify,threat,bart,violence,a_ranks_lower,song_998bc37c190dff49fde971e79accf4badc8b6cfaf976b48a0ee35395bfbd062d,Hot Fun In The Summertime,Dayton,3.2087715226225555e-05,0.6965659488447445,0.06532663316582915,0.7386934673366834,0.6733668341708543
violence,detoxify,threat,bart,violence,a_ranks_lower,song_120331d2247754424d30484b3670c2d5c1ce827e7072814177b00993de5c5d32,Sunshine In The Shade,The Fixx,3.290610766271129e-05,0.6013899882399009,0.07035175879396985,0.678391959798995,0.6080402010050252
violence,detoxify,threat,bart,violence,a_ranks_higher,song_d86e59f3a47090f8d0e393978a66012120bcd864bc0d5e43c29e36afd84f6bd6,Everything To Me,Monica,0.01230994239449501,0.11248642436288962,0.9296482412060302,0.15577889447236182,0.7738693467336684
violence,detoxify,threat,bart,violence,a_ranks_higher,song_e850a0ebd5865cbcde0d7358f03fb5b1793e1d046b07f23d6f6f42c012be6355,Cry Just A Little,Paul Davis,0.5534355640411377,0.11213362887467264,1.0,0.1457286432160804,0.8542713567839196
violence,detoxify,threat,bart,violence,both_high,song_69823ed1beab1c15adab303458294de6aa805b844e4d9bc1cb759b53d8e1d0b8,Murder On My Mind,YNW Melly,0.032310463666546975,0.988086880970984,0.9748743718592965,0.9698492462311558,0.005025125628140725
violence,detoxify,threat,bart,violence,both_high,song_5194b6c0df56b87df950120af2c8399eb039c29f29878b87ff284b768eb9ab5a,I Don't Like,Chief Keef Featuring Lil Reese,0.027733387735982735,0.9870600403837495,0.964824120603015,0.964824120603015,0.0
violence,detoxify,threat,bart,violence,both_low,song_f41a534741f51cde1d600b6ee480a6cec27c432d48b34b9d946bd8331f5d2a74,Rainbow Connection,Kermit (Jim Henson),1.7734693756210618e-05,0.04978615848524392,0.010050251256281407,0.03015075376884422,0.02010050251256281
violence,detoxify,threat,bart,violence,both_low,song_21c7c8f7417b94a8c111b2a1c7570396b0e49f3c9f7cbbdd593d6d1c03d738d9,You Are The Sunshine Of My Life,Stevie Wonder,2.807491364364978e-05,0.05608319728311869,0.035175879396984924,0.035175879396984924,0.0
explicit_language,lyriclens,explicit_language,detoxify,obscene,a_ranks_lower,song_bf360f56da3572e8620b9132cd3751862eec7362dcce1703b91d8655dd4c76b3,To Die For,Sam Smith,0.0012931228848174214,0.021903933957219124,0.035175879396984924,0.6984924623115578,0.6633165829145728
explicit_language,lyriclens,explicit_language,detoxify,obscene,a_ranks_lower,song_2d1e136f70b14cbd83c69d01eb86a415f2edaab314e912aa55ae921ce76f9873,2U,David Guetta Featuring Justin Bieber,0.0038470143917948008,0.1791931539773941,0.18592964824120603,0.8442211055276382,0.6582914572864321
explicit_language,lyriclens,explicit_language,detoxify,obscene,a_ranks_higher,song_d92c03539e450a03b3a9eb1ff232dcc47d451ed2498faa25e75f78acef87bd6a,(You Don't Have To) Paint Me A Picture,Gary Lewis And The Playboys,0.9167596101760864,0.00045927547034807503,0.7939698492462312,0.21608040201005024,0.5778894472361809
explicit_language,lyriclens,explicit_language,detoxify,obscene,a_ranks_higher,song_4db06392bfcf969f7324a5b9dc24bde01061fbef474f64154ea5b116a503c454,Teacher Teacher,38 Special,0.26486143469810486,0.00021223857766017318,0.6934673366834171,0.10050251256281408,0.592964824120603
explicit_language,lyriclens,explicit_language,detoxify,obscene,both_high,song_df65c35504bb4ab737bbde1916d9226388671296143f32de56be3bcd942836de,Shut It Down,Pitbull Featuring Akon,0.9984914064407349,0.9421453475952148,0.9849246231155779,0.9748743718592965,0.01005025125628145
explicit_language,lyriclens,explicit_language,detoxify,obscene,both_high,song_e974a41fe0c5464980062ef5bfe8c01e1fb90ce11c92a2aa9e4e4dc84512c6aa,iPHONE,DaBaby & Nicki Minaj,0.9982144832611084,0.9402509133021036,0.9748743718592965,0.9698492462311558,0.005025125628140725
explicit_language,lyriclens,explicit_language,detoxify,obscene,both_low,song_998bc37c190dff49fde971e79accf4badc8b6cfaf976b48a0ee35395bfbd062d,Hot Fun In The Summertime,Dayton,0.0011998198460787535,0.00012819840412703343,0.02512562814070352,0.06532663316582915,0.040201005025125636
explicit_language,lyriclens,explicit_language,detoxify,obscene,both_low,song_f41a534741f51cde1d600b6ee480a6cec27c432d48b34b9d946bd8331f5d2a74,Rainbow Connection,Kermit (Jim Henson),0.001957823522388935,6.33265299256891e-05,0.07537688442211055,0.03015075376884422,0.045226130653266326
explicit_language,lyriclens,explicit_language,bart,profanity,a_ranks_lower,song_41cdcd17020b65b4e4437210a8c492aaa7bdc0500b9ef269cc7168648a893175,River Deep - Mountain High,The Supremes & Four Tops,0.0011666746577247977,0.875619067925321,0.010050251256281407,0.7035175879396985,0.6934673366834171
explicit_language,lyriclens,explicit_language,bart,profanity,a_ranks_lower,song_ce55a9b58d73f0eaccd32f2d0b15687e9ff76c2ac47b5977a2c0507e07f966cc,He's A Liar,Bee Gees,0.0019396288553252816,0.9029105351184417,0.07035175879396985,0.7537688442211056,0.6834170854271358
explicit_language,lyriclens,explicit_language,bart,profanity,a_ranks_higher,song_2a783aa21125846631c321e170948f1689071a051714cf6e57c7cfb4ba6c8b89,Let's Get It On,Marvin Gaye,0.619537353515625,0.4521375606224971,0.7487437185929648,0.05527638190954774,0.6934673366834171
explicit_language,lyriclens,explicit_language,bart,profanity,a_ranks_higher,song_b5dba8821898b6e121e493b47cf4d536d7a7c5d16bcc38aaedc2b4899288889d,New Rules,Dua Lipa,0.6849333643913269,0.0801860076903876,0.7587939698492462,0.0,0.7587939698492462
explicit_language,lyriclens,explicit_language,bart,profanity,both_high,song_3be80d6898e6d7126085bef1a2e577252c3acb8d6fb29059cd60aa374c032093,Flava In Ya Ear,Craig Mack,0.9996194839477539,0.9967411814312804,1.0,1.0,0.0
explicit_language,lyriclens,explicit_language,bart,profanity,both_high,song_1d68186326e359b9669b2f7c11d69a9643793fb708e6fe1003c21e5c3aa6232a,Crushed Up,Future,0.9995755553245544,0.9894696991405812,0.9949748743718593,0.9597989949748744,0.035175879396984855
explicit_language,lyriclens,explicit_language,bart,profanity,both_low,song_a22606f73b2eb26912bcd4c63b31ac5c72f573b98d06a74097ac6988b8a4761a,God Must Have Spent A Little More Time On You,Alabama Featuring 'N Sync,0.0013225411530584097,0.44300956668345337,0.04020100502512563,0.05025125628140704,0.010050251256281409
explicit_language,lyriclens,explicit_language,bart,profanity,both_low,song_bf360f56da3572e8620b9132cd3751862eec7362dcce1703b91d8655dd4c76b3,To Die For,Sam Smith,0.0012931228848174214,0.48344311695383796,0.035175879396984924,0.10050251256281408,0.06532663316582915
explicit_language,detoxify,obscene,bart,profanity,a_ranks_lower,song_fd806b3821bf03e97e417fa26b068546358a5dc336dc9669759f406326f62c9d,You Can't Take The Honky Tonk Out Of The Girl,Brooks & Dunn,0.00037643470568582416,0.9283718273262652,0.18592964824120603,0.7889447236180904,0.6030150753768844
explicit_language,detoxify,obscene,bart,profanity,a_ranks_lower,song_9277254377f0ed6ea2c94d6f5d17ee81782d30bd4f80f6185a6d4d87c99850f7,Hold On,Ian Gomm,3.381581700523384e-05,0.8260535846289682,0.005025125628140704,0.6030150753768844,0.5979899497487436
explicit_language,detoxify,obscene,bart,profanity,a_ranks_higher,song_2a152a848f4917084d006e080ecbb3c882aeafefc1a851978231c794e8f12e5a,Read Your Mind,Avant,0.05399732881768423,0.48050406072874347,0.7839195979899497,0.09547738693467336,0.6884422110552764
explicit_language,detoxify,obscene,bart,profanity,a_ranks_higher,song_b5dba8821898b6e121e493b47cf4d536d7a7c5d16bcc38aaedc2b4899288889d,New Rules,Dua Lipa,0.024737242823814256,0.0801860076903876,0.7035175879396985,0.0,0.7035175879396985
explicit_language,detoxify,obscene,bart,profanity,both_high,song_97dde8742e0cc2461773a6d71873bf7831160cc7b3b82fcb096f1022b4c12759,WAP,Cardi B Featuring Megan Thee Stallion,0.979826013247172,0.995628565056946,1.0,0.9899497487437185,0.01005025125628145
explicit_language,detoxify,obscene,bart,profanity,both_high,song_e2c1ed4ba63771b7e206087975fadfe2d4942fdc015891840947f04e2959c89b,Need It,Migos Featuring YoungBoy Never Broke Again,0.9237858255704244,0.9923572978657769,0.9597989949748744,0.9798994974874372,0.02010050251256279
explicit_language,detoxify,obscene,bart,profanity,both_low,song_b10199f4fcf60c75729c81ed97259c8e6aa9673cdcb93acdc6f4171e7cf8d945,What A Wonderful World,Louis Armstrong,7.554507465101779e-05,0.2972323130021308,0.04522613065326633,0.01507537688442211,0.030150753768844223
explicit_language,detoxify,obscene,bart,profanity,both_low,song_6dc4b05872cf526300be88208f4fd48cdc16f207b865ca7c05fd42fcada13675,Cindy's Birthday,Johnny Crawford,8.708363020559773e-05,0.16357855470477,0.05025125628140704,0.005025125628140704,0.04522613065326633
substance,lyriclens,substance,bart,drugs,a_ranks_lower,song_f4185aea5cd17f1abea03ccb1fa6b853bc8cc48352e792e4aa84bd5673669c5e,The Itch,Vitamin C,0.0010773357935249805,0.9358555449127992,0.06532663316582915,0.9195979899497487,0.8542713567839195
substance,lyriclens,substance,bart,drugs,a_ranks_lower,song_10f21a7ac2fc5e27711d31d4a39dd3e60c793cda1e918d41a79a3b7b83519df3,Not Nice,PARTYNEXTDOOR,0.0003945846692658961,0.6936378686653067,0.0,0.678391959798995,0.678391959798995
substance,lyriclens,substance,bart,drugs,a_ranks_higher,song_9d821af9a1e2446b36ca98875f174e35acda58d417c5ae54ee1782d1b5ca2245,Bless You,Martha Reeves & The Vandellas,0.9367891550064087,0.20336516055886125,0.8140703517587939,0.09547738693467336,0.7185929648241206
substance,lyriclens,substance,bart,drugs,a_ranks_higher,song_b5dba8821898b6e121e493b47cf4d536d7a7c5d16bcc38aaedc2b4899288889d,New Rules,Dua Lipa,0.9991021156311035,0.04255396583230131,0.9949748743718593,0.005025125628140704,0.9899497487437185
substance,lyriclens,substance,bart,drugs,both_high,song_c0eeb4729f1ae33d58424899c3c15392241f8e296e88cad503bcb8fe60060eed,Never Hating,Lil Baby & Young Thug,0.9972188472747803,0.9860516860211388,0.9597989949748744,0.9748743718592965,0.015075376884422065
substance,lyriclens,substance,bart,drugs,both_high,song_c3db28de2fa21737c828f45aa697bf98c14ad08a22646c2f0114dd15614a1503,Your Own Back Yard,Dion,0.9976673126220703,0.9651640237162259,0.964824120603015,0.9547738693467337,0.01005025125628134
substance,lyriclens,substance,bart,drugs,both_low,song_815056a3d0f74d832a9989d4bcb3e56697b29dd14bd3aaa012fb8c5b6ffde806,I Wrote A Simple Song,Billy Preston,0.0014702456537634134,0.1255350453120522,0.11055276381909548,0.04020100502512563,0.07035175879396985
substance,lyriclens,substance,bart,drugs,both_low,song_64d37feb1fa3da190b5b48cdf28bee0181308224ba28cffb740e5048b0ab4306,Travelin' Prayer,Billy Joel,0.0012962698237970471,0.23974905922993525,0.07537688442211055,0.12562814070351758,0.05025125628140703
substance,lyriclens,substance,bart,alcohol,a_ranks_lower,song_be18506dff183b6a8ee7e34e0063fde1d8f047a431bce1ad15210cd247070d71,No Scrubs,TLC,0.00231275730766356,0.9450110773725355,0.19095477386934673,0.9396984924623115,0.7487437185929648
substance,lyriclens,substance,bart,alcohol,a_ranks_lower,song_be496be8f147804f19e5da1c133d50508585f40e981a49067a86443a2c7dc9a8,Free Yourself,Fantasia,0.0014607689809054136,0.8674406179630813,0.10552763819095477,0.7939698492462312,0.6884422110552764
substance,lyriclens,substance,bart,alcohol,a_ranks_higher,song_490e143d0fd6a02b0ba3c323afbcb0dce7212b54f94f8761250dc778ada4125c,Welcome To Tha Carter,Lil Wayne,0.9882623553276062,0.28953115433922405,0.8542713567839196,0.08040201005025126,0.7738693467336684
substance,lyriclens,substance,bart,alcohol,a_ranks_higher,song_b5dba8821898b6e121e493b47cf4d536d7a7c5d16bcc38aaedc2b4899288889d,New Rules,Dua Lipa,0.9991021156311035,0.09587513543461669,0.9949748743718593,0.0,0.9949748743718593
substance,lyriclens,substance,bart,alcohol,both_high,song_fcece81d4ce48c45670077783d519702d20ce3c27d5489f2eeba0f033d95faaa,Be Her,Ella Langley,0.9985557198524475,0.9786633719162946,0.9849246231155779,0.9748743718592965,0.01005025125628145
substance,lyriclens,substance,bart,alcohol,both_high,song_c0eeb4729f1ae33d58424899c3c15392241f8e296e88cad503bcb8fe60060eed,Never Hating,Lil Baby & Young Thug,0.9972188472747803,0.9709981479856878,0.9597989949748744,0.964824120603015,0.005025125628140614
substance,lyriclens,substance,bart,alcohol,both_low,song_815056a3d0f74d832a9989d4bcb3e56697b29dd14bd3aaa012fb8c5b6ffde806,I Wrote A Simple Song,Billy Preston,0.0014702456537634134,0.20771566064238906,0.11055276381909548,0.02512562814070352,0.08542713567839197
substance,lyriclens,substance,bart,alcohol,both_low,song_59328e4ef495b0a2eead2600eb40694f1921b10840b1f242e3580ce8c59f8a86,The Jolly Green Giant,The Kingsmen,0.0018952848622575402,0.2974830343133855,0.1407035175879397,0.09547738693467336,0.04522613065326633
hostility,detoxify,toxicity,emotion,anger,a_ranks_lower,song_b32a265f2ff03acfa08f045465ca51a6fb31e221f2824a03ef7c5889cee866af,There's Nothing I Can Say,Rick Nelson,0.002188611775636673,0.014428718015551567,0.1306532663316583,0.7537688442211056,0.6231155778894473
hostility,detoxify,toxicity,emotion,anger,a_ranks_lower,song_d92c03539e450a03b3a9eb1ff232dcc47d451ed2498faa25e75f78acef87bd6a,(You Don't Have To) Paint Me A Picture,Gary Lewis And The Playboys,0.008813699707388878,0.0708988606929779,0.3417085427135678,0.9045226130653267,0.5628140703517588
hostility,detoxify,toxicity,emotion,anger,a_ranks_higher,song_c3db28de2fa21737c828f45aa697bf98c14ad08a22646c2f0114dd15614a1503,Your Own Back Yard,Dion,0.25704246759414673,0.0018756301142275333,0.7437185929648241,0.1407035175879397,0.6030150753768844
hostility,detoxify,toxicity,emotion,anger,a_ranks_higher,song_c4eabeecb02281b19acf05dac0942d25da1b7cae44fc83479a18c5a5594546ab,"Go, Jimmy, Go",Jimmy Clanton,0.1918158084154129,0.0014461349928751588,0.7035175879396985,0.08542713567839195,0.6180904522613065
hostility,detoxify,toxicity,emotion,anger,both_high,song_5194b6c0df56b87df950120af2c8399eb039c29f29878b87ff284b768eb9ab5a,I Don't Like,Chief Keef Featuring Lil Reese,0.9952962398529053,0.4463259776433309,1.0,0.9949748743718593,0.005025125628140725
hostility,detoxify,toxicity,emotion,anger,both_high,song_e974a41fe0c5464980062ef5bfe8c01e1fb90ce11c92a2aa9e4e4dc84512c6aa,iPHONE,DaBaby & Nicki Minaj,0.9774098793665568,0.29791367799043655,0.9748743718592965,0.9849246231155779,0.01005025125628145
hostility,detoxify,toxicity,emotion,anger,both_low,song_e1a7f29430e196c1d83a8f58a4a17f41d5c2fadde8c3cf34dee5280016e53eda,State Of the Heart,Rick Springfield,0.0007281614234670997,0.0008743193466216326,0.02512562814070352,0.010050251256281407,0.015075376884422112
hostility,detoxify,toxicity,emotion,anger,both_low,song_120331d2247754424d30484b3670c2d5c1ce827e7072814177b00993de5c5d32,Sunshine In The Shade,The Fixx,0.0007070693536661565,0.0009949194500222802,0.020100502512562814,0.03015075376884422,0.010050251256281405
hostility,detoxify,toxicity,emotion,disgust,a_ranks_lower,song_4cc7506f1e8d8210be05ab31ae91bd610554d866b02bf85d1040cd114b42b273,Never A Time,Genesis,0.0004979209043085575,0.004406825639307499,0.010050251256281407,0.6633165829145728,0.6532663316582914
hostility,detoxify,toxicity,emotion,disgust,a_ranks_lower,song_38ab85ef42919e3470a0bba519d88e130e73773df3fe01aec967b66c83a71a6d,Mary Ann Regrets,Burl Ives,0.0016279025003314018,0.005094138439744711,0.08542713567839195,0.7185929648241206,0.6331658291457286
hostility,detoxify,toxicity,emotion,disgust,a_ranks_higher,song_2a152a848f4917084d006e080ecbb3c882aeafefc1a851978231c794e8f12e5a,Read Your Mind,Avant,0.17889458923808232,0.0008660569219037321,0.6934673366834171,0.09547738693467336,0.5979899497487438
hostility,detoxify,toxicity,emotion,disgust,a_ranks_higher,song_89d75c9f3c3a88e6888930caa50d728f6bdfa0b90fe8fa2978b32e8582e20df0,Get The Party Started,P!nk,0.4739712178707123,0.0010955078760161996,0.8090452261306532,0.1507537688442211,0.6582914572864321
hostility,detoxify,toxicity,emotion,disgust,both_high,song_5194b6c0df56b87df950120af2c8399eb039c29f29878b87ff284b768eb9ab5a,I Don't Like,Chief Keef Featuring Lil Reese,0.9952962398529053,0.056838277727365494,1.0,0.9949748743718593,0.005025125628140725
hostility,detoxify,toxicity,emotion,disgust,both_high,song_179feb8a79929d69156bfaf7c8ed48a7d01d17db6762f40e1d540507cc4f76e6,Gin And Juice,Snoop Doggy Dogg,0.9821945490270508,0.026505854354875572,0.9798994974874372,0.9698492462311558,0.01005025125628145
hostility,detoxify,toxicity,emotion,disgust,both_low,song_998bc37c190dff49fde971e79accf4badc8b6cfaf976b48a0ee35395bfbd062d,Hot Fun In The Summertime,Dayton,0.0010407087102066725,0.0007060677744448185,0.05025125628140704,0.04020100502512563,0.010050251256281409
hostility,detoxify,toxicity,emotion,disgust,both_low,song_c0c862864db358e90588de9f7252a57d2071427842018127b437850496d715fa,Amen,The Impressions,0.0009842639556154609,0.0008535062661394477,0.04522613065326633,0.08542713567839195,0.04020100502512562
hostility,detoxify,insult,emotion,anger,a_ranks_lower,song_b32a265f2ff03acfa08f045465ca51a6fb31e221f2824a03ef7c5889cee866af,There's Nothing I Can Say,Rick Nelson,0.00021686307445634156,0.014428718015551567,0.05025125628140704,0.7537688442211056,0.7035175879396985
hostility,detoxify,insult,emotion,anger,a_ranks_lower,song_4a225ece50c775ee4f1d96ae38d401c088742b3f1525d0467f18be399a7233b9,I Missed Me,Jim Reeves,0.0004912980948574841,0.01283564604818821,0.1457286432160804,0.7236180904522613,0.577889447236181
hostility,detoxify,insult,emotion,anger,a_ranks_higher,song_c3db28de2fa21737c828f45aa697bf98c14ad08a22646c2f0114dd15614a1503,Your Own Back Yard,Dion,0.15213587880134583,0.0018756301142275333,0.8241206030150754,0.1407035175879397,0.6834170854271358
hostility,detoxify,insult,emotion,anger,a_ranks_higher,song_c4eabeecb02281b19acf05dac0942d25da1b7cae44fc83479a18c5a5594546ab,"Go, Jimmy, Go",Jimmy Clanton,0.1673702895641327,0.0014461349928751588,0.8341708542713567,0.08542713567839195,0.7487437185929647
hostility,detoxify,insult,emotion,anger,both_high,song_5194b6c0df56b87df950120af2c8399eb039c29f29878b87ff284b768eb9ab5a,I Don't Like,Chief Keef Featuring Lil Reese,0.8722209731737772,0.4463259776433309,1.0,0.9949748743718593,0.005025125628140725
hostility,detoxify,insult,emotion,anger,both_high,song_5d5af3444c66dfa9b904e41deae67f9dc3da2e8afe113f76d35d7c17893c4021,Liar,Profyle,0.7277178168296814,0.45302124321460724,0.9849246231155779,1.0,0.015075376884422065
hostility,detoxify,insult,emotion,anger,both_low,song_e1a7f29430e196c1d83a8f58a4a17f41d5c2fadde8c3cf34dee5280016e53eda,State Of the Heart,Rick Springfield,0.00019034634169656783,0.0008743193466216326,0.035175879396984924,0.010050251256281407,0.025125628140703515
hostility,detoxify,insult,emotion,anger,both_low,song_9277254377f0ed6ea2c94d6f5d17ee81782d30bd4f80f6185a6d4d87c99850f7,Hold On,Ian Gomm,0.00010439434845466167,0.0012366133742034435,0.0,0.06030150753768844,0.06030150753768844
hostility,detoxify,insult,emotion,disgust,a_ranks_lower,song_4cc7506f1e8d8210be05ab31ae91bd610554d866b02bf85d1040cd114b42b273,Never A Time,Genesis,0.00013578894140664488,0.004406825639307499,0.010050251256281407,0.6633165829145728,0.6532663316582914
hostility,detoxify,insult,emotion,disgust,a_ranks_lower,song_4a225ece50c775ee4f1d96ae38d401c088742b3f1525d0467f18be399a7233b9,I Missed Me,Jim Reeves,0.0004912980948574841,0.007425662130117416,0.1457286432160804,0.7889447236180904,0.6432160804020101
hostility,detoxify,insult,emotion,disgust,a_ranks_higher,song_c4eabeecb02281b19acf05dac0942d25da1b7cae44fc83479a18c5a5594546ab,"Go, Jimmy, Go",Jimmy Clanton,0.1673702895641327,0.001367809483781457,0.8341708542713567,0.20603015075376885,0.6281407035175879
hostility,detoxify,insult,emotion,disgust,a_ranks_higher,song_c3db28de2fa21737c828f45aa697bf98c14ad08a22646c2f0114dd15614a1503,Your Own Back Yard,Dion,0.15213587880134583,0.0011965117882937193,0.8241206030150754,0.1658291457286432,0.6582914572864322
hostility,detoxify,insult,emotion,disgust,both_high,song_5194b6c0df56b87df950120af2c8399eb039c29f29878b87ff284b768eb9ab5a,I Don't Like,Chief Keef Featuring Lil Reese,0.8722209731737772,0.056838277727365494,1.0,0.9949748743718593,0.005025125628140725
hostility,detoxify,insult,emotion,disgust,both_high,song_ce55a9b58d73f0eaccd32f2d0b15687e9ff76c2ac47b5977a2c0507e07f966cc,He's A Liar,Bee Gees,0.8076375126838684,0.038520097732543945,0.9899497487437185,0.9849246231155779,0.005025125628140614
hostility,detoxify,insult,emotion,disgust,both_low,song_998bc37c190dff49fde971e79accf4badc8b6cfaf976b48a0ee35395bfbd062d,Hot Fun In The Summertime,Dayton,0.0002299761908943765,0.0007060677744448185,0.06532663316582915,0.04020100502512563,0.025125628140703522
hostility,detoxify,insult,emotion,disgust,both_low,song_c0c862864db358e90588de9f7252a57d2071427842018127b437850496d715fa,Amen,The Impressions,0.00022682308917865157,0.0008535062661394477,0.06030150753768844,0.08542713567839195,0.025125628140703515
romance,emotion,love,bart,romance,a_ranks_lower,song_02774fe4f56b6d0a37952e7ecde8456be181bcb74ccb21de416a2aaf61e6f01c,Almost Like Praying,Lin-Manuel Miranda Featuring Artists For Puerto Rico,0.0015146572841331363,0.9928571737051325,0.23115577889447236,0.8894472361809045,0.6582914572864321
romance,emotion,love,bart,romance,a_ranks_lower,song_56bdd8217899c9e589dcd9c9815cd8a10cefaf5d231d74e390d1dde403f23b9e,Straight From The Heart,Bryan Adams,0.0007713751983828843,0.9778191851137918,0.06532663316582915,0.678391959798995,0.6130653266331658
romance,emotion,love,bart,romance,a_ranks_higher,song_b5dba8821898b6e121e493b47cf4d536d7a7c5d16bcc38aaedc2b4899288889d,New Rules,Dua Lipa,0.07653102720098778,0.12051201008613018,0.6381909547738693,0.005025125628140704,0.6331658291457286
romance,emotion,love,bart,romance,a_ranks_higher,song_f0dabdf8d0646ea373fbd165249ce5d26b1ba2c6e4a65f1214d7cc750388072a,Mountain Of Love,Johnny Rivers,0.7567452788352966,0.8547896824133471,0.8844221105527639,0.24120603015075376,0.6432160804020102
romance,emotion,love,bart,romance,both_high,song_e850a0ebd5865cbcde0d7358f03fb5b1793e1d046b07f23d6f6f42c012be6355,Cry Just A Little,Paul Davis,0.9718871712684631,0.995458471536134,1.0,0.9346733668341709,0.0653266331658291
romance,emotion,love,bart,romance,both_high,song_78c324bb1753edee02a96e81fa7c91ef1a4f1af07ad7ab4255aea291c7478be7,All My Life,Kenny Rogers,0.9265157580375671,0.9950218157760966,0.964824120603015,0.9246231155778895,0.04020100502512558
romance,emotion,love,bart,romance,both_low,song_3be80d6898e6d7126085bef1a2e577252c3acb8d6fb29059cd60aa374c032093,Flava In Ya Ear,Craig Mack,0.00044726098712999374,0.08524095191966302,0.010050251256281407,0.0,0.010050251256281407
romance,emotion,love,bart,romance,both_low,song_d6fa79aae091c9b9eefa30e3a78f93ecdbbb66c8c1befb282bb7324a03578d7a,What Is Truth,Johnny Cash,0.0005664018099196255,0.38140503775877654,0.020100502512562814,0.02512562814070352,0.0050251256281407045
loss,emotion,sadness,bart,heartbreak,a_ranks_lower,song_49444e52efc677ac5bbdb87422be8b88c555f18f38a1301ade4d6d7dc7acc9c3,You Don't Have To Be A Star (To Be In My Show),Marilyn McCoo & Billy Davis Jr.,0.0024595989380031824,0.9981756723538884,0.19095477386934673,0.9798994974874372,0.7889447236180904
loss,emotion,sadness,bart,heartbreak,a_ranks_lower,song_02774fe4f56b6d0a37952e7ecde8456be181bcb74ccb21de416a2aaf61e6f01c,Almost Like Praying,Lin-Manuel Miranda Featuring Artists For Puerto Rico,0.00210553384386003,0.9882869650523384,0.1457286432160804,0.8140703517587939,0.6683417085427136
loss,emotion,sadness,bart,heartbreak,a_ranks_higher,song_fcece81d4ce48c45670077783d519702d20ce3c27d5489f2eeba0f033d95faaa,Be Her,Ella Langley,0.1903097927570343,0.7887476695515877,0.8994974874371859,0.22613065326633167,0.6733668341708543
loss,emotion,sadness,bart,heartbreak,a_ranks_higher,song_95608ea2e15a20489c14c3226405cb9cf2ea0862cd77e786705f890b46a97925,Sleep,Little Willie John,0.06272520869970322,0.37625447270617934,0.7839195979899497,0.05527638190954774,0.728643216080402
loss,emotion,sadness,bart,heartbreak,both_high,song_a9417fe5b49241ddee5b63be9a3fe138548c5ec77db57e1201268cae0273529e,Since I Fell For You,Charlie Rich,0.6590403318405151,0.9990675154929539,0.9798994974874372,0.9899497487437185,0.01005025125628134
loss,emotion,sadness,bart,heartbreak,both_high,song_0349520b5c7c2e4422a70fce1d2df78432df63f0a6e704fa01bbfef8e34ebe24,I Just Don't Know What To Do With Myself,Dionne Warwick,0.6130293011665344,0.9984779263100534,0.9698492462311558,0.9849246231155779,0.015075376884422176
loss,emotion,sadness,bart,heartbreak,both_low,song_72f1e6ab0eb9c3eea261bf3418510cf8ca46eb5d09386d74e937ff2a0b7160f0,Ladies Night,Kool & The Gang,0.0010769406605201464,0.26653111612730135,0.04020100502512563,0.035175879396984924,0.0050251256281407045
loss,emotion,sadness,bart,heartbreak,both_low,song_0aed0baea9ae5d346cf2c42de2f92d7bd81418aa8269b3f685d489fdbf4cc08d,My Girl,The Temptations,0.001196171622723341,0.1775140609504698,0.05025125628140704,0.020100502512562814,0.030150753768844223
loss,emotion,grief,bart,grief,a_ranks_lower,song_3be80d6898e6d7126085bef1a2e577252c3acb8d6fb29059cd60aa374c032093,Flava In Ya Ear,Craig Mack,0.0003053120744880289,0.9967821356530763,0.03015075376884422,0.9899497487437185,0.9597989949748743
loss,emotion,grief,bart,grief,a_ranks_lower,song_c0eeb4729f1ae33d58424899c3c15392241f8e296e88cad503bcb8fe60060eed,Never Hating,Lil Baby & Young Thug,0.0003075189742958173,0.985941426743122,0.035175879396984924,0.9547738693467337,0.9195979899497487
loss,emotion,grief,bart,grief,a_ranks_higher,song_95608ea2e15a20489c14c3226405cb9cf2ea0862cd77e786705f890b46a97925,Sleep,Little Willie John,0.0042125387117266655,0.23526001438101457,0.8542713567839196,0.10552763819095477,0.7487437185929648
loss,emotion,grief,bart,grief,a_ranks_higher,song_ddd4c1911d61ba872c932e1ebf7bab492d51ca29e94feea236ab5efa08127983,I Miss You,Joe Public,0.003910047933459282,0.08397376221263554,0.8391959798994975,0.04020100502512563,0.7989949748743719
loss,emotion,grief,bart,grief,both_high,song_38ab85ef42919e3470a0bba519d88e130e73773df3fe01aec967b66c83a71a6d,Mary Ann Regrets,Burl Ives,0.021408237516880035,0.9953315527297287,0.9899497487437185,0.9798994974874372,0.01005025125628134
loss,emotion,grief,bart,grief,both_high,song_a9417fe5b49241ddee5b63be9a3fe138548c5ec77db57e1201268cae0273529e,Since I Fell For You,Charlie Rich,0.016739821061491966,0.9933453471613374,0.9798994974874372,0.964824120603015,0.015075376884422176
loss,emotion,grief,bart,grief,both_low,song_f808ae4b4563a70d26400ffefa5cf76248b7c2025e1b427ec117cf0e0aee87de,Magic Power,Triumph,0.0002515064843464643,0.05633550378770463,0.005025125628140704,0.020100502512562814,0.01507537688442211
loss,emotion,grief,bart,grief,both_low,song_690e3e60b5c5037449b2757dda9d6757ed3ec925b71a0e80ad7109d85f8667b5,Firecracker,Mass Production,0.0003726390234775513,0.08018934887566166,0.07537688442211055,0.035175879396984924,0.04020100502512562
negative_affect,sentiment,negative,emotion,sadness,a_ranks_lower,song_30ef708150de2342873ae91612db8d453d9c140ebfc4c161dee823d8c97e9a0c,Be With You,Enrique Iglesias,0.19396957755088806,0.40394216775894165,0.1407035175879397,0.9447236180904522,0.8040201005025125
negative_affect,sentiment,negative,emotion,sadness,a_ranks_lower,song_95608ea2e15a20489c14c3226405cb9cf2ea0862cd77e786705f890b46a97925,Sleep,Little Willie John,0.12716202437877655,0.06272520869970322,0.01507537688442211,0.7839195979899497,0.7688442211055276
negative_affect,sentiment,negative,emotion,sadness,a_ranks_higher,song_a12befe03d55c5fa6fd9c903788a0badba25b5b7525255fc222d72e21ba6dc12,So Long,Firefall,0.34215161204338074,0.0016784550389274955,0.8492462311557789,0.10050251256281408,0.7487437185929648
negative_affect,sentiment,negative,emotion,sadness,a_ranks_higher,song_c0eeb4729f1ae33d58424899c3c15392241f8e296e88cad503bcb8fe60060eed,Never Hating,Lil Baby & Young Thug,0.3252752423286438,0.001268629392143339,0.8090452261306532,0.05527638190954774,0.7537688442211055
negative_affect,sentiment,negative,emotion,sadness,both_high,song_546ed553b9ad74026dc908d24d608c1b1e265d99490a9ca6b420a65bdf3a3eca,It Hurts So Bad,Kim Carnes,0.4311910569667816,0.7365060448646545,0.9748743718592965,0.9849246231155779,0.01005025125628145
negative_affect,sentiment,negative,emotion,sadness,both_high,song_0349520b5c7c2e4422a70fce1d2df78432df63f0a6e704fa01bbfef8e34ebe24,I Just Don't Know What To Do With Myself,Dionne Warwick,0.42249351739883423,0.6130293011665344,0.9698492462311558,0.9698492462311558,0.0
negative_affect,sentiment,negative,emotion,sadness,both_low,song_89d75c9f3c3a88e6888930caa50d728f6bdfa0b90fe8fa2978b32e8582e20df0,Get The Party Started,P!nk,0.12816770374774933,0.0007878014585003257,0.020100502512562814,0.01507537688442211,0.0050251256281407045
negative_affect,sentiment,negative,emotion,sadness,both_low,song_72f1e6ab0eb9c3eea261bf3418510cf8ca46eb5d09386d74e937ff2a0b7160f0,Ladies Night,Kool & The Gang,0.17260805118578904,0.0010769406605201464,0.07035175879396985,0.04020100502512563,0.03015075376884422
negative_affect,sentiment,negative,emotion,anger,a_ranks_lower,song_690e3e60b5c5037449b2757dda9d6757ed3ec925b71a0e80ad7109d85f8667b5,Firecracker,Mass Production,0.1535523461307434,0.012305763905646258,0.04522613065326633,0.7085427135678392,0.6633165829145728
negative_affect,sentiment,negative,emotion,anger,a_ranks_lower,song_e850a0ebd5865cbcde0d7358f03fb5b1793e1d046b07f23d6f6f42c012be6355,Cry Just A Little,Paul Davis,0.20605289936065674,0.028055734932422638,0.21105527638190955,0.8291457286432161,0.6180904522613065
negative_affect,sentiment,negative,emotion,anger,a_ranks_higher,song_05be1f29e67911d8e269dbbba495ee25b92120a0aba32db094923f7adf2183b7,Are We Ourselves?,The Fixx,0.34449875354766846,0.0015949878143146634,0.8542713567839196,0.10552763819095477,0.7487437185929648
negative_affect,sentiment,negative,emotion,anger,a_ranks_higher,song_cc1c2453fb7685b97a44a7e916f797bdff9a23a8b50beb09f843aa71a8ee5564,Gallant Men,Senator Everett McKinley Dirksen,0.38785114884376526,0.0017454121261835098,0.9296482412060302,0.12562814070351758,0.8040201005025126
negative_affect,sentiment,negative,emotion,anger,both_high,song_5d5af3444c66dfa9b904e41deae67f9dc3da2e8afe113f76d35d7c17893c4021,Liar,Profyle,0.44623825883937934,0.45302124321460724,0.9798994974874372,1.0,0.02010050251256279
negative_affect,sentiment,negative,emotion,anger,both_high,song_9a299229172ef4247b522973a28a572e71a62970370c1d7d60113d13f53c10fe,Highwire,The Rolling Stones,0.4199815094470978,0.18186096847057343,0.9597989949748744,0.9547738693467337,0.005025125628140725
negative_affect,sentiment,negative,emotion,anger,both_low,song_b10199f4fcf60c75729c81ed97259c8e6aa9673cdcb93acdc6f4171e7cf8d945,What A Wonderful World,Louis Armstrong,0.1241217777132988,0.0007257318939082325,0.010050251256281407,0.005025125628140704,0.005025125628140704
negative_affect,sentiment,negative,emotion,anger,both_low,song_c0c862864db358e90588de9f7252a57d2071427842018127b437850496d715fa,Amen,The Impressions,0.10829422622919083,0.0009981384500861168,0.0,0.035175879396984924,0.035175879396984924
