model,label,aggregation,side,rank,song_id,title,artist,score
lyriclens,sexual,token_weighted_mean,low,1,song_61a93b5d45b99392acf44f79106a72ee8e87dee118e990895eafdece3a01ebe9,Have A Nice Day,Bon Jovi,0.0008586191106587648
lyriclens,sexual,token_weighted_mean,low,2,song_cc1c2453fb7685b97a44a7e916f797bdff9a23a8b50beb09f843aa71a8ee5564,Gallant Men,Senator Everett McKinley Dirksen,0.0009784656576812267
lyriclens,sexual,token_weighted_mean,low,3,song_316a0b9ba7277c09179f346f5f806cf819a8fc0641ac5d42b6558a4c972dc6aa,Little Bird,Annie Lennox,0.0014629121869802475
lyriclens,sexual,token_weighted_mean,high,1,song_a9824e4acd085fbd53e561a95b0a44b852833928c774ab7affba998ddfec95a6,Closer,Nine Inch Nails,0.9992576241493225
lyriclens,sexual,token_weighted_mean,high,2,song_a2a8832b12a9464aa23538c26dd64ffc912252f6a19c73d3b5c0ec754be945a7,Plastic Off The Sofa,Beyonce,0.9988585710525513
lyriclens,sexual,token_weighted_mean,high,3,song_a6cc3d1c997f8e07adade9fd28c157e4d03f4f8f4987adaac8a306b72b6f13a6,Let's Get The Mood Right,Johnny Gill,0.9988493919372559
lyriclens,violence,token_weighted_mean,low,1,song_341d5e61c3771b2583160580b52ebf1a8e95798d167c3120383be6d5c367dcd6,Deja Vu,Olivia Rodrigo,0.0004991397727280855
lyriclens,violence,token_weighted_mean,low,2,song_52d717b9eb2516949c777c9c8731a532ce779c0eb5872d6023ce3b1b2fae8d86,Rockabye,Clean Bandit Featuring Sean Paul & Anne-Marie,0.0005958527326583862
lyriclens,violence,token_weighted_mean,low,3,song_f1d664029f6e73d8332f2a5ef74f4733ea56bbd946340d01b4c5169b617c7d8f,Rosones,Tito Double P,0.0006119293393567204
lyriclens,violence,token_weighted_mean,high,1,song_9a299229172ef4247b522973a28a572e71a62970370c1d7d60113d13f53c10fe,Highwire,The Rolling Stones,0.999237060546875
lyriclens,violence,token_weighted_mean,high,2,song_cba5c90b4d96ba8398dbcda9b64df8f65f27556d422548e4fd0f85d665ffee84,Vigilante Shit,Taylor Swift,0.9991186261177063
lyriclens,violence,token_weighted_mean,high,3,song_d92c9c969ef6faa0d0b2115b652c61268381ee491bc4f03c32990feb5a3c9e45,Paint The Town Red,Doja Cat,0.9988524913787842
lyriclens,substance,token_weighted_mean,low,1,song_10f21a7ac2fc5e27711d31d4a39dd3e60c793cda1e918d41a79a3b7b83519df3,Not Nice,PARTYNEXTDOOR,0.0003945846692658961
lyriclens,substance,token_weighted_mean,low,2,song_0c97bdf048572221cf295545083a45a1572bcc8f0c307a006c0956c93c908099,Over It,Katharine McPhee,0.0004770357918459922
lyriclens,substance,token_weighted_mean,low,3,song_4193018621671b33686f0f4a8f71a8dce155ed2550680eadcf1af84134cfd4ad,I'll Take Good Care Of You,Garnet Mimms,0.00048072481877170503
lyriclens,substance,token_weighted_mean,high,1,song_f1bddb6c30e8373851eaf182907b098d1766fc67c2fc89c0c55665db81104c46,If I Were A Boy,Beyonce,0.999404788017273
lyriclens,substance,token_weighted_mean,high,2,song_b5dba8821898b6e121e493b47cf4d536d7a7c5d16bcc38aaedc2b4899288889d,New Rules,Dua Lipa,0.9991021156311035
lyriclens,substance,token_weighted_mean,high,3,song_751d25e9b99372f7eda29a930ec0da919ff16f4b64b750d2e0374512195983b1,Touch The Sky,Kanye West Featuring Lupe Fiasco,0.9985647797584534
lyriclens,explicit_language,token_weighted_mean,low,1,song_e860962415e52ac4be856ff3fa67796897ffd7bed74fc6959aa53ced2839c9e0,Flashdance...What A Feeling,Irene Cara,0.0007651577470824122
lyriclens,explicit_language,token_weighted_mean,low,2,song_38ab85ef42919e3470a0bba519d88e130e73773df3fe01aec967b66c83a71a6d,Mary Ann Regrets,Burl Ives,0.0009586123051121831
lyriclens,explicit_language,token_weighted_mean,low,3,song_41cdcd17020b65b4e4437210a8c492aaa7bdc0500b9ef269cc7168648a893175,River Deep - Mountain High,The Supremes & Four Tops,0.0011666746577247977
lyriclens,explicit_language,token_weighted_mean,high,1,song_3be80d6898e6d7126085bef1a2e577252c3acb8d6fb29059cd60aa374c032093,Flava In Ya Ear,Craig Mack,0.9996194839477539
lyriclens,explicit_language,token_weighted_mean,high,2,song_1d68186326e359b9669b2f7c11d69a9643793fb708e6fe1003c21e5c3aa6232a,Crushed Up,Future,0.9995755553245544
lyriclens,explicit_language,token_weighted_mean,high,3,song_e5a9b37663cfbdb5ae172e52dd414002d0cd701bc5969a41cb382007b35a9092,Money Ain't A Thang,JD Featuring Jay-Z,0.9989645560285106
detoxify,toxicity,token_weighted_mean,low,1,song_9277254377f0ed6ea2c94d6f5d17ee81782d30bd4f80f6185a6d4d87c99850f7,Hold On,Ian Gomm,0.00035254747490398586
detoxify,toxicity,token_weighted_mean,low,2,song_e12f73c01a9b74f42d83be6090427aacf2b73668f80c0ff93c72f9ce5a7a0f79,It's So Hard To Say Goodbye To Yesterday,Boyz II Men,0.00039527344051748514
detoxify,toxicity,token_weighted_mean,low,3,song_4cc7506f1e8d8210be05ab31ae91bd610554d866b02bf85d1040cd114b42b273,Never A Time,Genesis,0.0004979209043085575
detoxify,toxicity,token_weighted_mean,high,1,song_5194b6c0df56b87df950120af2c8399eb039c29f29878b87ff284b768eb9ab5a,I Don't Like,Chief Keef Featuring Lil Reese,0.9952962398529053
detoxify,toxicity,token_weighted_mean,high,2,song_a9824e4acd085fbd53e561a95b0a44b852833928c774ab7affba998ddfec95a6,Closer,Nine Inch Nails,0.9934130311012268
detoxify,toxicity,token_weighted_mean,high,3,song_97dde8742e0cc2461773a6d71873bf7831160cc7b3b82fcb096f1022b4c12759,WAP,Cardi B Featuring Megan Thee Stallion,0.9930730064709982
detoxify,severe_toxicity,token_weighted_mean,low,1,song_05be1f29e67911d8e269dbbba495ee25b92120a0aba32db094923f7adf2183b7,Are We Ourselves?,The Fixx,1.283591359424463e-06
detoxify,severe_toxicity,token_weighted_mean,low,2,song_4cc7506f1e8d8210be05ab31ae91bd610554d866b02bf85d1040cd114b42b273,Never A Time,Genesis,1.3206553148847888e-06
detoxify,severe_toxicity,token_weighted_mean,low,3,song_9277254377f0ed6ea2c94d6f5d17ee81782d30bd4f80f6185a6d4d87c99850f7,Hold On,Ian Gomm,1.3293654319568304e-06
detoxify,severe_toxicity,token_weighted_mean,high,1,song_5194b6c0df56b87df950120af2c8399eb039c29f29878b87ff284b768eb9ab5a,I Don't Like,Chief Keef Featuring Lil Reese,0.43901195128758747
detoxify,severe_toxicity,token_weighted_mean,high,2,song_8e7a07712e424d6dc71b31f594afafc6604cf5d4f09fcf81c91908a2c45b979d,Anaconda,Nicki Minaj,0.23634088411927223
detoxify,severe_toxicity,token_weighted_mean,high,3,song_97dde8742e0cc2461773a6d71873bf7831160cc7b3b82fcb096f1022b4c12759,WAP,Cardi B Featuring Megan Thee Stallion,0.21994028488794962
detoxify,obscene,token_weighted_mean,low,1,song_e12f73c01a9b74f42d83be6090427aacf2b73668f80c0ff93c72f9ce5a7a0f79,It's So Hard To Say Goodbye To Yesterday,Boyz II Men,3.238518183934502e-05
detoxify,obscene,token_weighted_mean,low,2,song_9277254377f0ed6ea2c94d6f5d17ee81782d30bd4f80f6185a6d4d87c99850f7,Hold On,Ian Gomm,3.381581700523384e-05
detoxify,obscene,token_weighted_mean,low,3,song_05be1f29e67911d8e269dbbba495ee25b92120a0aba32db094923f7adf2183b7,Are We Ourselves?,The Fixx,3.442978413659148e-05
detoxify,obscene,token_weighted_mean,high,1,song_97dde8742e0cc2461773a6d71873bf7831160cc7b3b82fcb096f1022b4c12759,WAP,Cardi B Featuring Megan Thee Stallion,0.979826013247172
detoxify,obscene,token_weighted_mean,high,2,song_5194b6c0df56b87df950120af2c8399eb039c29f29878b87ff284b768eb9ab5a,I Don't Like,Chief Keef Featuring Lil Reese,0.9785167177518209
detoxify,obscene,token_weighted_mean,high,3,song_a9824e4acd085fbd53e561a95b0a44b852833928c774ab7affba998ddfec95a6,Closer,Nine Inch Nails,0.9588292241096497
detoxify,identity_attack,token_weighted_mean,low,1,song_9277254377f0ed6ea2c94d6f5d17ee81782d30bd4f80f6185a6d4d87c99850f7,Hold On,Ian Gomm,5.337901529856026e-05
detoxify,identity_attack,token_weighted_mean,low,2,song_e12f73c01a9b74f42d83be6090427aacf2b73668f80c0ff93c72f9ce5a7a0f79,It's So Hard To Say Goodbye To Yesterday,Boyz II Men,6.185105303302407e-05
detoxify,identity_attack,token_weighted_mean,low,3,song_4cc7506f1e8d8210be05ab31ae91bd610554d866b02bf85d1040cd114b42b273,Never A Time,Genesis,6.210502033354715e-05
detoxify,identity_attack,token_weighted_mean,high,1,song_5194b6c0df56b87df950120af2c8399eb039c29f29878b87ff284b768eb9ab5a,I Don't Like,Chief Keef Featuring Lil Reese,0.7376680572827657
detoxify,identity_attack,token_weighted_mean,high,2,song_e6845230ff4465513b07c709ef9606b96c83f7f91b85e8fdec7c2de6a73d283e,One Mic,Nas,0.37046681841214496
detoxify,identity_attack,token_weighted_mean,high,3,song_69823ed1beab1c15adab303458294de6aa805b844e4d9bc1cb759b53d8e1d0b8,Murder On My Mind,YNW Melly,0.272312967317225
detoxify,insult,token_weighted_mean,low,1,song_9277254377f0ed6ea2c94d6f5d17ee81782d30bd4f80f6185a6d4d87c99850f7,Hold On,Ian Gomm,0.00010439434845466167
detoxify,insult,token_weighted_mean,low,2,song_e12f73c01a9b74f42d83be6090427aacf2b73668f80c0ff93c72f9ce5a7a0f79,It's So Hard To Say Goodbye To Yesterday,Boyz II Men,0.00010760598524939269
detoxify,insult,token_weighted_mean,low,3,song_4cc7506f1e8d8210be05ab31ae91bd610554d866b02bf85d1040cd114b42b273,Never A Time,Genesis,0.00013578894140664488
detoxify,insult,token_weighted_mean,high,1,song_5194b6c0df56b87df950120af2c8399eb039c29f29878b87ff284b768eb9ab5a,I Don't Like,Chief Keef Featuring Lil Reese,0.8722209731737772
detoxify,insult,token_weighted_mean,high,2,song_8c9359eb2bcab6780ed3a7cdca143da09375324d2952065a07d7adb88bf11161,Foolish Heart,Steve Perry,0.8672122955322266
detoxify,insult,token_weighted_mean,high,3,song_ce55a9b58d73f0eaccd32f2d0b15687e9ff76c2ac47b5977a2c0507e07f966cc,He's A Liar,Bee Gees,0.8076375126838684
detoxify,threat,token_weighted_mean,low,1,song_05be1f29e67911d8e269dbbba495ee25b92120a0aba32db094923f7adf2183b7,Are We Ourselves?,The Fixx,1.551954665046651e-05
detoxify,threat,token_weighted_mean,low,2,song_9277254377f0ed6ea2c94d6f5d17ee81782d30bd4f80f6185a6d4d87c99850f7,Hold On,Ian Gomm,1.653539584367536e-05
detoxify,threat,token_weighted_mean,low,3,song_f41a534741f51cde1d600b6ee480a6cec27c432d48b34b9d946bd8331f5d2a74,Rainbow Connection,Kermit (Jim Henson),1.7734693756210618e-05
detoxify,threat,token_weighted_mean,high,1,song_e850a0ebd5865cbcde0d7358f03fb5b1793e1d046b07f23d6f6f42c012be6355,Cry Just A Little,Paul Davis,0.5534355640411377
detoxify,threat,token_weighted_mean,high,2,song_11fde80db739a6f64d0a9d9b691cf7b6526c1ba2e830f676d5e4a336c17c9df8,How Country Feels,Randy Houser,0.38061538338661194
detoxify,threat,token_weighted_mean,high,3,song_cffa8f01b4504b05fce295326727af806635a4c532bd69e16f74e64a773bfaf9,"Skoal, Chevy, And Browning",Morgan Wallen,0.15996368959890167
detoxify,sexual_explicit,token_weighted_mean,low,1,song_9277254377f0ed6ea2c94d6f5d17ee81782d30bd4f80f6185a6d4d87c99850f7,Hold On,Ian Gomm,1.3729860256717075e-05
detoxify,sexual_explicit,token_weighted_mean,low,2,song_05be1f29e67911d8e269dbbba495ee25b92120a0aba32db094923f7adf2183b7,Are We Ourselves?,The Fixx,1.410689492331585e-05
detoxify,sexual_explicit,token_weighted_mean,low,3,song_e12f73c01a9b74f42d83be6090427aacf2b73668f80c0ff93c72f9ce5a7a0f79,It's So Hard To Say Goodbye To Yesterday,Boyz II Men,1.4579945855075493e-05
detoxify,sexual_explicit,token_weighted_mean,high,1,song_a9824e4acd085fbd53e561a95b0a44b852833928c774ab7affba998ddfec95a6,Closer,Nine Inch Nails,0.8855344653129578
detoxify,sexual_explicit,token_weighted_mean,high,2,song_97dde8742e0cc2461773a6d71873bf7831160cc7b3b82fcb096f1022b4c12759,WAP,Cardi B Featuring Megan Thee Stallion,0.85885222752889
detoxify,sexual_explicit,token_weighted_mean,high,3,song_8e7a07712e424d6dc71b31f594afafc6604cf5d4f09fcf81c91908a2c45b979d,Anaconda,Nicki Minaj,0.6397456079721451
emotion,admiration,token_weighted_mean,low,1,song_56bdd8217899c9e589dcd9c9815cd8a10cefaf5d231d74e390d1dde403f23b9e,Straight From The Heart,Bryan Adams,0.000515835708938539
emotion,admiration,token_weighted_mean,low,2,song_f4185aea5cd17f1abea03ccb1fa6b853bc8cc48352e792e4aa84bd5673669c5e,The Itch,Vitamin C,0.0005642857493396191
emotion,admiration,token_weighted_mean,low,3,song_73fbb9f604cb292bdaf3f319390e188d21615475a6a3d28edf6ac1e542bb9ab8,Human Nature,Madonna,0.0005897366208955646
emotion,admiration,token_weighted_mean,high,1,song_7cfaf4be60351ae529bbb4b6a7b493826b52baf2985f565b0e889b3c23ab5e29,The Most Beautiful Girl In The World,Prince,0.7779138684272766
emotion,admiration,token_weighted_mean,high,2,song_b10199f4fcf60c75729c81ed97259c8e6aa9673cdcb93acdc6f4171e7cf8d945,What A Wonderful World,Louis Armstrong,0.6052367091178894
emotion,admiration,token_weighted_mean,high,3,song_68d640ac4fc975b64ce9e4bbc60e2ec30d3246571962c1f2a6fff343b9086273,Good Girl,Dustin Lynch,0.5469039940082275
emotion,amusement,token_weighted_mean,low,1,song_098c94ccca359db8e6a9a7a5e4d678f28906d0b215ea72e613efcb940a06511c,Faint,Linkin Park,0.0004457161121536046
emotion,amusement,token_weighted_mean,low,2,song_49444e52efc677ac5bbdb87422be8b88c555f18f38a1301ade4d6d7dc7acc9c3,You Don't Have To Be A Star (To Be In My Show),Marilyn McCoo & Billy Davis Jr.,0.00047492829617112875
emotion,amusement,token_weighted_mean,low,3,song_e319997d3f69b195d329284eff16e1d5872564140a461c7a55a80ac6bddbc9cc,Do I Have To Say The Words?,Bryan Adams,0.0005306837265379727
emotion,amusement,token_weighted_mean,high,1,song_84fb3306a13f9324e94484bea63edeaa1e6248de1587badbb758a41c3fef27e6,Because I Got High,Afroman,0.6105807476418473
emotion,amusement,token_weighted_mean,high,2,song_341d5e61c3771b2583160580b52ebf1a8e95798d167c3120383be6d5c367dcd6,Deja Vu,Olivia Rodrigo,0.35244855284690857
emotion,amusement,token_weighted_mean,high,3,song_179feb8a79929d69156bfaf7c8ed48a7d01d17db6762f40e1d540507cc4f76e6,Gin And Juice,Snoop Doggy Dogg,0.23700873718962276
emotion,anger,token_weighted_mean,low,1,song_a0d2022d699c35704ab0f0e43a6856fcd3fa30930d806529eb228106de34770e,Let It Be,The Beatles,0.0005953662330284715
emotion,anger,token_weighted_mean,low,2,song_b10199f4fcf60c75729c81ed97259c8e6aa9673cdcb93acdc6f4171e7cf8d945,What A Wonderful World,Louis Armstrong,0.0007257318939082325
emotion,anger,token_weighted_mean,low,3,song_e1a7f29430e196c1d83a8f58a4a17f41d5c2fadde8c3cf34dee5280016e53eda,State Of the Heart,Rick Springfield,0.0008743193466216326
emotion,anger,token_weighted_mean,high,1,song_5d5af3444c66dfa9b904e41deae67f9dc3da2e8afe113f76d35d7c17893c4021,Liar,Profyle,0.45302124321460724
emotion,anger,token_weighted_mean,high,2,song_5194b6c0df56b87df950120af2c8399eb039c29f29878b87ff284b768eb9ab5a,I Don't Like,Chief Keef Featuring Lil Reese,0.4463259776433309
emotion,anger,token_weighted_mean,high,3,song_df65c35504bb4ab737bbde1916d9226388671296143f32de56be3bcd942836de,Shut It Down,Pitbull Featuring Akon,0.41265128552913666
emotion,annoyance,token_weighted_mean,low,1,song_b10199f4fcf60c75729c81ed97259c8e6aa9673cdcb93acdc6f4171e7cf8d945,What A Wonderful World,Louis Armstrong,0.0018228584667667747
emotion,annoyance,token_weighted_mean,low,2,song_c0c862864db358e90588de9f7252a57d2071427842018127b437850496d715fa,Amen,The Impressions,0.002988482592627406
emotion,annoyance,token_weighted_mean,low,3,song_48c9a31f32d37489d6e49c8e3c9c2b203b5393562fbdbb3ce735de99f9c08e9e,Seven Bridges Road,Eagles,0.00301358662545681
emotion,annoyance,token_weighted_mean,high,1,song_10f21a7ac2fc5e27711d31d4a39dd3e60c793cda1e918d41a79a3b7b83519df3,Not Nice,PARTYNEXTDOOR,0.47250548005104065
emotion,annoyance,token_weighted_mean,high,2,song_e0a36a17d8a781eb85e23d922f0348860628a7b53cfa659379924565775bb4b5,What's The Matter Here?,"10,000 Maniacs",0.4619198739528656
emotion,annoyance,token_weighted_mean,high,3,song_d92c9c969ef6faa0d0b2115b652c61268381ee491bc4f03c32990feb5a3c9e45,Paint The Town Red,Doja Cat,0.4356910822373634
emotion,approval,token_weighted_mean,low,1,song_9277254377f0ed6ea2c94d6f5d17ee81782d30bd4f80f6185a6d4d87c99850f7,Hold On,Ian Gomm,0.00422704080119729
emotion,approval,token_weighted_mean,low,2,song_d8612d69df57efd627cfddf3eaa4c951f3a07bfcf200df32ff761955816080d8,Drowning,A Boogie Wit da Hoodie Featuring Kodak Black,0.005485383793711662
emotion,approval,token_weighted_mean,low,3,song_69823ed1beab1c15adab303458294de6aa805b844e4d9bc1cb759b53d8e1d0b8,Murder On My Mind,YNW Melly,0.005804671195663504
emotion,approval,token_weighted_mean,high,1,song_49444e52efc677ac5bbdb87422be8b88c555f18f38a1301ade4d6d7dc7acc9c3,You Don't Have To Be A Star (To Be In My Show),Marilyn McCoo & Billy Davis Jr.,0.44774460792541504
emotion,approval,token_weighted_mean,high,2,song_4eedaac548f0db66c979575510092e16f414750629bddb6217182d6a43faa1ca,Love Makes A Woman,Barbara Acklin,0.41479355096817017
emotion,approval,token_weighted_mean,high,3,song_1130d71736864e2f32c66a5784e269842b861afc685af864962777b4ea459b76,Soul Man,Blues Brothers,0.2959122359752655
emotion,caring,token_weighted_mean,low,1,song_dde6cccf06049e639f7a816a60982f1646926c7007a974ecfcd938c2dbf1c191,Maniac,Michael Sembello,0.0004886089591309428
emotion,caring,token_weighted_mean,low,2,song_cba5c90b4d96ba8398dbcda9b64df8f65f27556d422548e4fd0f85d665ffee84,Vigilante Shit,Taylor Swift,0.0005700864130631089
emotion,caring,token_weighted_mean,low,3,song_fd806b3821bf03e97e417fa26b068546358a5dc336dc9669759f406326f62c9d,You Can't Take The Honky Tonk Out Of The Girl,Brooks & Dunn,0.0006256176275201142
emotion,caring,token_weighted_mean,high,1,song_f90b9bd84fe6f81a6e4f326cb0b6f4451a734bc2b6c6aad81544fd16972b8863,You'd Better Believe It,The Manhattans,0.6540184020996094
emotion,caring,token_weighted_mean,high,2,song_4193018621671b33686f0f4a8f71a8dce155ed2550680eadcf1af84134cfd4ad,I'll Take Good Care Of You,Garnet Mimms,0.6388198733329773
emotion,caring,token_weighted_mean,high,3,song_9d821af9a1e2446b36ca98875f174e35acda58d417c5ae54ee1782d1b5ca2245,Bless You,Martha Reeves & The Vandellas,0.5588545799255371
emotion,confusion,token_weighted_mean,low,1,song_cf6aea8f1076b117bb1b0f6699facf83cd915c937f0d9375348ac11f8981b63b,Johnny Reb,Johnny Horton,0.0004873862490057945
emotion,confusion,token_weighted_mean,low,2,song_c4eabeecb02281b19acf05dac0942d25da1b7cae44fc83479a18c5a5594546ab,"Go, Jimmy, Go",Jimmy Clanton,0.0005516131059266627
emotion,confusion,token_weighted_mean,low,3,song_cc1c2453fb7685b97a44a7e916f797bdff9a23a8b50beb09f843aa71a8ee5564,Gallant Men,Senator Everett McKinley Dirksen,0.0006196523318067193
emotion,confusion,token_weighted_mean,high,1,song_35ce7e7873a409ae1706d3313a3b256be8827fa7b204440d044e01006d777cb8,Why Do Fools Fall In Love,The Happenings,0.4178329408168793
emotion,confusion,token_weighted_mean,high,2,song_249218b68f57a8b663a85a56fc31a2ffce59bf3a4037819cb256ba761c69aa3d,Stay,Rihanna Featuring Mikky Ekko,0.3981422781944275
emotion,confusion,token_weighted_mean,high,3,song_05be1f29e67911d8e269dbbba495ee25b92120a0aba32db094923f7adf2183b7,Are We Ourselves?,The Fixx,0.36818909645080566
emotion,curiosity,token_weighted_mean,low,1,song_cc1c2453fb7685b97a44a7e916f797bdff9a23a8b50beb09f843aa71a8ee5564,Gallant Men,Senator Everett McKinley Dirksen,0.00037668904406018555
emotion,curiosity,token_weighted_mean,low,2,song_a774cd098b6d541712b9c125d8283d2050e37bbd30ccb15a2f46def348e4cd32,Mmm Mmm Mmm Mmm,Crash Test Dummies,0.000433039094787091
emotion,curiosity,token_weighted_mean,low,3,song_7581bf1aa60711a8fb70d6f74beab7986e56b266a494f31317d281a2e6fbe93c,"Frankie's Man, Johnny",Johnny Cash,0.00043381963041611016
emotion,curiosity,token_weighted_mean,high,1,song_117729f1bc413e31e8149049b7309c6ccf166f72419ae410a62c847ad8a70059,Would It Make Any Difference To You,Etta James,0.6976317167282104
emotion,curiosity,token_weighted_mean,high,2,song_e162690ceb18a23db578427f419ce7ba989a0b27499e2b403a37fe3ad800b82c,Who's That Girl,Eurythmics,0.480624258518219
emotion,curiosity,token_weighted_mean,high,3,song_4f1614f26569f3e8f2b5fbcdb394c409cfc3f9fc150fbbb6f65025d66f9a2401,Trumpets,Jason Derulo,0.4385986328125
emotion,desire,token_weighted_mean,low,1,song_fd806b3821bf03e97e417fa26b068546358a5dc336dc9669759f406326f62c9d,You Can't Take The Honky Tonk Out Of The Girl,Brooks & Dunn,0.0006901943706907332
emotion,desire,token_weighted_mean,low,2,song_a774cd098b6d541712b9c125d8283d2050e37bbd30ccb15a2f46def348e4cd32,Mmm Mmm Mmm Mmm,Crash Test Dummies,0.0007372764521278441
emotion,desire,token_weighted_mean,low,3,song_9dbb323d50307798742301129921ec5b11ae34a454a7ed4fbbd105278a4e07c1,Mr. October,Bad Bunny,0.0008952098288175868
emotion,desire,token_weighted_mean,high,1,song_ddd4c1911d61ba872c932e1ebf7bab492d51ca29e94feea236ab5efa08127983,I Miss You,Joe Public,0.7707449793815613
emotion,desire,token_weighted_mean,high,2,song_91746aa1c606d87c92ae335386faf16eecbaf2fd760ffb105d9375f1ae0fe4b4,Inside Your Heaven,Bo Bice,0.7590417861938477
emotion,desire,token_weighted_mean,high,3,song_fcece81d4ce48c45670077783d519702d20ce3c27d5489f2eeba0f033d95faaa,Be Her,Ella Langley,0.7445790767669678
emotion,disappointment,token_weighted_mean,low,1,song_c0c862864db358e90588de9f7252a57d2071427842018127b437850496d715fa,Amen,The Impressions,0.0010626206640154123
emotion,disappointment,token_weighted_mean,low,2,song_72f1e6ab0eb9c3eea261bf3418510cf8ca46eb5d09386d74e937ff2a0b7160f0,Ladies Night,Kool & The Gang,0.0012487583056402702
emotion,disappointment,token_weighted_mean,low,3,song_998bc37c190dff49fde971e79accf4badc8b6cfaf976b48a0ee35395bfbd062d,Hot Fun In The Summertime,Dayton,0.0012526829086709768
emotion,disappointment,token_weighted_mean,high,1,song_ed5fc8c4fed301a8e973065316ce27e8c6f68575411890467a66fd5ba26d8bed,The Cure,Olivia Rodrigo,0.4384767711162567
emotion,disappointment,token_weighted_mean,high,2,song_098c94ccca359db8e6a9a7a5e4d678f28906d0b215ea72e613efcb940a06511c,Faint,Linkin Park,0.38093847036361694
emotion,disappointment,token_weighted_mean,high,3,song_0349520b5c7c2e4422a70fce1d2df78432df63f0a6e704fa01bbfef8e34ebe24,I Just Don't Know What To Do With Myself,Dionne Warwick,0.35655468702316284
emotion,disapproval,token_weighted_mean,low,1,song_a7ba1698c332881371ca56c4d18a568ac6781ccade4939e9b958bf3d29384d7a,(Reach Up For The) Sunrise,Duran Duran,0.0007395387510769069
emotion,disapproval,token_weighted_mean,low,2,song_c0c862864db358e90588de9f7252a57d2071427842018127b437850496d715fa,Amen,The Impressions,0.0010688554029911757
emotion,disapproval,token_weighted_mean,low,3,song_89d75c9f3c3a88e6888930caa50d728f6bdfa0b90fe8fa2978b32e8582e20df0,Get The Party Started,P!nk,0.0011689233360812068
emotion,disapproval,token_weighted_mean,high,1,song_d92c03539e450a03b3a9eb1ff232dcc47d451ed2498faa25e75f78acef87bd6a,(You Don't Have To) Paint Me A Picture,Gary Lewis And The Playboys,0.4906071424484253
emotion,disapproval,token_weighted_mean,high,2,song_5194b6c0df56b87df950120af2c8399eb039c29f29878b87ff284b768eb9ab5a,I Don't Like,Chief Keef Featuring Lil Reese,0.32845116158326465
emotion,disapproval,token_weighted_mean,high,3,song_10f21a7ac2fc5e27711d31d4a39dd3e60c793cda1e918d41a79a3b7b83519df3,Not Nice,PARTYNEXTDOOR,0.28619512915611267
emotion,disgust,token_weighted_mean,low,1,song_0213bb2ca26a8b0e613f83fdc3a1bf713269c08a2c6cbcb19d0e85cd0bb40e4f,Floy Joy,The Supremes,0.0005199598963372409
emotion,disgust,token_weighted_mean,low,2,song_f808ae4b4563a70d26400ffefa5cf76248b7c2025e1b427ec117cf0e0aee87de,Magic Power,Triumph,0.0005237482255324721
emotion,disgust,token_weighted_mean,low,3,song_0aed0baea9ae5d346cf2c42de2f92d7bd81418aa8269b3f685d489fdbf4cc08d,My Girl,The Temptations,0.0005692176637239754
emotion,disgust,token_weighted_mean,high,1,song_4f1614f26569f3e8f2b5fbcdb394c409cfc3f9fc150fbbb6f65025d66f9a2401,Trumpets,Jason Derulo,0.0811762847006321
emotion,disgust,token_weighted_mean,high,2,song_5194b6c0df56b87df950120af2c8399eb039c29f29878b87ff284b768eb9ab5a,I Don't Like,Chief Keef Featuring Lil Reese,0.056838277727365494
emotion,disgust,token_weighted_mean,high,3,song_10f21a7ac2fc5e27711d31d4a39dd3e60c793cda1e918d41a79a3b7b83519df3,Not Nice,PARTYNEXTDOOR,0.04984452575445175
emotion,embarrassment,token_weighted_mean,low,1,song_f808ae4b4563a70d26400ffefa5cf76248b7c2025e1b427ec117cf0e0aee87de,Magic Power,Triumph,0.00017833249876275659
emotion,embarrassment,token_weighted_mean,low,2,song_2a152a848f4917084d006e080ecbb3c882aeafefc1a851978231c794e8f12e5a,Read Your Mind,Avant,0.00022802470894426607
emotion,embarrassment,token_weighted_mean,low,3,song_a0d2022d699c35704ab0f0e43a6856fcd3fa30930d806529eb228106de34770e,Let It Be,The Beatles,0.00033437515958212316
emotion,embarrassment,token_weighted_mean,high,1,song_73fbb9f604cb292bdaf3f319390e188d21615475a6a3d28edf6ac1e542bb9ab8,Human Nature,Madonna,0.2697342708706856
emotion,embarrassment,token_weighted_mean,high,2,song_4f1614f26569f3e8f2b5fbcdb394c409cfc3f9fc150fbbb6f65025d66f9a2401,Trumpets,Jason Derulo,0.03470168262720108
emotion,embarrassment,token_weighted_mean,high,3,song_9516d36aedd98b099b12edb7e8583f29c12aa762b3a6497bc93b0b23acf9f418,I'm Sorry,Lil Uzi Vert,0.025359278544783592
emotion,excitement,token_weighted_mean,low,1,song_be496be8f147804f19e5da1c133d50508585f40e981a49067a86443a2c7dc9a8,Free Yourself,Fantasia,0.0006034995021764189
emotion,excitement,token_weighted_mean,low,2,song_d92c03539e450a03b3a9eb1ff232dcc47d451ed2498faa25e75f78acef87bd6a,(You Don't Have To) Paint Me A Picture,Gary Lewis And The Playboys,0.0006377258687280118
emotion,excitement,token_weighted_mean,low,3,song_d49d1d25e207f2554afb89b51e0aa1da3d223127e941457fd797a5d7b01d75de,What I Need To Do,Kenny Chesney,0.0006888984935358167
emotion,excitement,token_weighted_mean,high,1,song_87e53fe885bfd4484f1ebd768210f7c20f4ff3e5232d7ecb256c0eb84c118eb1,Hangin' On,Chris Young,0.4649387001991272
emotion,excitement,token_weighted_mean,high,2,song_6dc4b05872cf526300be88208f4fd48cdc16f207b865ca7c05fd42fcada13675,Cindy's Birthday,Johnny Crawford,0.3249724805355072
emotion,excitement,token_weighted_mean,high,3,song_72f1e6ab0eb9c3eea261bf3418510cf8ca46eb5d09386d74e937ff2a0b7160f0,Ladies Night,Kool & The Gang,0.2706292122602463
emotion,fear,token_weighted_mean,low,1,song_815056a3d0f74d832a9989d4bcb3e56697b29dd14bd3aaa012fb8c5b6ffde806,I Wrote A Simple Song,Billy Preston,0.00031601122464053333
emotion,fear,token_weighted_mean,low,2,song_a12befe03d55c5fa6fd9c903788a0badba25b5b7525255fc222d72e21ba6dc12,So Long,Firefall,0.000489788712002337
emotion,fear,token_weighted_mean,low,3,song_828a2fabc32543ca52c9c7d0e53a3f25f6182b996df6b3fcb860b8c631774b4c,Feels So Good,Xscape,0.0005570718785747886
emotion,fear,token_weighted_mean,high,1,song_982e85e0772bde84905c4e66075cab71738b9c33711f12180e2c9ebc6a30e58e,Love Me Good,Michael W. Smith,0.09034001637776276
emotion,fear,token_weighted_mean,high,2,song_4cc7506f1e8d8210be05ab31ae91bd610554d866b02bf85d1040cd114b42b273,Never A Time,Genesis,0.05511859431862831
emotion,fear,token_weighted_mean,high,3,song_5b6151e450109eb89d22335df7f3d97858a0b0d0e06a7b9670968701042ab43e,What Happened To Virgil,Lil Durk Featuring Gunna,0.0475557679310441
emotion,gratitude,token_weighted_mean,low,1,song_cba5c90b4d96ba8398dbcda9b64df8f65f27556d422548e4fd0f85d665ffee84,Vigilante Shit,Taylor Swift,4.992881076759659e-05
emotion,gratitude,token_weighted_mean,low,2,song_a84a10eb92bed9d061cf1c2808e9ed888d108308663802e0618fbb34a235137c,Nothing Ever Goes As Planned,Styx,5.8742985856952146e-05
emotion,gratitude,token_weighted_mean,low,3,song_5f0eaf882be171e9e96fec731f59733be3990d8ac7eaf8a258c5eb15da894eb3,You've Got A Friend,James Taylor,6.210922583704814e-05
emotion,gratitude,token_weighted_mean,high,1,song_490e143d0fd6a02b0ba3c323afbcb0dce7212b54f94f8761250dc778ada4125c,Welcome To Tha Carter,Lil Wayne,0.1871483540162444
emotion,gratitude,token_weighted_mean,high,2,song_9d821af9a1e2446b36ca98875f174e35acda58d417c5ae54ee1782d1b5ca2245,Bless You,Martha Reeves & The Vandellas,0.13894324004650116
emotion,gratitude,token_weighted_mean,high,3,song_4193018621671b33686f0f4a8f71a8dce155ed2550680eadcf1af84134cfd4ad,I'll Take Good Care Of You,Garnet Mimms,0.013058893382549286
emotion,grief,token_weighted_mean,low,1,song_e5a9b37663cfbdb5ae172e52dd414002d0cd701bc5969a41cb382007b35a9092,Money Ain't A Thang,JD Featuring Jay-Z,0.0002445532755582067
emotion,grief,token_weighted_mean,low,2,song_f808ae4b4563a70d26400ffefa5cf76248b7c2025e1b427ec117cf0e0aee87de,Magic Power,Triumph,0.0002515064843464643
emotion,grief,token_weighted_mean,low,3,song_fd806b3821bf03e97e417fa26b068546358a5dc336dc9669759f406326f62c9d,You Can't Take The Honky Tonk Out Of The Girl,Brooks & Dunn,0.00025885648210532963
emotion,grief,token_weighted_mean,high,1,song_4a225ece50c775ee4f1d96ae38d401c088742b3f1525d0467f18be399a7233b9,I Missed Me,Jim Reeves,0.038658589124679565
emotion,grief,token_weighted_mean,high,2,song_4cc7506f1e8d8210be05ab31ae91bd610554d866b02bf85d1040cd114b42b273,Never A Time,Genesis,0.02669883891940117
emotion,grief,token_weighted_mean,high,3,song_38ab85ef42919e3470a0bba519d88e130e73773df3fe01aec967b66c83a71a6d,Mary Ann Regrets,Burl Ives,0.021408237516880035
emotion,joy,token_weighted_mean,low,1,song_664173d13f04a2a5f88c02ccd3d38716d26298f2fac6ddfcf6de0871346f004e,Worldwide Steppers,Kendrick Lamar,0.0007098113710526377
emotion,joy,token_weighted_mean,low,2,song_e0a36a17d8a781eb85e23d922f0348860628a7b53cfa659379924565775bb4b5,What's The Matter Here?,"10,000 Maniacs",0.0008110347553156316
emotion,joy,token_weighted_mean,low,3,song_5d5af3444c66dfa9b904e41deae67f9dc3da2e8afe113f76d35d7c17893c4021,Liar,Profyle,0.0008868051809258759
emotion,joy,token_weighted_mean,high,1,song_a7464a3d004fed14e1824802fca94ffd5af3ac71e2e2e34435fccd0ff534a2ed,Happy,Pharrell Williams,0.7509775161743164
emotion,joy,token_weighted_mean,high,2,song_828a2fabc32543ca52c9c7d0e53a3f25f6182b996df6b3fcb860b8c631774b4c,Feels So Good,Xscape,0.7018332481384277
emotion,joy,token_weighted_mean,high,3,song_0213bb2ca26a8b0e613f83fdc3a1bf713269c08a2c6cbcb19d0e85cd0bb40e4f,Floy Joy,The Supremes,0.5548717975616455
emotion,love,token_weighted_mean,low,1,song_a12befe03d55c5fa6fd9c903788a0badba25b5b7525255fc222d72e21ba6dc12,So Long,Firefall,0.00040476827416568995
emotion,love,token_weighted_mean,low,2,song_664173d13f04a2a5f88c02ccd3d38716d26298f2fac6ddfcf6de0871346f004e,Worldwide Steppers,Kendrick Lamar,0.0004238079709466547
emotion,love,token_weighted_mean,low,3,song_3be80d6898e6d7126085bef1a2e577252c3acb8d6fb29059cd60aa374c032093,Flava In Ya Ear,Craig Mack,0.00044726098712999374
emotion,love,token_weighted_mean,high,1,song_e850a0ebd5865cbcde0d7358f03fb5b1793e1d046b07f23d6f6f42c012be6355,Cry Just A Little,Paul Davis,0.9718871712684631
emotion,love,token_weighted_mean,high,2,song_41cdcd17020b65b4e4437210a8c492aaa7bdc0500b9ef269cc7168648a893175,River Deep - Mountain High,The Supremes & Four Tops,0.9526029229164124
emotion,love,token_weighted_mean,high,3,song_be7eac0fa653c7531ff79984dc290b805f805913ea19ea18c4e8bb0a26a7930b,Lipstick Traces (On A Cigarette),The O'Jays,0.952578067779541
emotion,nervousness,token_weighted_mean,low,1,song_cc1c2453fb7685b97a44a7e916f797bdff9a23a8b50beb09f843aa71a8ee5564,Gallant Men,Senator Everett McKinley Dirksen,0.00028786229086108506
emotion,nervousness,token_weighted_mean,low,2,song_f1d664029f6e73d8332f2a5ef74f4733ea56bbd946340d01b4c5169b617c7d8f,Rosones,Tito Double P,0.0002992249792441726
emotion,nervousness,token_weighted_mean,low,3,song_815056a3d0f74d832a9989d4bcb3e56697b29dd14bd3aaa012fb8c5b6ffde806,I Wrote A Simple Song,Billy Preston,0.00032823203946463764
emotion,nervousness,token_weighted_mean,high,1,song_e12f73c01a9b74f42d83be6090427aacf2b73668f80c0ff93c72f9ce5a7a0f79,It's So Hard To Say Goodbye To Yesterday,Boyz II Men,0.06210764870047569
emotion,nervousness,token_weighted_mean,high,2,song_4cc7506f1e8d8210be05ab31ae91bd610554d866b02bf85d1040cd114b42b273,Never A Time,Genesis,0.04800310730934143
emotion,nervousness,token_weighted_mean,high,3,song_a7772f327e3a3cfafd258cd3b2e22efc03d987310de5204015249aca809adaf3,Help!,The Beatles,0.04535147547721863
emotion,optimism,token_weighted_mean,low,1,song_8e7a07712e424d6dc71b31f594afafc6604cf5d4f09fcf81c91908a2c45b979d,Anaconda,Nicki Minaj,0.0013603270053863525
emotion,optimism,token_weighted_mean,low,2,song_be18506dff183b6a8ee7e34e0063fde1d8f047a431bce1ad15210cd247070d71,No Scrubs,TLC,0.0014784301165491343
emotion,optimism,token_weighted_mean,low,3,song_9dbb323d50307798742301129921ec5b11ae34a454a7ed4fbbd105278a4e07c1,Mr. October,Bad Bunny,0.0015127590014201808
emotion,optimism,token_weighted_mean,high,1,song_23d90431f2ad7d4f8d31fc70fb9bc9aad106a4f8849752e76e878e6e017eb477,Imagine,John Lennon/Plastic Ono Band,0.47620466351509094
emotion,optimism,token_weighted_mean,high,2,song_e8f0cbf6b127bb0d2d327524f99a3faffc1aa86c24cd4d6f2f351910f8dba31c,Survivor,Destiny's Child,0.34095838900006953
emotion,optimism,token_weighted_mean,high,3,song_dd86150211a00481ca2a80067939457ef346cce917ed900d58478305c74811a2,It's Only Make Believe,Glen Campbell,0.32854846119880676
emotion,pride,token_weighted_mean,low,1,song_05be1f29e67911d8e269dbbba495ee25b92120a0aba32db094923f7adf2183b7,Are We Ourselves?,The Fixx,9.938408038578928e-05
emotion,pride,token_weighted_mean,low,2,song_117729f1bc413e31e8149049b7309c6ccf166f72419ae410a62c847ad8a70059,Would It Make Any Difference To You,Etta James,0.00013125676196068525
emotion,pride,token_weighted_mean,low,3,song_1412311414a73f8a8432337045a7f785b4dab467abd618d008b2ae0948df2b24,The Voice,The Moody Blues,0.00013872855925001204
emotion,pride,token_weighted_mean,high,1,song_beae324dbfbd3d29294643d2f1938b0205c4b9c455a55bd53f5c494c91253adb,Boondocks,Little Big Town,0.17243752485956065
emotion,pride,token_weighted_mean,high,2,song_a7772f327e3a3cfafd258cd3b2e22efc03d987310de5204015249aca809adaf3,Help!,The Beatles,0.019527385011315346
emotion,pride,token_weighted_mean,high,3,song_7cfaf4be60351ae529bbb4b6a7b493826b52baf2985f565b0e889b3c23ab5e29,The Most Beautiful Girl In The World,Prince,0.012916933745145798
emotion,realization,token_weighted_mean,low,1,song_a2b0d57e3aeceb90c67f1e0c89daa02a72b08196d8d9b1caf4efa7677c4a847b,Please Me,Cardi B & Bruno Mars,0.0029280539602041245
emotion,realization,token_weighted_mean,low,2,song_9d821af9a1e2446b36ca98875f174e35acda58d417c5ae54ee1782d1b5ca2245,Bless You,Martha Reeves & The Vandellas,0.0033962747547775507
emotion,realization,token_weighted_mean,low,3,song_89d75c9f3c3a88e6888930caa50d728f6bdfa0b90fe8fa2978b32e8582e20df0,Get The Party Started,P!nk,0.003530096495524049
emotion,realization,token_weighted_mean,high,1,song_4881f8befad3c29b4557c7e7b5c098ce567212185b88f68f63c0717cfc803994,Man In The Mirror,Michael Jackson,0.13403270114213228
emotion,realization,token_weighted_mean,high,2,song_0c97bdf048572221cf295545083a45a1572bcc8f0c307a006c0956c93c908099,Over It,Katharine McPhee,0.13313340125137202
emotion,realization,token_weighted_mean,high,3,song_84fb3306a13f9324e94484bea63edeaa1e6248de1587badbb758a41c3fef27e6,Because I Got High,Afroman,0.1276968005741453
emotion,relief,token_weighted_mean,low,1,song_e5a9b37663cfbdb5ae172e52dd414002d0cd701bc5969a41cb382007b35a9092,Money Ain't A Thang,JD Featuring Jay-Z,0.0002571989110235692
emotion,relief,token_weighted_mean,low,2,song_11fde80db739a6f64d0a9d9b691cf7b6526c1ba2e830f676d5e4a336c17c9df8,How Country Feels,Randy Houser,0.0002973236842080951
emotion,relief,token_weighted_mean,low,3,song_05be1f29e67911d8e269dbbba495ee25b92120a0aba32db094923f7adf2183b7,Are We Ourselves?,The Fixx,0.0003100108297076076
emotion,relief,token_weighted_mean,high,1,song_a7772f327e3a3cfafd258cd3b2e22efc03d987310de5204015249aca809adaf3,Help!,The Beatles,0.06359629333019257
emotion,relief,token_weighted_mean,high,2,song_a7464a3d004fed14e1824802fca94ffd5af3ac71e2e2e34435fccd0ff534a2ed,Happy,Pharrell Williams,0.03292306512594223
emotion,relief,token_weighted_mean,high,3,song_beae324dbfbd3d29294643d2f1938b0205c4b9c455a55bd53f5c494c91253adb,Boondocks,Little Big Town,0.030435156368184835
emotion,remorse,token_weighted_mean,low,1,song_dde6cccf06049e639f7a816a60982f1646926c7007a974ecfcd938c2dbf1c191,Maniac,Michael Sembello,0.00012278986105229706
emotion,remorse,token_weighted_mean,low,2,song_e5a9b37663cfbdb5ae172e52dd414002d0cd701bc5969a41cb382007b35a9092,Money Ain't A Thang,JD Featuring Jay-Z,0.0001648954170024845
emotion,remorse,token_weighted_mean,low,3,song_0ae5f6cefc72dd648e4af242ede9fc3a429075b6a2fa40106e6966410ea88dc5,Super Freak (Part I),Rick James,0.00016843824414536357
emotion,remorse,token_weighted_mean,high,1,song_1e523b8a34f3b5d309a467bfc9d134b74834090161cbaf0a73603f782ea9ee29,Sorry,Justin Bieber,0.8024336695671082
emotion,remorse,token_weighted_mean,high,2,song_9516d36aedd98b099b12edb7e8583f29c12aa762b3a6497bc93b0b23acf9f418,I'm Sorry,Lil Uzi Vert,0.45179782807826996
emotion,remorse,token_weighted_mean,high,3,song_dd485d25877ca1180d8dfe3c9fd36a556c930b5c2f8cf45973c034db9ddaf484,Leave A Light On,Belinda Carlisle,0.09572185575962067
emotion,sadness,token_weighted_mean,low,1,song_c4eabeecb02281b19acf05dac0942d25da1b7cae44fc83479a18c5a5594546ab,"Go, Jimmy, Go",Jimmy Clanton,0.0007414094870910048
emotion,sadness,token_weighted_mean,low,2,song_0ae5f6cefc72dd648e4af242ede9fc3a429075b6a2fa40106e6966410ea88dc5,Super Freak (Part I),Rick James,0.0007547834247816354
emotion,sadness,token_weighted_mean,low,3,song_dde6cccf06049e639f7a816a60982f1646926c7007a974ecfcd938c2dbf1c191,Maniac,Michael Sembello,0.0007664045551791787
emotion,sadness,token_weighted_mean,high,1,song_4a225ece50c775ee4f1d96ae38d401c088742b3f1525d0467f18be399a7233b9,I Missed Me,Jim Reeves,0.8319674730300903
emotion,sadness,token_weighted_mean,high,2,song_4cc7506f1e8d8210be05ab31ae91bd610554d866b02bf85d1040cd114b42b273,Never A Time,Genesis,0.8283973336219788
emotion,sadness,token_weighted_mean,high,3,song_38ab85ef42919e3470a0bba519d88e130e73773df3fe01aec967b66c83a71a6d,Mary Ann Regrets,Burl Ives,0.7811785936355591
emotion,surprise,token_weighted_mean,low,1,song_2d1e136f70b14cbd83c69d01eb86a415f2edaab314e912aa55ae921ce76f9873,2U,David Guetta Featuring Justin Bieber,0.0004073901509400457
emotion,surprise,token_weighted_mean,low,2,song_52d717b9eb2516949c777c9c8731a532ce779c0eb5872d6023ce3b1b2fae8d86,Rockabye,Clean Bandit Featuring Sean Paul & Anne-Marie,0.0004191759581508886
emotion,surprise,token_weighted_mean,low,3,song_7581bf1aa60711a8fb70d6f74beab7986e56b266a494f31317d281a2e6fbe93c,"Frankie's Man, Johnny",Johnny Cash,0.0004329978546593338
emotion,surprise,token_weighted_mean,high,1,song_49d0dea7fd546e82089ee720332cf4ab5b94fa2b3087f810f10461310152399a,halfcrazy,Musiq,0.2938305385593881
emotion,surprise,token_weighted_mean,high,2,song_a22606f73b2eb26912bcd4c63b31ac5c72f573b98d06a74097ac6988b8a4761a,God Must Have Spent A Little More Time On You,Alabama Featuring 'N Sync,0.1320333033800125
emotion,surprise,token_weighted_mean,high,3,song_9277254377f0ed6ea2c94d6f5d17ee81782d30bd4f80f6185a6d4d87c99850f7,Hold On,Ian Gomm,0.11235105246305466
emotion,neutral,token_weighted_mean,low,1,song_e850a0ebd5865cbcde0d7358f03fb5b1793e1d046b07f23d6f6f42c012be6355,Cry Just A Little,Paul Davis,0.00962828565388918
emotion,neutral,token_weighted_mean,low,2,song_a9417fe5b49241ddee5b63be9a3fe138548c5ec77db57e1201268cae0273529e,Since I Fell For You,Charlie Rich,0.01303352415561676
emotion,neutral,token_weighted_mean,low,3,song_4193018621671b33686f0f4a8f71a8dce155ed2550680eadcf1af84134cfd4ad,I'll Take Good Care Of You,Garnet Mimms,0.018820112571120262
emotion,neutral,token_weighted_mean,high,1,song_fed7c74ad967767c8732088a2935e6279881ee63bf2cc773490807c416c8707a,La Bamba,Ritchie Valens,0.9657362103462219
emotion,neutral,token_weighted_mean,high,2,song_02774fe4f56b6d0a37952e7ecde8456be181bcb74ccb21de416a2aaf61e6f01c,Almost Like Praying,Lin-Manuel Miranda Featuring Artists For Puerto Rico,0.9602775871753693
emotion,neutral,token_weighted_mean,high,3,song_f1d664029f6e73d8332f2a5ef74f4733ea56bbd946340d01b4c5169b617c7d8f,Rosones,Tito Double P,0.9564173817634583
sentiment,negative,token_weighted_mean,low,1,song_c0c862864db358e90588de9f7252a57d2071427842018127b437850496d715fa,Amen,The Impressions,0.10829422622919083
sentiment,negative,token_weighted_mean,low,2,song_a5796aaae59d201c1e3deeacae5e2109ffeaf8181d6a0cc53d4179eef0117ee2,Cinnamon Girl,Neil Young & Crazy Horse,0.1201099380850792
sentiment,negative,token_weighted_mean,low,3,song_b10199f4fcf60c75729c81ed97259c8e6aa9673cdcb93acdc6f4171e7cf8d945,What A Wonderful World,Louis Armstrong,0.1241217777132988
sentiment,negative,token_weighted_mean,high,1,song_73fbb9f604cb292bdaf3f319390e188d21615475a6a3d28edf6ac1e542bb9ab8,Human Nature,Madonna,0.5053280591964722
sentiment,negative,token_weighted_mean,high,2,song_8c9359eb2bcab6780ed3a7cdca143da09375324d2952065a07d7adb88bf11161,Foolish Heart,Steve Perry,0.4878329038619995
sentiment,negative,token_weighted_mean,high,3,song_ed5fc8c4fed301a8e973065316ce27e8c6f68575411890467a66fd5ba26d8bed,The Cure,Olivia Rodrigo,0.47808334287713744
sentiment,neutral,token_weighted_mean,low,1,song_b10199f4fcf60c75729c81ed97259c8e6aa9673cdcb93acdc6f4171e7cf8d945,What A Wonderful World,Louis Armstrong,0.30979958176612854
sentiment,neutral,token_weighted_mean,low,2,song_4eedaac548f0db66c979575510092e16f414750629bddb6217182d6a43faa1ca,Love Makes A Woman,Barbara Acklin,0.3301672637462616
sentiment,neutral,token_weighted_mean,low,3,song_70c1dfe984e3e546f3fbcec256b41023637c8fd480ba3adfb34647894f32f4f0,Lady Jane,The Rolling Stones,0.3332723379135132
sentiment,neutral,token_weighted_mean,high,1,song_a0d2022d699c35704ab0f0e43a6856fcd3fa30930d806529eb228106de34770e,Let It Be,The Beatles,0.5388665199279785
sentiment,neutral,token_weighted_mean,high,2,song_117729f1bc413e31e8149049b7309c6ccf166f72419ae410a62c847ad8a70059,Would It Make Any Difference To You,Etta James,0.518848717212677
sentiment,neutral,token_weighted_mean,high,3,song_1110ad0e721685ec873afc6cc8372d1da569f6f1d519bdd799cd7c8d00631393,Listen To Her Heart,Tom Petty,0.5088563561439514
sentiment,positive,token_weighted_mean,low,1,song_73fbb9f604cb292bdaf3f319390e188d21615475a6a3d28edf6ac1e542bb9ab8,Human Nature,Madonna,0.13955848664045334
sentiment,positive,token_weighted_mean,low,2,song_8c9359eb2bcab6780ed3a7cdca143da09375324d2952065a07d7adb88bf11161,Foolish Heart,Steve Perry,0.15546144545078278
sentiment,positive,token_weighted_mean,low,3,song_0349520b5c7c2e4422a70fce1d2df78432df63f0a6e704fa01bbfef8e34ebe24,I Just Don't Know What To Do With Myself,Dionne Warwick,0.160888671875
sentiment,positive,token_weighted_mean,high,1,song_b10199f4fcf60c75729c81ed97259c8e6aa9673cdcb93acdc6f4171e7cf8d945,What A Wonderful World,Louis Armstrong,0.5660786628723145
sentiment,positive,token_weighted_mean,high,2,song_95608ea2e15a20489c14c3226405cb9cf2ea0862cd77e786705f890b46a97925,Sleep,Little Willie John,0.539169192314148
sentiment,positive,token_weighted_mean,high,3,song_70c1dfe984e3e546f3fbcec256b41023637c8fd480ba3adfb34647894f32f4f0,Lady Jane,The Rolling Stones,0.5224130749702454
bart,romance,token_weighted_mean,low,1,song_3be80d6898e6d7126085bef1a2e577252c3acb8d6fb29059cd60aa374c032093,Flava In Ya Ear,Craig Mack,0.08524095191966302
bart,romance,token_weighted_mean,low,2,song_b5dba8821898b6e121e493b47cf4d536d7a7c5d16bcc38aaedc2b4899288889d,New Rules,Dua Lipa,0.12051201008613018
bart,romance,token_weighted_mean,low,3,song_e0a36a17d8a781eb85e23d922f0348860628a7b53cfa659379924565775bb4b5,What's The Matter Here?,"10,000 Maniacs",0.13880611094795686
bart,romance,token_weighted_mean,high,1,song_49444e52efc677ac5bbdb87422be8b88c555f18f38a1301ade4d6d7dc7acc9c3,You Don't Have To Be A Star (To Be In My Show),Marilyn McCoo & Billy Davis Jr.,0.999634969819379
bart,romance,token_weighted_mean,high,2,song_1130d71736864e2f32c66a5784e269842b861afc685af864962777b4ea459b76,Soul Man,Blues Brothers,0.9994396439816263
bart,romance,token_weighted_mean,high,3,song_ddd4c1911d61ba872c932e1ebf7bab492d51ca29e94feea236ab5efa08127983,I Miss You,Joe Public,0.9990070941389673
bart,heartbreak,token_weighted_mean,low,1,song_a5796aaae59d201c1e3deeacae5e2109ffeaf8181d6a0cc53d4179eef0117ee2,Cinnamon Girl,Neil Young & Crazy Horse,0.03853054653266693
bart,heartbreak,token_weighted_mean,low,2,song_8dc915eed4c70e3c837e01cd5e20204612237664f511b3bef8fbde1bbd51f7d9,Wiggle It,2 In A Room,0.10959104182237252
bart,heartbreak,token_weighted_mean,low,3,song_b10199f4fcf60c75729c81ed97259c8e6aa9673cdcb93acdc6f4171e7cf8d945,What A Wonderful World,Louis Armstrong,0.11408615983328892
bart,heartbreak,token_weighted_mean,high,1,song_57b6fb5de42d0b76a982ad6d6b780aa368d65adfecd872c1522c7c3660a04cb4,Eternity,Alex Warren,0.9992033324848618
bart,heartbreak,token_weighted_mean,high,2,song_9277254377f0ed6ea2c94d6f5d17ee81782d30bd4f80f6185a6d4d87c99850f7,Hold On,Ian Gomm,0.9991740279521136
bart,heartbreak,token_weighted_mean,high,3,song_a9417fe5b49241ddee5b63be9a3fe138548c5ec77db57e1201268cae0273529e,Since I Fell For You,Charlie Rich,0.9990675154929539
bart,sexual,token_weighted_mean,low,1,song_b5dba8821898b6e121e493b47cf4d536d7a7c5d16bcc38aaedc2b4899288889d,New Rules,Dua Lipa,0.06406215875045546
bart,sexual,token_weighted_mean,low,2,song_6dc4b05872cf526300be88208f4fd48cdc16f207b865ca7c05fd42fcada13675,Cindy's Birthday,Johnny Crawford,0.15732791368157548
bart,sexual,token_weighted_mean,low,3,song_b10199f4fcf60c75729c81ed97259c8e6aa9673cdcb93acdc6f4171e7cf8d945,What A Wonderful World,Louis Armstrong,0.2864439242014227
bart,sexual,token_weighted_mean,high,1,song_a2b0d57e3aeceb90c67f1e0c89daa02a72b08196d8d9b1caf4efa7677c4a847b,Please Me,Cardi B & Bruno Mars,0.9969311923910547
bart,sexual,token_weighted_mean,high,2,song_97dde8742e0cc2461773a6d71873bf7831160cc7b3b82fcb096f1022b4c12759,WAP,Cardi B Featuring Megan Thee Stallion,0.9928072421190748
bart,sexual,token_weighted_mean,high,3,song_a9824e4acd085fbd53e561a95b0a44b852833928c774ab7affba998ddfec95a6,Closer,Nine Inch Nails,0.988641442890692
bart,violence,token_weighted_mean,low,1,song_6dc4b05872cf526300be88208f4fd48cdc16f207b865ca7c05fd42fcada13675,Cindy's Birthday,Johnny Crawford,0.023367509924467438
bart,violence,token_weighted_mean,low,2,song_b10199f4fcf60c75729c81ed97259c8e6aa9673cdcb93acdc6f4171e7cf8d945,What A Wonderful World,Louis Armstrong,0.027266382476139585
bart,violence,token_weighted_mean,low,3,song_48c9a31f32d37489d6e49c8e3c9c2b203b5393562fbdbb3ce735de99f9c08e9e,Seven Bridges Road,Eagles,0.030520205738179318
bart,violence,token_weighted_mean,high,1,song_3be80d6898e6d7126085bef1a2e577252c3acb8d6fb29059cd60aa374c032093,Flava In Ya Ear,Craig Mack,0.99964934109565
bart,violence,token_weighted_mean,high,2,song_e2c1ed4ba63771b7e206087975fadfe2d4942fdc015891840947f04e2959c89b,Need It,Migos Featuring YoungBoy Never Broke Again,0.9978069153666712
bart,violence,token_weighted_mean,high,3,song_c0eeb4729f1ae33d58424899c3c15392241f8e296e88cad503bcb8fe60060eed,Never Hating,Lil Baby & Young Thug,0.9964318389450731
bart,profanity,token_weighted_mean,low,1,song_b5dba8821898b6e121e493b47cf4d536d7a7c5d16bcc38aaedc2b4899288889d,New Rules,Dua Lipa,0.0801860076903876
bart,profanity,token_weighted_mean,low,2,song_6dc4b05872cf526300be88208f4fd48cdc16f207b865ca7c05fd42fcada13675,Cindy's Birthday,Johnny Crawford,0.16357855470477
bart,profanity,token_weighted_mean,low,3,song_f0dabdf8d0646ea373fbd165249ce5d26b1ba2c6e4a65f1214d7cc750388072a,Mountain Of Love,Johnny Rivers,0.2610374015674358
bart,profanity,token_weighted_mean,high,1,song_3be80d6898e6d7126085bef1a2e577252c3acb8d6fb29059cd60aa374c032093,Flava In Ya Ear,Craig Mack,0.9967411814312804
bart,profanity,token_weighted_mean,high,2,song_c0eeb4729f1ae33d58424899c3c15392241f8e296e88cad503bcb8fe60060eed,Never Hating,Lil Baby & Young Thug,0.995951267912846
bart,profanity,token_weighted_mean,high,3,song_97dde8742e0cc2461773a6d71873bf7831160cc7b3b82fcb096f1022b4c12759,WAP,Cardi B Featuring Megan Thee Stallion,0.995628565056946
bart,drugs,token_weighted_mean,low,1,song_6dc4b05872cf526300be88208f4fd48cdc16f207b865ca7c05fd42fcada13675,Cindy's Birthday,Johnny Crawford,0.041378980253836496
bart,drugs,token_weighted_mean,low,2,song_b5dba8821898b6e121e493b47cf4d536d7a7c5d16bcc38aaedc2b4899288889d,New Rules,Dua Lipa,0.04255396583230131
bart,drugs,token_weighted_mean,low,3,song_120331d2247754424d30484b3670c2d5c1ce827e7072814177b00993de5c5d32,Sunshine In The Shade,The Fixx,0.096625260122721
bart,drugs,token_weighted_mean,high,1,song_e2c1ed4ba63771b7e206087975fadfe2d4942fdc015891840947f04e2959c89b,Need It,Migos Featuring YoungBoy Never Broke Again,0.9981223200634268
bart,drugs,token_weighted_mean,high,2,song_dcd6fc07dd41fb2112e83cc37ad3cb0288359e4b90661faeb2891c6a2a7f5e89,The Hills,The Weeknd,0.9921252195583212
bart,drugs,token_weighted_mean,high,3,song_0952b517e2fef799bf238e7dc58b1371cc57ea3450759f0c13ba18c1ca658fc1,America Has A Problem,Beyonce Featuring Kendrick Lamar,0.9914731418434075
bart,alcohol,token_weighted_mean,low,1,song_b5dba8821898b6e121e493b47cf4d536d7a7c5d16bcc38aaedc2b4899288889d,New Rules,Dua Lipa,0.09587513543461669
bart,alcohol,token_weighted_mean,low,2,song_b10199f4fcf60c75729c81ed97259c8e6aa9673cdcb93acdc6f4171e7cf8d945,What A Wonderful World,Louis Armstrong,0.10487095109718574
bart,alcohol,token_weighted_mean,low,3,song_120331d2247754424d30484b3670c2d5c1ce827e7072814177b00993de5c5d32,Sunshine In The Shade,The Fixx,0.1120957682073008
bart,alcohol,token_weighted_mean,high,1,song_97cfc67489dd849a26253fcdefcaff63ecc2b80e39a5a4b394c09a496e723f59,You Better You Bet,The Who,0.9858463854748208
bart,alcohol,token_weighted_mean,high,2,song_02774fe4f56b6d0a37952e7ecde8456be181bcb74ccb21de416a2aaf61e6f01c,Almost Like Praying,Lin-Manuel Miranda Featuring Artists For Puerto Rico,0.9847061312954708
bart,alcohol,token_weighted_mean,high,3,song_87e53fe885bfd4484f1ebd768210f7c20f4ff3e5232d7ecb256c0eb84c118eb1,Hangin' On,Chris Young,0.9818440162353567
bart,crime,token_weighted_mean,low,1,song_b5dba8821898b6e121e493b47cf4d536d7a7c5d16bcc38aaedc2b4899288889d,New Rules,Dua Lipa,0.016384202314854154
bart,crime,token_weighted_mean,low,2,song_6dc4b05872cf526300be88208f4fd48cdc16f207b865ca7c05fd42fcada13675,Cindy's Birthday,Johnny Crawford,0.017032475216747438
bart,crime,token_weighted_mean,low,3,song_2a783aa21125846631c321e170948f1689071a051714cf6e57c7cfb4ba6c8b89,Let's Get It On,Marvin Gaye,0.021250506081865423
bart,crime,token_weighted_mean,high,1,song_e2c1ed4ba63771b7e206087975fadfe2d4942fdc015891840947f04e2959c89b,Need It,Migos Featuring YoungBoy Never Broke Again,0.9941215452363368
bart,crime,token_weighted_mean,high,2,song_3be80d6898e6d7126085bef1a2e577252c3acb8d6fb29059cd60aa374c032093,Flava In Ya Ear,Craig Mack,0.9874906979309839
bart,crime,token_weighted_mean,high,3,song_0952b517e2fef799bf238e7dc58b1371cc57ea3450759f0c13ba18c1ca658fc1,America Has A Problem,Beyonce Featuring Kendrick Lamar,0.9861342158331977
bart,wealth,token_weighted_mean,low,1,song_b5dba8821898b6e121e493b47cf4d536d7a7c5d16bcc38aaedc2b4899288889d,New Rules,Dua Lipa,0.007661758740647465
bart,wealth,token_weighted_mean,low,2,song_95608ea2e15a20489c14c3226405cb9cf2ea0862cd77e786705f890b46a97925,Sleep,Little Willie John,0.014523938146858179
bart,wealth,token_weighted_mean,low,3,song_87e53fe885bfd4484f1ebd768210f7c20f4ff3e5232d7ecb256c0eb84c118eb1,Hangin' On,Chris Young,0.016851907259267326
bart,wealth,token_weighted_mean,high,1,song_1d68186326e359b9669b2f7c11d69a9643793fb708e6fe1003c21e5c3aa6232a,Crushed Up,Future,0.9970799549730731
bart,wealth,token_weighted_mean,high,2,song_e2c1ed4ba63771b7e206087975fadfe2d4942fdc015891840947f04e2959c89b,Need It,Migos Featuring YoungBoy Never Broke Again,0.9960386757571824
bart,wealth,token_weighted_mean,high,3,song_e5a9b37663cfbdb5ae172e52dd414002d0cd701bc5969a41cb382007b35a9092,Money Ain't A Thang,JD Featuring Jay-Z,0.9940710699952321
bart,partying,token_weighted_mean,low,1,song_b5dba8821898b6e121e493b47cf4d536d7a7c5d16bcc38aaedc2b4899288889d,New Rules,Dua Lipa,0.017930375786847606
bart,partying,token_weighted_mean,low,2,song_6dc4b05872cf526300be88208f4fd48cdc16f207b865ca7c05fd42fcada13675,Cindy's Birthday,Johnny Crawford,0.03768863596054319
bart,partying,token_weighted_mean,low,3,song_c0c862864db358e90588de9f7252a57d2071427842018127b437850496d715fa,Amen,The Impressions,0.05129012754832253
bart,partying,token_weighted_mean,high,1,song_72f1e6ab0eb9c3eea261bf3418510cf8ca46eb5d09386d74e937ff2a0b7160f0,Ladies Night,Kool & The Gang,0.997944927721777
bart,partying,token_weighted_mean,high,2,song_89d75c9f3c3a88e6888930caa50d728f6bdfa0b90fe8fa2978b32e8582e20df0,Get The Party Started,P!nk,0.9977365546223933
bart,partying,token_weighted_mean,high,3,song_a84a10eb92bed9d061cf1c2808e9ed888d108308663802e0618fbb34a235137c,Nothing Ever Goes As Planned,Styx,0.9926980429857521
bart,family,token_weighted_mean,low,1,song_b5dba8821898b6e121e493b47cf4d536d7a7c5d16bcc38aaedc2b4899288889d,New Rules,Dua Lipa,0.07460851602776516
bart,family,token_weighted_mean,low,2,song_a9824e4acd085fbd53e561a95b0a44b852833928c774ab7affba998ddfec95a6,Closer,Nine Inch Nails,0.1815181654738357
bart,family,token_weighted_mean,low,3,song_87e53fe885bfd4484f1ebd768210f7c20f4ff3e5232d7ecb256c0eb84c118eb1,Hangin' On,Chris Young,0.35544530033814525
bart,family,token_weighted_mean,high,1,song_cf6aea8f1076b117bb1b0f6699facf83cd915c937f0d9375348ac11f8981b63b,Johnny Reb,Johnny Horton,0.9983285353617423
bart,family,token_weighted_mean,high,2,song_9d821af9a1e2446b36ca98875f174e35acda58d417c5ae54ee1782d1b5ca2245,Bless You,Martha Reeves & The Vandellas,0.9973846565524084
bart,family,token_weighted_mean,high,3,song_64d37feb1fa3da190b5b48cdf28bee0181308224ba28cffb740e5048b0ab4306,Travelin' Prayer,Billy Joel,0.9960239467055727
bart,friendship,token_weighted_mean,low,1,song_b5dba8821898b6e121e493b47cf4d536d7a7c5d16bcc38aaedc2b4899288889d,New Rules,Dua Lipa,0.08845053922798805
bart,friendship,token_weighted_mean,low,2,song_59328e4ef495b0a2eead2600eb40694f1921b10840b1f242e3580ce8c59f8a86,The Jolly Green Giant,The Kingsmen,0.10413042573159417
bart,friendship,token_weighted_mean,low,3,song_a9824e4acd085fbd53e561a95b0a44b852833928c774ab7affba998ddfec95a6,Closer,Nine Inch Nails,0.1710208968125428
bart,friendship,token_weighted_mean,high,1,song_1130d71736864e2f32c66a5784e269842b861afc685af864962777b4ea459b76,Soul Man,Blues Brothers,0.9988893977236363
bart,friendship,token_weighted_mean,high,2,song_a5796aaae59d201c1e3deeacae5e2109ffeaf8181d6a0cc53d4179eef0117ee2,Cinnamon Girl,Neil Young & Crazy Horse,0.9986049959874965
bart,friendship,token_weighted_mean,high,3,song_5f0eaf882be171e9e96fec731f59733be3990d8ac7eaf8a258c5eb15da894eb3,You've Got A Friend,James Taylor,0.9982283912156241
bart,spirituality,token_weighted_mean,low,1,song_b5dba8821898b6e121e493b47cf4d536d7a7c5d16bcc38aaedc2b4899288889d,New Rules,Dua Lipa,0.01983615468499236
bart,spirituality,token_weighted_mean,low,2,song_6dc4b05872cf526300be88208f4fd48cdc16f207b865ca7c05fd42fcada13675,Cindy's Birthday,Johnny Crawford,0.030569060717508607
bart,spirituality,token_weighted_mean,low,3,song_87e53fe885bfd4484f1ebd768210f7c20f4ff3e5232d7ecb256c0eb84c118eb1,Hangin' On,Chris Young,0.04206639887946675
bart,spirituality,token_weighted_mean,high,1,song_c0c862864db358e90588de9f7252a57d2071427842018127b437850496d715fa,Amen,The Impressions,0.9990387042166233
bart,spirituality,token_weighted_mean,high,2,song_02774fe4f56b6d0a37952e7ecde8456be181bcb74ccb21de416a2aaf61e6f01c,Almost Like Praying,Lin-Manuel Miranda Featuring Artists For Puerto Rico,0.997703292007144
bart,spirituality,token_weighted_mean,high,3,song_f1d664029f6e73d8332f2a5ef74f4733ea56bbd946340d01b4c5169b617c7d8f,Rosones,Tito Double P,0.9837063098189023
bart,politics,token_weighted_mean,low,1,song_6dc4b05872cf526300be88208f4fd48cdc16f207b865ca7c05fd42fcada13675,Cindy's Birthday,Johnny Crawford,0.004757705474476195
bart,politics,token_weighted_mean,low,2,song_b5dba8821898b6e121e493b47cf4d536d7a7c5d16bcc38aaedc2b4899288889d,New Rules,Dua Lipa,0.03841189061049348
bart,politics,token_weighted_mean,low,3,song_ddd4c1911d61ba872c932e1ebf7bab492d51ca29e94feea236ab5efa08127983,I Miss You,Joe Public,0.08680288032796564
bart,politics,token_weighted_mean,high,1,song_664173d13f04a2a5f88c02ccd3d38716d26298f2fac6ddfcf6de0871346f004e,Worldwide Steppers,Kendrick Lamar,0.9674915862635226
bart,politics,token_weighted_mean,high,2,song_69823ed1beab1c15adab303458294de6aa805b844e4d9bc1cb759b53d8e1d0b8,Murder On My Mind,YNW Melly,0.9642410799841645
bart,politics,token_weighted_mean,high,3,song_9dbb323d50307798742301129921ec5b11ae34a454a7ed4fbbd105278a4e07c1,Mr. October,Bad Bunny,0.9604566753774798
bart,distress,token_weighted_mean,low,1,song_490e143d0fd6a02b0ba3c323afbcb0dce7212b54f94f8761250dc778ada4125c,Welcome To Tha Carter,Lil Wayne,0.24641074589677017
bart,distress,token_weighted_mean,low,2,song_690e3e60b5c5037449b2757dda9d6757ed3ec925b71a0e80ad7109d85f8667b5,Firecracker,Mass Production,0.2520107012944867
bart,distress,token_weighted_mean,low,3,song_b5dba8821898b6e121e493b47cf4d536d7a7c5d16bcc38aaedc2b4899288889d,New Rules,Dua Lipa,0.2811947363295137
bart,distress,token_weighted_mean,high,1,song_9277254377f0ed6ea2c94d6f5d17ee81782d30bd4f80f6185a6d4d87c99850f7,Hold On,Ian Gomm,0.998668398790176
bart,distress,token_weighted_mean,high,2,song_57b6fb5de42d0b76a982ad6d6b780aa368d65adfecd872c1522c7c3660a04cb4,Eternity,Alex Warren,0.9982146881149617
bart,distress,token_weighted_mean,high,3,song_316a0b9ba7277c09179f346f5f806cf819a8fc0641ac5d42b6558a4c972dc6aa,Little Bird,Annie Lennox,0.9976004097408383
bart,empowerment,token_weighted_mean,low,1,song_a9417fe5b49241ddee5b63be9a3fe138548c5ec77db57e1201268cae0273529e,Since I Fell For You,Charlie Rich,0.07370787510345324
bart,empowerment,token_weighted_mean,low,2,song_b5dba8821898b6e121e493b47cf4d536d7a7c5d16bcc38aaedc2b4899288889d,New Rules,Dua Lipa,0.13388295527940508
bart,empowerment,token_weighted_mean,low,3,song_4cc7506f1e8d8210be05ab31ae91bd610554d866b02bf85d1040cd114b42b273,Never A Time,Genesis,0.19554783585924707
bart,empowerment,token_weighted_mean,high,1,song_1130d71736864e2f32c66a5784e269842b861afc685af864962777b4ea459b76,Soul Man,Blues Brothers,0.9984291012635192
bart,empowerment,token_weighted_mean,high,2,song_4f1614f26569f3e8f2b5fbcdb394c409cfc3f9fc150fbbb6f65025d66f9a2401,Trumpets,Jason Derulo,0.9964843588067239
bart,empowerment,token_weighted_mean,high,3,song_49444e52efc677ac5bbdb87422be8b88c555f18f38a1301ade4d6d7dc7acc9c3,You Don't Have To Be A Star (To Be In My Show),Marilyn McCoo & Billy Davis Jr.,0.9962494240309806
bart,grief,token_weighted_mean,low,1,song_8dc915eed4c70e3c837e01cd5e20204612237664f511b3bef8fbde1bbd51f7d9,Wiggle It,2 In A Room,0.014482517712762658
bart,grief,token_weighted_mean,low,2,song_87e53fe885bfd4484f1ebd768210f7c20f4ff3e5232d7ecb256c0eb84c118eb1,Hangin' On,Chris Young,0.03304042783814929
bart,grief,token_weighted_mean,low,3,song_a5796aaae59d201c1e3deeacae5e2109ffeaf8181d6a0cc53d4179eef0117ee2,Cinnamon Girl,Neil Young & Crazy Horse,0.04903189816916549
bart,grief,token_weighted_mean,high,1,song_57b6fb5de42d0b76a982ad6d6b780aa368d65adfecd872c1522c7c3660a04cb4,Eternity,Alex Warren,0.998784824782859
bart,grief,token_weighted_mean,high,2,song_9277254377f0ed6ea2c94d6f5d17ee81782d30bd4f80f6185a6d4d87c99850f7,Hold On,Ian Gomm,0.9977244439013706
bart,grief,token_weighted_mean,high,3,song_3be80d6898e6d7126085bef1a2e577252c3acb8d6fb29059cd60aa374c032093,Flava In Ya Ear,Craig Mack,0.9967821356530763
