song_id,status,model,classifier_version,content_token_count,chunk_count,content_budget,source_words,normalized_words,lyrics_sha256,normalized_sha256,negative__max,negative__mean,negative__q90,negative__token_weighted_mean,neutral__max,neutral__mean,neutral__q90,neutral__token_weighted_mean,positive__max,positive__mean,positive__q90,positive__token_weighted_mean
song_0aed0baea9ae5d346cf2c42de2f92d7bd81418aa8269b3f685d489fdbf4cc08d,success,sentiment,classifier-panel-v1,246,1,510,166,166,a758d51e8542965b29d94239cf11464d8708545f2591e4c62af4e54e75af85a2,a758d51e8542965b29d94239cf11464d8708545f2591e4c62af4e54e75af85a2,0.22609545290470123,0.22609545290470123,0.22609545290470123,0.22609545290470123,0.4094010889530182,0.4094010889530182,0.4094010889530182,0.4094010889530182,0.3645034432411194,0.3645034432411194,0.3645034432411194,0.3645034432411194
song_9e3641d00273b9a3b09faf3dccb66583183d28fbee8e60268cab00bc7002cae4,success,sentiment,classifier-panel-v1,265,1,510,193,193,a991e07372e3587fdce379d51914f170e256165bd1fb642fa0bc1d94db769383,a991e07372e3587fdce379d51914f170e256165bd1fb642fa0bc1d94db769383,0.1974528431892395,0.1974528431892395,0.1974528431892395,0.1974528431892395,0.4366636872291565,0.4366636872291565,0.4366636872291565,0.4366636872291565,0.3658834993839264,0.3658834993839264,0.3658834993839264,0.3658834993839264
song_59328e4ef495b0a2eead2600eb40694f1921b10840b1f242e3580ce8c59f8a86,success,sentiment,classifier-panel-v1,351,1,510,234,234,6abbe2290340e13d37d5c5ef3ab7736b0b8c80565eb6b92483d56c64a2a43251,6abbe2290340e13d37d5c5ef3ab7736b0b8c80565eb6b92483d56c64a2a43251,0.3593413233757019,0.3593413233757019,0.3593413233757019,0.3593413233757019,0.37609484791755676,0.37609484791755676,0.37609484791755676,0.37609484791755676,0.2645638585090637,0.2645638585090637,0.2645638585090637,0.2645638585090637
song_c4eabeecb02281b19acf05dac0942d25da1b7cae44fc83479a18c5a5594546ab,success,sentiment,classifier-panel-v1,303,1,510,196,196,389f8fe04bdf7f4bb6f46f6bd45a97b00e26a61411fbff4ae9aa073b5aa80fe2,389f8fe04bdf7f4bb6f46f6bd45a97b00e26a61411fbff4ae9aa073b5aa80fe2,0.2327520251274109,0.2327520251274109,0.2327520251274109,0.2327520251274109,0.4578457772731781,0.4578457772731781,0.4578457772731781,0.4578457772731781,0.3094021677970886,0.3094021677970886,0.3094021677970886,0.3094021677970886
song_fed7c74ad967767c8732088a2935e6279881ee63bf2cc773490807c416c8707a,success,sentiment,classifier-panel-v1,183,1,510,128,128,6e22ecd5fe7ffbf1c9c0b96f62ffafff3147325f976ec3c7d0af8cde8f6b321a,6e22ecd5fe7ffbf1c9c0b96f62ffafff3147325f976ec3c7d0af8cde8f6b321a,0.22499988973140717,0.22499988973140717,0.22499988973140717,0.22499988973140717,0.4734640121459961,0.4734640121459961,0.4734640121459961,0.4734640121459961,0.30153605341911316,0.30153605341911316,0.30153605341911316,0.30153605341911316
song_0349520b5c7c2e4422a70fce1d2df78432df63f0a6e704fa01bbfef8e34ebe24,success,sentiment,classifier-panel-v1,204,1,510,169,169,cbb2bb46e4369fefdab5d656dd36e415101920c937e3922faaa497bbb44604e7,cbb2bb46e4369fefdab5d656dd36e415101920c937e3922faaa497bbb44604e7,0.42249351739883423,0.42249351739883423,0.42249351739883423,0.42249351739883423,0.4166177809238434,0.4166177809238434,0.4166177809238434,0.4166177809238434,0.160888671875,0.160888671875,0.160888671875,0.160888671875
song_b32a265f2ff03acfa08f045465ca51a6fb31e221f2824a03ef7c5889cee866af,success,sentiment,classifier-panel-v1,170,1,510,132,132,e9662c513697a8ff6a505aa8d0aaa5a7a41275ba9049efc772945a694373b4ee,e9662c513697a8ff6a505aa8d0aaa5a7a41275ba9049efc772945a694373b4ee,0.2444533109664917,0.2444533109664917,0.2444533109664917,0.2444533109664917,0.4797224998474121,0.4797224998474121,0.4797224998474121,0.4797224998474121,0.2758242189884186,0.2758242189884186,0.2758242189884186,0.2758242189884186
song_35ce7e7873a409ae1706d3313a3b256be8827fa7b204440d044e01006d777cb8,success,sentiment,classifier-panel-v1,161,1,510,139,139,9f0ce0233b2ed90bc98a08adb36a6aa9575b95c4c7e60b47a9ba487e5264f61f,9f0ce0233b2ed90bc98a08adb36a6aa9575b95c4c7e60b47a9ba487e5264f61f,0.38733619451522827,0.38733619451522827,0.38733619451522827,0.38733619451522827,0.38659998774528503,0.38659998774528503,0.38659998774528503,0.38659998774528503,0.22606384754180908,0.22606384754180908,0.22606384754180908,0.22606384754180908
song_4a225ece50c775ee4f1d96ae38d401c088742b3f1525d0467f18be399a7233b9,success,sentiment,classifier-panel-v1,205,1,510,175,175,4c5c8b4307b1ff5c1ab7043c183cbe434898fba88ed264b25b54bc610bc34d50,4c5c8b4307b1ff5c1ab7043c183cbe434898fba88ed264b25b54bc610bc34d50,0.2560187876224518,0.2560187876224518,0.2560187876224518,0.2560187876224518,0.42158761620521545,0.42158761620521545,0.42158761620521545,0.42158761620521545,0.322393536567688,0.322393536567688,0.322393536567688,0.322393536567688
song_6dc4b05872cf526300be88208f4fd48cdc16f207b865ca7c05fd42fcada13675,success,sentiment,classifier-panel-v1,164,1,510,119,119,1745409b22da4b50895ff3d70ff22ba4939aadcbf6f1648fb684eb3adf0a8ae4,1745409b22da4b50895ff3d70ff22ba4939aadcbf6f1648fb684eb3adf0a8ae4,0.22032895684242249,0.22032895684242249,0.22032895684242249,0.22032895684242249,0.42359980940818787,0.42359980940818787,0.42359980940818787,0.42359980940818787,0.3560712933540344,0.3560712933540344,0.3560712933540344,0.3560712933540344
song_d92c03539e450a03b3a9eb1ff232dcc47d451ed2498faa25e75f78acef87bd6a,success,sentiment,classifier-panel-v1,343,1,510,250,250,152ce1a026597c57bcd869105f3b6a2dded5f3a84d03b5639f2ca42c79323f0e,152ce1a026597c57bcd869105f3b6a2dded5f3a84d03b5639f2ca42c79323f0e,0.340456485748291,0.340456485748291,0.340456485748291,0.340456485748291,0.4293069839477539,0.4293069839477539,0.4293069839477539,0.4293069839477539,0.23023651540279388,0.23023651540279388,0.23023651540279388,0.23023651540279388
song_cc1c2453fb7685b97a44a7e916f797bdff9a23a8b50beb09f843aa71a8ee5564,success,sentiment,classifier-panel-v1,165,1,510,135,135,83de0d9c00980134a7371c65eb399f5bd1590355c988c57dacaa18306b61d011,83de0d9c00980134a7371c65eb399f5bd1590355c988c57dacaa18306b61d011,0.38785114884376526,0.38785114884376526,0.38785114884376526,0.38785114884376526,0.3549669086933136,0.3549669086933136,0.3549669086933136,0.3549669086933136,0.25718197226524353,0.25718197226524353,0.25718197226524353,0.25718197226524353
song_4eedaac548f0db66c979575510092e16f414750629bddb6217182d6a43faa1ca,success,sentiment,classifier-panel-v1,312,1,510,204,204,8b3bd11dbf5586187b37ac05c14b7319ad82d1bb57ec7271a74f74d1c7cde9fa,8b3bd11dbf5586187b37ac05c14b7319ad82d1bb57ec7271a74f74d1c7cde9fa,0.19918671250343323,0.19918671250343323,0.19918671250343323,0.19918671250343323,0.3301672637462616,0.3301672637462616,0.3301672637462616,0.3301672637462616,0.47064611315727234,0.47064611315727234,0.47064611315727234,0.47064611315727234
song_117729f1bc413e31e8149049b7309c6ccf166f72419ae410a62c847ad8a70059,success,sentiment,classifier-panel-v1,128,1,510,110,110,825de1ff69e1292c55dbe6f39a4300c80ca70f5b14e9e5f1b4ef46b743b49132,825de1ff69e1292c55dbe6f39a4300c80ca70f5b14e9e5f1b4ef46b743b49132,0.30817288160324097,0.30817288160324097,0.30817288160324097,0.30817288160324097,0.518848717212677,0.518848717212677,0.518848717212677,0.518848717212677,0.17297843098640442,0.17297843098640442,0.17297843098640442,0.17297843098640442
song_7581bf1aa60711a8fb70d6f74beab7986e56b266a494f31317d281a2e6fbe93c,success,sentiment,classifier-panel-v1,323,1,510,250,250,a0796e30d5fb31111df8aef52a5ef24693e78e95236c0f9a43b7bfb6f111c6be,a0796e30d5fb31111df8aef52a5ef24693e78e95236c0f9a43b7bfb6f111c6be,0.31416457891464233,0.31416457891464233,0.31416457891464233,0.31416457891464233,0.4322799742221832,0.4322799742221832,0.4322799742221832,0.4322799742221832,0.25355544686317444,0.25355544686317444,0.25355544686317444,0.25355544686317444
song_f0dabdf8d0646ea373fbd165249ce5d26b1ba2c6e4a65f1214d7cc750388072a,success,sentiment,classifier-panel-v1,365,1,510,274,274,2766765510614aa30650d66b8f2206fb8d191b69f8cda9ac00f6c4a80a938cbe,2766765510614aa30650d66b8f2206fb8d191b69f8cda9ac00f6c4a80a938cbe,0.2628936767578125,0.2628936767578125,0.2628936767578125,0.2628936767578125,0.37610846757888794,0.37610846757888794,0.37610846757888794,0.37610846757888794,0.36099785566329956,0.36099785566329956,0.36099785566329956,0.36099785566329956
song_69477b76eb9ee69138b17fdc61df826efb06f1ca55a3f48049c74e8cc538def8,success,sentiment,classifier-panel-v1,213,1,510,162,162,e0c07550ff04fc13c919034ade0e357174056225f73ed8cfad2cb13c41d49142,e0c07550ff04fc13c919034ade0e357174056225f73ed8cfad2cb13c41d49142,0.2738986611366272,0.2738986611366272,0.2738986611366272,0.2738986611366272,0.4432776868343353,0.4432776868343353,0.4432776868343353,0.4432776868343353,0.28282368183135986,0.28282368183135986,0.28282368183135986,0.28282368183135986
song_a7772f327e3a3cfafd258cd3b2e22efc03d987310de5204015249aca809adaf3,success,sentiment,classifier-panel-v1,339,1,510,249,249,53bb45516cd0e7f92861dcbb4bfb89e0d635ea8b7e250fa69520955b77a595e4,53bb45516cd0e7f92861dcbb4bfb89e0d635ea8b7e250fa69520955b77a595e4,0.3256186842918396,0.3256186842918396,0.3256186842918396,0.3256186842918396,0.40781256556510925,0.40781256556510925,0.40781256556510925,0.40781256556510925,0.26656875014305115,0.26656875014305115,0.26656875014305115,0.26656875014305115
song_571748d27a47d85d6ce1e162616d66466aaeb086241c317ad91ded6a69bfaec8,success,sentiment,classifier-panel-v1,430,1,510,246,246,7a532e10de9506b512e50d7cfcd4665ba64a8825630e9ff053b21144a99ae1be,7a532e10de9506b512e50d7cfcd4665ba64a8825630e9ff053b21144a99ae1be,0.21896754205226898,0.21896754205226898,0.21896754205226898,0.21896754205226898,0.4434865415096283,0.4434865415096283,0.4434865415096283,0.4434865415096283,0.33754587173461914,0.33754587173461914,0.33754587173461914,0.33754587173461914
song_38ab85ef42919e3470a0bba519d88e130e73773df3fe01aec967b66c83a71a6d,success,sentiment,classifier-panel-v1,339,1,510,262,262,d95423001a1c9cc0e871bda766f2b7b1b7b8734a286da1153a8ef3e19bfc308e,d95423001a1c9cc0e871bda766f2b7b1b7b8734a286da1153a8ef3e19bfc308e,0.35347697138786316,0.35347697138786316,0.35347697138786316,0.35347697138786316,0.37672343850135803,0.37672343850135803,0.37672343850135803,0.37672343850135803,0.26979953050613403,0.26979953050613403,0.26979953050613403,0.26979953050613403
song_c0c862864db358e90588de9f7252a57d2071427842018127b437850496d715fa,success,sentiment,classifier-panel-v1,141,1,510,91,91,86d995fb526510b277e7caf020897e995af8c567cfae0b94324efa01013943ab,86d995fb526510b277e7caf020897e995af8c567cfae0b94324efa01013943ab,0.10829422622919083,0.10829422622919083,0.10829422622919083,0.10829422622919083,0.4432564079761505,0.4432564079761505,0.4432564079761505,0.4432564079761505,0.44844937324523926,0.44844937324523926,0.44844937324523926,0.44844937324523926
song_cf6aea8f1076b117bb1b0f6699facf83cd915c937f0d9375348ac11f8981b63b,success,sentiment,classifier-panel-v1,355,1,510,259,259,f8bd778c80dabff00770f6b8d788020c2964bec778afe7a8bd42c9e57a2556ab,f8bd778c80dabff00770f6b8d788020c2964bec778afe7a8bd42c9e57a2556ab,0.24967239797115326,0.24967239797115326,0.24967239797115326,0.24967239797115326,0.43117406964302063,0.43117406964302063,0.43117406964302063,0.43117406964302063,0.3191535174846649,0.3191535174846649,0.3191535174846649,0.3191535174846649
song_4193018621671b33686f0f4a8f71a8dce155ed2550680eadcf1af84134cfd4ad,success,sentiment,classifier-panel-v1,272,1,510,211,211,5e7995f8030049686d1418bc1627d2a606166e98d8c2cb17339bb0288da08cf1,5e7995f8030049686d1418bc1627d2a606166e98d8c2cb17339bb0288da08cf1,0.2209034413099289,0.2209034413099289,0.2209034413099289,0.2209034413099289,0.4785149395465851,0.4785149395465851,0.4785149395465851,0.4785149395465851,0.30058160424232483,0.30058160424232483,0.30058160424232483,0.30058160424232483
song_be7eac0fa653c7531ff79984dc290b805f805913ea19ea18c4e8bb0a26a7930b,success,sentiment,classifier-panel-v1,308,1,510,207,207,dfacfa55b032a85644f299106732c3c6a755de658c3afdd8dbc49c4498068ffb,dfacfa55b032a85644f299106732c3c6a755de658c3afdd8dbc49c4498068ffb,0.36527177691459656,0.36527177691459656,0.36527177691459656,0.36527177691459656,0.45867228507995605,0.45867228507995605,0.45867228507995605,0.45867228507995605,0.176055908203125,0.176055908203125,0.176055908203125,0.176055908203125
song_70c1dfe984e3e546f3fbcec256b41023637c8fd480ba3adfb34647894f32f4f0,success,sentiment,classifier-panel-v1,129,1,510,106,106,90eba220c121668d69b0b6f2e5b6d2e759500d9ce5f204186facbed266ef1719,90eba220c121668d69b0b6f2e5b6d2e759500d9ce5f204186facbed266ef1719,0.14431458711624146,0.14431458711624146,0.14431458711624146,0.14431458711624146,0.3332723379135132,0.3332723379135132,0.3332723379135132,0.3332723379135132,0.5224130749702454,0.5224130749702454,0.5224130749702454,0.5224130749702454
song_95608ea2e15a20489c14c3226405cb9cf2ea0862cd77e786705f890b46a97925,success,sentiment,classifier-panel-v1,150,1,510,117,117,2428729cef323a9fcc2f0023871080fdcb29c43383b011e938c6288997538b8a,2428729cef323a9fcc2f0023871080fdcb29c43383b011e938c6288997538b8a,0.12716202437877655,0.12716202437877655,0.12716202437877655,0.12716202437877655,0.3336687386035919,0.3336687386035919,0.3336687386035919,0.3336687386035919,0.539169192314148,0.539169192314148,0.539169192314148,0.539169192314148
song_9072c5ee05fedc84220a23ef4901f2e73eedea66b912cb96f14d1a9a3fbe167a,success,sentiment,classifier-panel-v1,298,1,510,204,204,d88b20e14bfc6848a024cc519fbdc8f28d4ca2264a17f2b9cfadef527eeaaa56,d88b20e14bfc6848a024cc519fbdc8f28d4ca2264a17f2b9cfadef527eeaaa56,0.25967928767204285,0.25967928767204285,0.25967928767204285,0.25967928767204285,0.4284580945968628,0.4284580945968628,0.4284580945968628,0.4284580945968628,0.31186264753341675,0.31186264753341675,0.31186264753341675,0.31186264753341675
song_2a783aa21125846631c321e170948f1689071a051714cf6e57c7cfb4ba6c8b89,success,sentiment,classifier-panel-v1,391,1,510,252,252,4617af1916d56fb2180a8f53de20c100c72d5d51b2acaff355aef37bb94cb74c,4617af1916d56fb2180a8f53de20c100c72d5d51b2acaff355aef37bb94cb74c,0.20496037602424622,0.20496037602424622,0.20496037602424622,0.20496037602424622,0.4348162114620209,0.4348162114620209,0.4348162114620209,0.4348162114620209,0.3602234721183777,0.3602234721183777,0.3602234721183777,0.3602234721183777
song_bfce50e15f1789f7ca376150665063761fdbef5af253e2d162514a8ae0316025,success,sentiment,classifier-panel-v1,352,1,510,270,270,517488f68fecd31ea303b48e5dc09e54b6dec6afe0945445289b1132f96ca1b5,517488f68fecd31ea303b48e5dc09e54b6dec6afe0945445289b1132f96ca1b5,0.2467278093099594,0.2467278093099594,0.2467278093099594,0.2467278093099594,0.481058806180954,0.481058806180954,0.481058806180954,0.481058806180954,0.2722133994102478,0.2722133994102478,0.2722133994102478,0.2722133994102478
song_21c7c8f7417b94a8c111b2a1c7570396b0e49f3c9f7cbbdd593d6d1c03d738d9,success,sentiment,classifier-panel-v1,245,1,510,180,180,46156e8df294a41177a857509efd632b6c5f7f02e9c19ecdd0e030ff57a4f55b,46156e8df294a41177a857509efd632b6c5f7f02e9c19ecdd0e030ff57a4f55b,0.1396624594926834,0.1396624594926834,0.1396624594926834,0.1396624594926834,0.36180752515792847,0.36180752515792847,0.36180752515792847,0.36180752515792847,0.49853000044822693,0.49853000044822693,0.49853000044822693,0.49853000044822693
song_f41a534741f51cde1d600b6ee480a6cec27c432d48b34b9d946bd8331f5d2a74,success,sentiment,classifier-panel-v1,297,1,510,195,195,c1d5fa184a8663f1edfa9d361b355a812c70ac740c15689f5910f25caa8150f3,c1d5fa184a8663f1edfa9d361b355a812c70ac740c15689f5910f25caa8150f3,0.28604745864868164,0.28604745864868164,0.28604745864868164,0.28604745864868164,0.40964871644973755,0.40964871644973755,0.40964871644973755,0.40964871644973755,0.30430373549461365,0.30430373549461365,0.30430373549461365,0.30430373549461365
song_cd492e6096df3dd73a9047f8aef5c25a526b7b1384aaafac4f4c0ce7c690f5d1,success,sentiment,classifier-panel-v1,679,2,510,427,427,0df6752d4e03b0d94b71fd47709c87ae1f62d41686edd34b56e1d587078ef1c9,0df6752d4e03b0d94b71fd47709c87ae1f62d41686edd34b56e1d587078ef1c9,0.1932874619960785,0.19123568385839462,0.19287710636854172,0.19123870562295675,0.4900548458099365,0.46540994942188263,0.48512586653232576,0.4654462452928518,0.3700510561466217,0.34335434436798096,0.36471171379089357,0.3433150266775853
song_23d90431f2ad7d4f8d31fc70fb9bc9aad106a4f8849752e76e878e6e017eb477,success,sentiment,classifier-panel-v1,187,1,510,137,137,ef47eec02090cfc129a4b05ce093981cf8f39ced5dabf10c8174f43e0123085b,ef47eec02090cfc129a4b05ce093981cf8f39ced5dabf10c8174f43e0123085b,0.2866854667663574,0.2866854667663574,0.2866854667663574,0.2866854667663574,0.42504099011421204,0.42504099011421204,0.42504099011421204,0.42504099011421204,0.28827351331710815,0.28827351331710815,0.28827351331710815,0.28827351331710815
song_a0d2022d699c35704ab0f0e43a6856fcd3fa30930d806529eb228106de34770e,success,sentiment,classifier-panel-v1,325,1,510,268,268,bfa8b3b036bba5010406e0ecd48bf0447c52d71f0fcc924d81f328083f2f3476,bfa8b3b036bba5010406e0ecd48bf0447c52d71f0fcc924d81f328083f2f3476,0.17964263260364532,0.17964263260364532,0.17964263260364532,0.17964263260364532,0.5388665199279785,0.5388665199279785,0.5388665199279785,0.5388665199279785,0.28149083256721497,0.28149083256721497,0.28149083256721497,0.28149083256721497
song_5f0eaf882be171e9e96fec731f59733be3990d8ac7eaf8a258c5eb15da894eb3,success,sentiment,classifier-panel-v1,390,1,510,284,284,ca449669634be69391e989ac31a7cc96e28784f1bb1f510d6873ec1469708dde,ca449669634be69391e989ac31a7cc96e28784f1bb1f510d6873ec1469708dde,0.2382618933916092,0.2382618933916092,0.2382618933916092,0.2382618933916092,0.41811898350715637,0.41811898350715637,0.41811898350715637,0.41811898350715637,0.34361913800239563,0.34361913800239563,0.34361913800239563,0.34361913800239563
song_a12befe03d55c5fa6fd9c903788a0badba25b5b7525255fc222d72e21ba6dc12,success,sentiment,classifier-panel-v1,369,1,510,298,298,c0560330cb05ab64d7eac78b5e226050179915c3ed36b46d03d7e5cef167f789,c0560330cb05ab64d7eac78b5e226050179915c3ed36b46d03d7e5cef167f789,0.34215161204338074,0.34215161204338074,0.34215161204338074,0.34215161204338074,0.41253212094306946,0.41253212094306946,0.41253212094306946,0.41253212094306946,0.24531622231006622,0.24531622231006622,0.24531622231006622,0.24531622231006622
song_690e3e60b5c5037449b2757dda9d6757ed3ec925b71a0e80ad7109d85f8667b5,success,sentiment,classifier-panel-v1,561,2,510,359,359,8950a55950e9862196a5e95e3179c34bfa1a9f51e54fe20cd05cef9e7f631f85,8950a55950e9862196a5e95e3179c34bfa1a9f51e54fe20cd05cef9e7f631f85,0.1590375006198883,0.15356210619211197,0.15794242173433304,0.1535523461307434,0.38947421312332153,0.34901872277259827,0.3813831150531769,0.3489466095990676,0.543350100517273,0.49741919338703156,0.5341639190912246,0.4975010666617735
song_a5796aaae59d201c1e3deeacae5e2109ffeaf8181d6a0cc53d4179eef0117ee2,success,sentiment,classifier-panel-v1,135,1,510,103,103,571daa6af317ae37fe23634d31aa33f4e4fd82168aaab8edbaaf0f8ffe5d9723,571daa6af317ae37fe23634d31aa33f4e4fd82168aaab8edbaaf0f8ffe5d9723,0.1201099380850792,0.1201099380850792,0.1201099380850792,0.1201099380850792,0.42236587405204773,0.42236587405204773,0.42236587405204773,0.42236587405204773,0.45752424001693726,0.45752424001693726,0.45752424001693726,0.45752424001693726
song_64d37feb1fa3da190b5b48cdf28bee0181308224ba28cffb740e5048b0ab4306,success,sentiment,classifier-panel-v1,337,1,510,273,273,a887cb9e13aa0c2305d15376a53e54e8112adee579e92bba5b6d4be382cf9ada,a887cb9e13aa0c2305d15376a53e54e8112adee579e92bba5b6d4be382cf9ada,0.19985494017601013,0.19985494017601013,0.19985494017601013,0.19985494017601013,0.4449082016944885,0.4449082016944885,0.4449082016944885,0.4449082016944885,0.35523685812950134,0.35523685812950134,0.35523685812950134,0.35523685812950134
song_1130d71736864e2f32c66a5784e269842b861afc685af864962777b4ea459b76,success,sentiment,classifier-panel-v1,249,1,510,183,183,30eaab82be73f7a7030180f2bb4f725d3abbe0335368cb84948065ffb5d38c38,30eaab82be73f7a7030180f2bb4f725d3abbe0335368cb84948065ffb5d38c38,0.21775399148464203,0.21775399148464203,0.21775399148464203,0.21775399148464203,0.4428054690361023,0.4428054690361023,0.4428054690361023,0.4428054690361023,0.3394404649734497,0.3394404649734497,0.3394404649734497,0.3394404649734497
song_c3db28de2fa21737c828f45aa697bf98c14ad08a22646c2f0114dd15614a1503,success,sentiment,classifier-panel-v1,427,1,510,333,333,dcad334273497ae54054e4b2c0336fa1057289719ca650b6f7d3cd5656c2e7fd,dcad334273497ae54054e4b2c0336fa1057289719ca650b6f7d3cd5656c2e7fd,0.3158765733242035,0.3158765733242035,0.3158765733242035,0.3158765733242035,0.4040164351463318,0.4040164351463318,0.4040164351463318,0.4040164351463318,0.2801069915294647,0.2801069915294647,0.2801069915294647,0.2801069915294647
song_72f1e6ab0eb9c3eea261bf3418510cf8ca46eb5d09386d74e937ff2a0b7160f0,success,sentiment,classifier-panel-v1,1132,3,510,734,734,36333c7328a05143d6b6f00349e3e9af361424d7b615eaf16651bbdcfd39666d,36333c7328a05143d6b6f00349e3e9af361424d7b615eaf16651bbdcfd39666d,0.20743632316589355,0.1725772569576899,0.20441582500934602,0.17260805118578904,0.41502392292022705,0.3938732345898946,0.4131083846092224,0.39388345808527914,0.5208888053894043,0.4335494935512543,0.49523949027061465,0.43350847584093416
song_2f2e2e33ff00857bf87196f06b1edcad41ac31b6bf4f2b322bcb169c7c18c6cb,success,sentiment,classifier-panel-v1,282,1,510,210,210,123856af95255b1a6c92568f01462152c1c87bbd96b9bf6d4452204215eea68f,123856af95255b1a6c92568f01462152c1c87bbd96b9bf6d4452204215eea68f,0.20320457220077515,0.20320457220077515,0.20320457220077515,0.20320457220077515,0.4140477776527405,0.4140477776527405,0.4140477776527405,0.4140477776527405,0.382747620344162,0.382747620344162,0.382747620344162,0.382747620344162
song_605aa2d6a4f3053ca131f40f66d3ff6cfb4822fd5d6a277d77a6032d02c7746d,success,sentiment,classifier-panel-v1,1066,3,510,550,550,b2bb036269cde21cb0ad60960add5ee0e7b4e9301131cb03c00fdaccb5fbf48c,b2bb036269cde21cb0ad60960add5ee0e7b4e9301131cb03c00fdaccb5fbf48c,0.2547825276851654,0.23737252751986185,0.2538827955722809,0.23738463947070695,0.4416201710700989,0.432140310605367,0.43930565714836123,0.43213834746358093,0.36819565296173096,0.3304871420065562,0.35849022269248965,0.33047699318817814
song_d6fa79aae091c9b9eefa30e3a78f93ecdbbb66c8c1befb282bb7324a03578d7a,success,sentiment,classifier-panel-v1,403,1,510,317,317,235995321c7c1f0f7414cf2650f9dfef92cb760d09dcf807e2a60d78675f6961,235995321c7c1f0f7414cf2650f9dfef92cb760d09dcf807e2a60d78675f6961,0.3682076036930084,0.3682076036930084,0.3682076036930084,0.3682076036930084,0.3892054855823517,0.3892054855823517,0.3892054855823517,0.3892054855823517,0.2425868660211563,0.2425868660211563,0.2425868660211563,0.2425868660211563
song_1110ad0e721685ec873afc6cc8372d1da569f6f1d519bdd799cd7c8d00631393,success,sentiment,classifier-panel-v1,213,1,510,158,158,ae0ebb31f09cd48b53c0988b9454fd6713459e073ae11f09782cbed75a966703,ae0ebb31f09cd48b53c0988b9454fd6713459e073ae11f09782cbed75a966703,0.2566656470298767,0.2566656470298767,0.2566656470298767,0.2566656470298767,0.5088563561439514,0.5088563561439514,0.5088563561439514,0.5088563561439514,0.23447805643081665,0.23447805643081665,0.23447805643081665,0.23447805643081665
song_109e58fdb577eb713ec9844630010a1ea9f502a212041ef4edd19d8d91f292d2,success,sentiment,classifier-panel-v1,440,1,510,324,324,134ad0c187c25be5f5b1333e1426b1961fe623b3f80e8a28215e11f0325bbbf8,134ad0c187c25be5f5b1333e1426b1961fe623b3f80e8a28215e11f0325bbbf8,0.21980497241020203,0.21980497241020203,0.21980497241020203,0.21980497241020203,0.4092836380004883,0.4092836380004883,0.4092836380004883,0.4092836380004883,0.3709113597869873,0.3709113597869873,0.3709113597869873,0.3709113597869873
song_a9417fe5b49241ddee5b63be9a3fe138548c5ec77db57e1201268cae0273529e,success,sentiment,classifier-panel-v1,157,1,510,128,128,55b3db10589e34a825dc197902d4ffae09e784e117b7cc9c2e66be9eb96bc418,55b3db10589e34a825dc197902d4ffae09e784e117b7cc9c2e66be9eb96bc418,0.3591499924659729,0.3591499924659729,0.3591499924659729,0.3591499924659729,0.41013044118881226,0.41013044118881226,0.41013044118881226,0.41013044118881226,0.2307196408510208,0.2307196408510208,0.2307196408510208,0.2307196408510208
song_815056a3d0f74d832a9989d4bcb3e56697b29dd14bd3aaa012fb8c5b6ffde806,success,sentiment,classifier-panel-v1,237,1,510,182,182,57c0900a4d44709ba98da965f974c68d55f5afd1d69790c8c7197a5402dbb721,57c0900a4d44709ba98da965f974c68d55f5afd1d69790c8c7197a5402dbb721,0.2531118392944336,0.2531118392944336,0.2531118392944336,0.2531118392944336,0.4591841697692871,0.4591841697692871,0.4591841697692871,0.4591841697692871,0.2877039611339569,0.2877039611339569,0.2877039611339569,0.2877039611339569
song_585e5f8e13012f0a37638839f84b3f23db3e9edc4ff58f0f075f4c7d20e18fe9,success,sentiment,classifier-panel-v1,305,1,510,223,223,e8ddc86a49c7d4d83c2bcf67bc9edf67d20118895b626e536eaa73f22ffa0eb2,e8ddc86a49c7d4d83c2bcf67bc9edf67d20118895b626e536eaa73f22ffa0eb2,0.25780391693115234,0.25780391693115234,0.25780391693115234,0.25780391693115234,0.4575045108795166,0.4575045108795166,0.4575045108795166,0.4575045108795166,0.2846915125846863,0.2846915125846863,0.2846915125846863,0.2846915125846863
song_dd86150211a00481ca2a80067939457ef346cce917ed900d58478305c74811a2,success,sentiment,classifier-panel-v1,215,1,510,165,165,d40f236fb86e7b3833c14985e86d4f6b6ab840c66531385c50c98480ae898e88,d40f236fb86e7b3833c14985e86d4f6b6ab840c66531385c50c98480ae898e88,0.20832322537899017,0.20832322537899017,0.20832322537899017,0.20832322537899017,0.46070384979248047,0.46070384979248047,0.46070384979248047,0.46070384979248047,0.33097293972969055,0.33097293972969055,0.33097293972969055,0.33097293972969055
song_41cdcd17020b65b4e4437210a8c492aaa7bdc0500b9ef269cc7168648a893175,success,sentiment,classifier-panel-v1,358,1,510,241,241,cf22ce8924858f4d3e539e4d2c1849f4a0b845f56d3e97f13df0ae81564a720c,cf22ce8924858f4d3e539e4d2c1849f4a0b845f56d3e97f13df0ae81564a720c,0.1960889995098114,0.1960889995098114,0.1960889995098114,0.1960889995098114,0.3954492509365082,0.3954492509365082,0.3954492509365082,0.3954492509365082,0.4084618091583252,0.4084618091583252,0.4084618091583252,0.4084618091583252
song_0213bb2ca26a8b0e613f83fdc3a1bf713269c08a2c6cbcb19d0e85cd0bb40e4f,success,sentiment,classifier-panel-v1,397,1,510,252,252,04777903aa8c02a62328e5ba61e2ad3f54cab587c6bcb354cc4f87633894498e,04777903aa8c02a62328e5ba61e2ad3f54cab587c6bcb354cc4f87633894498e,0.26284077763557434,0.26284077763557434,0.26284077763557434,0.26284077763557434,0.35041749477386475,0.35041749477386475,0.35041749477386475,0.35041749477386475,0.3867417573928833,0.3867417573928833,0.3867417573928833,0.3867417573928833
song_f90b9bd84fe6f81a6e4f326cb0b6f4451a734bc2b6c6aad81544fd16972b8863,success,sentiment,classifier-panel-v1,324,1,510,203,203,db0c5dce942a1b6ef7f0dcfc6d4cd24542fe1774f48165840f14784f26c51ff1,db0c5dce942a1b6ef7f0dcfc6d4cd24542fe1774f48165840f14784f26c51ff1,0.22412510216236115,0.22412510216236115,0.22412510216236115,0.22412510216236115,0.4106141924858093,0.4106141924858093,0.4106141924858093,0.4106141924858093,0.3652607202529907,0.3652607202529907,0.3652607202529907,0.3652607202529907
song_68dc4986474def8d475f2c997d665706774730408ee1330071322a31354abc97,success,sentiment,classifier-panel-v1,286,1,510,190,190,012b3e82ddbe9894c4ed9a201d4dda6cc8d2c92b832fa70cd1ffd5689e167bde,012b3e82ddbe9894c4ed9a201d4dda6cc8d2c92b832fa70cd1ffd5689e167bde,0.2258272022008896,0.2258272022008896,0.2258272022008896,0.2258272022008896,0.45231229066848755,0.45231229066848755,0.45231229066848755,0.45231229066848755,0.32186049222946167,0.32186049222946167,0.32186049222946167,0.32186049222946167
song_49444e52efc677ac5bbdb87422be8b88c555f18f38a1301ade4d6d7dc7acc9c3,success,sentiment,classifier-panel-v1,362,1,510,255,255,338015977a8545751ac88f9304454e71c771ded90df612a4d19af2f18f86b4e2,338015977a8545751ac88f9304454e71c771ded90df612a4d19af2f18f86b4e2,0.269884318113327,0.269884318113327,0.269884318113327,0.269884318113327,0.4178161323070526,0.4178161323070526,0.4178161323070526,0.4178161323070526,0.31229960918426514,0.31229960918426514,0.31229960918426514,0.31229960918426514
song_9277254377f0ed6ea2c94d6f5d17ee81782d30bd4f80f6185a6d4d87c99850f7,success,sentiment,classifier-panel-v1,203,1,510,162,162,e1e034cab6b7bffe3b2337283d429cfb178fed63cf7061204ec4510828ce9f6b,e1e034cab6b7bffe3b2337283d429cfb178fed63cf7061204ec4510828ce9f6b,0.1926722228527069,0.1926722228527069,0.1926722228527069,0.1926722228527069,0.48343294858932495,0.48343294858932495,0.48343294858932495,0.48343294858932495,0.3238948583602905,0.3238948583602905,0.3238948583602905,0.3238948583602905
song_f2d23f623a8d6f5bf76ea6360fcde2c59706ecf953032d31f7cc5c3d44aaeb35,success,sentiment,classifier-panel-v1,308,1,510,198,198,0ee1e4113bd3ca62b3ae6ce63c209326815e8ab2a3b6aedfd3130d64ebef9841,0ee1e4113bd3ca62b3ae6ce63c209326815e8ab2a3b6aedfd3130d64ebef9841,0.2149869054555893,0.2149869054555893,0.2149869054555893,0.2149869054555893,0.4346601665019989,0.4346601665019989,0.4346601665019989,0.4346601665019989,0.350352942943573,0.350352942943573,0.350352942943573,0.350352942943573
song_3c3af25ff5690d56f5ebd59c52a0273a923d9b3511e8e0c1970e11cc7cda487c,success,sentiment,classifier-panel-v1,323,1,510,242,242,3a7b0a4fd3266faa4cd5f745d6080eabdfa5234ce4315621c70a385426cfdb55,3a7b0a4fd3266faa4cd5f745d6080eabdfa5234ce4315621c70a385426cfdb55,0.3009813129901886,0.3009813129901886,0.3009813129901886,0.3009813129901886,0.37810012698173523,0.37810012698173523,0.37810012698173523,0.37810012698173523,0.32091856002807617,0.32091856002807617,0.32091856002807617,0.32091856002807617
song_9d821af9a1e2446b36ca98875f174e35acda58d417c5ae54ee1782d1b5ca2245,success,sentiment,classifier-panel-v1,327,1,510,244,244,97d324e6e43657d5ffda2f01753c708bb2d8ade01eae94d3ab9d0b58d0e50df6,97d324e6e43657d5ffda2f01753c708bb2d8ade01eae94d3ab9d0b58d0e50df6,0.24152769148349762,0.24152769148349762,0.24152769148349762,0.24152769148349762,0.40772905945777893,0.40772905945777893,0.40772905945777893,0.40772905945777893,0.35074326395988464,0.35074326395988464,0.35074326395988464,0.35074326395988464
song_546ed553b9ad74026dc908d24d608c1b1e265d99490a9ca6b420a65bdf3a3eca,success,sentiment,classifier-panel-v1,328,1,510,243,243,9398db50fdef9f906b8bba7f4637a285d5f1444de0228dfdcf5a7d9caa87dec3,9398db50fdef9f906b8bba7f4637a285d5f1444de0228dfdcf5a7d9caa87dec3,0.4311910569667816,0.4311910569667816,0.4311910569667816,0.4311910569667816,0.3999677896499634,0.3999677896499634,0.3999677896499634,0.3999677896499634,0.1688411831855774,0.1688411831855774,0.1688411831855774,0.1688411831855774
song_0ae5f6cefc72dd648e4af242ede9fc3a429075b6a2fa40106e6966410ea88dc5,success,sentiment,classifier-panel-v1,533,2,510,320,320,3310e1410814685aa1b4a016b1f959501a635777698f4cc64047642382e20561,3310e1410814685aa1b4a016b1f959501a635777698f4cc64047642382e20561,0.2797294855117798,0.25652919709682465,0.27508942782878876,0.2564856693512056,0.3796795904636383,0.3764861971139908,0.3790409117937088,0.3764921884711196,0.3869915008544922,0.36698463559150696,0.3829901278018951,0.36702217192408293
song_b10199f4fcf60c75729c81ed97259c8e6aa9673cdcb93acdc6f4171e7cf8d945,success,sentiment,classifier-panel-v1,148,1,510,123,123,e728af2ca76a971563b9d859c6f7bb450627bad781cf460efe15745dbe20fea7,e728af2ca76a971563b9d859c6f7bb450627bad781cf460efe15745dbe20fea7,0.1241217777132988,0.1241217777132988,0.1241217777132988,0.1241217777132988,0.30979958176612854,0.30979958176612854,0.30979958176612854,0.30979958176612854,0.5660786628723145,0.5660786628723145,0.5660786628723145,0.5660786628723145
song_a84a10eb92bed9d061cf1c2808e9ed888d108308663802e0618fbb34a235137c,success,sentiment,classifier-panel-v1,419,1,510,304,304,ff606ef35f1d229632789e458aee4c7d16547a40ee39858937cd010e4b6a1f9a,ff606ef35f1d229632789e458aee4c7d16547a40ee39858937cd010e4b6a1f9a,0.315746933221817,0.315746933221817,0.315746933221817,0.315746933221817,0.39809665083885193,0.39809665083885193,0.39809665083885193,0.39809665083885193,0.2861565053462982,0.2861565053462982,0.2861565053462982,0.2861565053462982
song_e850a0ebd5865cbcde0d7358f03fb5b1793e1d046b07f23d6f6f42c012be6355,success,sentiment,classifier-panel-v1,328,1,510,260,260,1550b4edd6c865de6f3a8277f6ad5dc3f8d936cb074ba5f76f7c9a424fe8f5b1,1550b4edd6c865de6f3a8277f6ad5dc3f8d936cb074ba5f76f7c9a424fe8f5b1,0.20605289936065674,0.20605289936065674,0.20605289936065674,0.20605289936065674,0.4453011155128479,0.4453011155128479,0.4453011155128479,0.4453011155128479,0.34864601492881775,0.34864601492881775,0.34864601492881775,0.34864601492881775
song_85e6b8fd6d29f033e4eb7cb7429a786911bc55d88ba57c397123fb7cb5ff9c89,success,sentiment,classifier-panel-v1,230,1,510,193,193,74391f6fc75c3b0b2e6de9b827d8167d1c7b3436d4e00d48f2e8fba97d529974,74391f6fc75c3b0b2e6de9b827d8167d1c7b3436d4e00d48f2e8fba97d529974,0.2540043592453003,0.2540043592453003,0.2540043592453003,0.2540043592453003,0.4759921133518219,0.4759921133518219,0.4759921133518219,0.4759921133518219,0.2700035274028778,0.2700035274028778,0.2700035274028778,0.2700035274028778
song_4db06392bfcf969f7324a5b9dc24bde01061fbef474f64154ea5b116a503c454,success,sentiment,classifier-panel-v1,320,1,510,267,267,5b7acfdb26019dc618895141d31a3d193c4eab8275f8ab84990aafe10025766c,5b7acfdb26019dc618895141d31a3d193c4eab8275f8ab84990aafe10025766c,0.2394377440214157,0.2394377440214157,0.2394377440214157,0.2394377440214157,0.4618350863456726,0.4618350863456726,0.4618350863456726,0.4618350863456726,0.2987271249294281,0.2987271249294281,0.2987271249294281,0.2987271249294281
song_998bc37c190dff49fde971e79accf4badc8b6cfaf976b48a0ee35395bfbd062d,success,sentiment,classifier-panel-v1,620,2,510,349,349,e6b51130e8f2916ecc678063f1636030ff340dfcb6bd02955f28adffa45029ee,e6b51130e8f2916ecc678063f1636030ff340dfcb6bd02955f28adffa45029ee,0.2195628434419632,0.2172171249985695,0.21909369975328447,0.2172171249985695,0.41883569955825806,0.41440100967884064,0.4179487615823746,0.41440100967884064,0.3704708218574524,0.3683818578720093,0.37005302906036375,0.3683818578720093
song_dd485d25877ca1180d8dfe3c9fd36a556c930b5c2f8cf45973c034db9ddaf484,success,sentiment,classifier-panel-v1,469,1,510,370,370,44a31895c5882a530e97940a2f8cd853412fd30e2b977f7c30ca64dcee02c6a5,44a31895c5882a530e97940a2f8cd853412fd30e2b977f7c30ca64dcee02c6a5,0.23381507396697998,0.23381507396697998,0.23381507396697998,0.23381507396697998,0.44521138072013855,0.44521138072013855,0.44521138072013855,0.44521138072013855,0.3209735155105591,0.3209735155105591,0.3209735155105591,0.3209735155105591
song_97cfc67489dd849a26253fcdefcaff63ecc2b80e39a5a4b394c09a496e723f59,success,sentiment,classifier-panel-v1,767,2,510,544,544,aba667bab7bddcfb779f882997eb7e9f6378c7babd8919ebcfbf7022eabe6e53,aba667bab7bddcfb779f882997eb7e9f6378c7babd8919ebcfbf7022eabe6e53,0.21441322565078735,0.19876649975776672,0.21128388047218322,0.19878689966114746,0.34159502387046814,0.3412141352891922,0.34151884615421296,0.34121463188447415,0.47604694962501526,0.4600193053483963,0.4728414207696915,0.4599984088108779
song_e0a36a17d8a781eb85e23d922f0348860628a7b53cfa659379924565775bb4b5,success,sentiment,classifier-panel-v1,440,1,510,332,332,f5ac341ab7e369a0a144ae7c07f6059edd83fc6fbcb5ca04a698421dd613abec,f5ac341ab7e369a0a144ae7c07f6059edd83fc6fbcb5ca04a698421dd613abec,0.36842095851898193,0.36842095851898193,0.36842095851898193,0.36842095851898193,0.3857088088989258,0.3857088088989258,0.3857088088989258,0.3857088088989258,0.24587030708789825,0.24587030708789825,0.24587030708789825,0.24587030708789825
song_1412311414a73f8a8432337045a7f785b4dab467abd618d008b2ae0948df2b24,success,sentiment,classifier-panel-v1,474,1,510,340,340,c3e9036e09adee353d2fb23239719248a5f4c21960e04cae22e272ef77120a87,c3e9036e09adee353d2fb23239719248a5f4c21960e04cae22e272ef77120a87,0.2743760943412781,0.2743760943412781,0.2743760943412781,0.2743760943412781,0.4239852726459503,0.4239852726459503,0.4239852726459503,0.4239852726459503,0.30163857340812683,0.30163857340812683,0.30163857340812683,0.30163857340812683
song_120331d2247754424d30484b3670c2d5c1ce827e7072814177b00993de5c5d32,success,sentiment,classifier-panel-v1,160,1,510,133,133,f945a430a894028fda2ebbe7467094a60bdc688b4cdd58844ebf4c6ab7df8e83,f945a430a894028fda2ebbe7467094a60bdc688b4cdd58844ebf4c6ab7df8e83,0.31283804774284363,0.31283804774284363,0.31283804774284363,0.31283804774284363,0.3887191116809845,0.3887191116809845,0.3887191116809845,0.3887191116809845,0.29844287037849426,0.29844287037849426,0.29844287037849426,0.29844287037849426
song_78c324bb1753edee02a96e81fa7c91ef1a4f1af07ad7ab4255aea291c7478be7,success,sentiment,classifier-panel-v1,249,1,510,197,197,2f9298cc68f3d392d1c6a354ab91ced7c5c6aca30507851e3a4973ee65b66cea,2f9298cc68f3d392d1c6a354ab91ced7c5c6aca30507851e3a4973ee65b66cea,0.18607433140277863,0.18607433140277863,0.18607433140277863,0.18607433140277863,0.4148847162723541,0.4148847162723541,0.4148847162723541,0.4148847162723541,0.39904099702835083,0.39904099702835083,0.39904099702835083,0.39904099702835083
song_f808ae4b4563a70d26400ffefa5cf76248b7c2025e1b427ec117cf0e0aee87de,success,sentiment,classifier-panel-v1,474,1,510,357,357,162aa0fd04e69ac9b264d945c4b5fc067d17769fdb2a487bffc7cde87c75765b,162aa0fd04e69ac9b264d945c4b5fc067d17769fdb2a487bffc7cde87c75765b,0.2500578761100769,0.2500578761100769,0.2500578761100769,0.2500578761100769,0.4086242616176605,0.4086242616176605,0.4086242616176605,0.4086242616176605,0.3413178324699402,0.3413178324699402,0.3413178324699402,0.3413178324699402
song_4881f8befad3c29b4557c7e7b5c098ce567212185b88f68f63c0717cfc803994,success,sentiment,classifier-panel-v1,720,2,510,544,544,94cd605226c99db1089209666ce0516e29d85760e83f21a160364b8032a0b1dc,94cd605226c99db1089209666ce0516e29d85760e83f21a160364b8032a0b1dc,0.3214663863182068,0.2599750757217407,0.3091681241989136,0.2599750757217407,0.4598599970340729,0.4408112168312073,0.4560502409934998,0.4408112168312073,0.34165629744529724,0.2992137223482132,0.3331677824258804,0.2992137223482132
song_ce55a9b58d73f0eaccd32f2d0b15687e9ff76c2ac47b5977a2c0507e07f966cc,success,sentiment,classifier-panel-v1,409,1,510,287,287,d1df3456db7ff04ef49c3e37a4a145cc8dfeb1a69317bdfc2a25aba20a8c74a9,d1df3456db7ff04ef49c3e37a4a145cc8dfeb1a69317bdfc2a25aba20a8c74a9,0.37234532833099365,0.37234532833099365,0.37234532833099365,0.37234532833099365,0.37077054381370544,0.37077054381370544,0.37077054381370544,0.37077054381370544,0.2568841576576233,0.2568841576576233,0.2568841576576233,0.2568841576576233
song_afd6a3e1bb701e4109e7db538528052981f38587e8a519600ab7591d040fd1d1,success,sentiment,classifier-panel-v1,599,2,510,461,461,4096d1c07903f55868bdf7d8db1ad892df7c25b96c500c18e1e0af435517a1cd,4096d1c07903f55868bdf7d8db1ad892df7c25b96c500c18e1e0af435517a1cd,0.2505151927471161,0.22613996267318726,0.2456401467323303,0.2261806558786529,0.3996172547340393,0.3816623091697693,0.3960262656211853,0.3816922840371554,0.43452784419059753,0.39219771325588226,0.4260618180036545,0.3921270452576607
song_3a96b875068a9d12032c2372e69e8054ed77f3ae4351d6222ca3dbd78800372c,success,sentiment,classifier-panel-v1,276,1,510,213,213,19524f31f0e95e96ff0717a68dd9e90ea1074cb8c1735a1ecfdb30ce6cc6e1a9,19524f31f0e95e96ff0717a68dd9e90ea1074cb8c1735a1ecfdb30ce6cc6e1a9,0.2220030128955841,0.2220030128955841,0.2220030128955841,0.2220030128955841,0.4105263352394104,0.4105263352394104,0.4105263352394104,0.4105263352394104,0.36747074127197266,0.36747074127197266,0.36747074127197266,0.36747074127197266
song_063fd071844935e8fd4f1395eeee736a147d3f13acd2103cd7ddd076c93ada6a,success,sentiment,classifier-panel-v1,381,1,510,244,244,fe9113b89c7f45c684ee1bf60fe54f0a9eab5ef7c9cd75174bd349e2ba825db1,fe9113b89c7f45c684ee1bf60fe54f0a9eab5ef7c9cd75174bd349e2ba825db1,0.20911948382854462,0.20911948382854462,0.20911948382854462,0.20911948382854462,0.45853349566459656,0.45853349566459656,0.45853349566459656,0.45853349566459656,0.33234697580337524,0.33234697580337524,0.33234697580337524,0.33234697580337524
song_e162690ceb18a23db578427f419ce7ba989a0b27499e2b403a37fe3ad800b82c,success,sentiment,classifier-panel-v1,292,1,510,194,194,452ca70787376afcb53dd4a72e7b8ecbc25dfac1e58547d4d16e5e4e7e708211,452ca70787376afcb53dd4a72e7b8ecbc25dfac1e58547d4d16e5e4e7e708211,0.3146543800830841,0.3146543800830841,0.3146543800830841,0.3146543800830841,0.43636515736579895,0.43636515736579895,0.43636515736579895,0.43636515736579895,0.24898043274879456,0.24898043274879456,0.24898043274879456,0.24898043274879456
song_e1a7f29430e196c1d83a8f58a4a17f41d5c2fadde8c3cf34dee5280016e53eda,success,sentiment,classifier-panel-v1,295,1,510,249,249,6acfe31e48297ff2c767eb4afb5623166de0ac96a5c7c4fa83c5ef53ed1bda21,6acfe31e48297ff2c767eb4afb5623166de0ac96a5c7c4fa83c5ef53ed1bda21,0.25944754481315613,0.25944754481315613,0.25944754481315613,0.25944754481315613,0.43815189599990845,0.43815189599990845,0.43815189599990845,0.43815189599990845,0.3024005591869354,0.3024005591869354,0.3024005591869354,0.3024005591869354
song_8c9359eb2bcab6780ed3a7cdca143da09375324d2952065a07d7adb88bf11161,success,sentiment,classifier-panel-v1,260,1,510,174,174,ab956efd346e8066610ccb4d9914b6578d8bf3b173e177655f925c6a54ad8690,ab956efd346e8066610ccb4d9914b6578d8bf3b173e177655f925c6a54ad8690,0.4878329038619995,0.4878329038619995,0.4878329038619995,0.4878329038619995,0.35670560598373413,0.35670560598373413,0.35670560598373413,0.35670560598373413,0.15546144545078278,0.15546144545078278,0.15546144545078278,0.15546144545078278
song_c43007be651fa0550c65f2144da21b53f1782e23930c836fda226c0c04eec799,success,sentiment,classifier-panel-v1,286,1,510,216,216,61d9dd6f78420df505df853530a02793952fd2b9552cebafcf5aef24b633e771,61d9dd6f78420df505df853530a02793952fd2b9552cebafcf5aef24b633e771,0.27739816904067993,0.27739816904067993,0.27739816904067993,0.27739816904067993,0.4741854965686798,0.4741854965686798,0.4741854965686798,0.4741854965686798,0.24841630458831787,0.24841630458831787,0.24841630458831787,0.24841630458831787
song_dde6cccf06049e639f7a816a60982f1646926c7007a974ecfcd938c2dbf1c191,success,sentiment,classifier-panel-v1,391,1,510,277,277,dfcc53f438e29b462ef13ef1a805ad403fce0600bd2126d65288b1d743027d0c,dfcc53f438e29b462ef13ef1a805ad403fce0600bd2126d65288b1d743027d0c,0.2978210151195526,0.2978210151195526,0.2978210151195526,0.2978210151195526,0.4079650640487671,0.4079650640487671,0.4079650640487671,0.4079650640487671,0.2942138910293579,0.2942138910293579,0.2942138910293579,0.2942138910293579
song_48c9a31f32d37489d6e49c8e3c9c2b203b5393562fbdbb3ce735de99f9c08e9e,success,sentiment,classifier-panel-v1,130,1,510,105,105,52fbd43eb3bfb03a39083bfb08add19b7d8c650a5a586ca28572a17b511de240,52fbd43eb3bfb03a39083bfb08add19b7d8c650a5a586ca28572a17b511de240,0.145350843667984,0.145350843667984,0.145350843667984,0.145350843667984,0.39753830432891846,0.39753830432891846,0.39753830432891846,0.39753830432891846,0.4571108818054199,0.4571108818054199,0.4571108818054199,0.4571108818054199
song_05be1f29e67911d8e269dbbba495ee25b92120a0aba32db094923f7adf2183b7,success,sentiment,classifier-panel-v1,179,1,510,135,135,5f676f570f4e80fc37b6829f69be6719808857161a27368334d1569f38fc5bf4,5f676f570f4e80fc37b6829f69be6719808857161a27368334d1569f38fc5bf4,0.34449875354766846,0.34449875354766846,0.34449875354766846,0.34449875354766846,0.48580417037010193,0.48580417037010193,0.48580417037010193,0.48580417037010193,0.16969703137874603,0.16969703137874603,0.16969703137874603,0.16969703137874603
song_56bdd8217899c9e589dcd9c9815cd8a10cefaf5d231d74e390d1dde403f23b9e,success,sentiment,classifier-panel-v1,300,1,510,232,232,26a2e19f699a808ed931c421693dbcafdc37085de49dacb827af3f005899c698,26a2e19f699a808ed931c421693dbcafdc37085de49dacb827af3f005899c698,0.21708038449287415,0.21708038449287415,0.21708038449287415,0.21708038449287415,0.4554750621318817,0.4554750621318817,0.4554750621318817,0.4554750621318817,0.32744455337524414,0.32744455337524414,0.32744455337524414,0.32744455337524414
song_e860962415e52ac4be856ff3fa67796897ffd7bed74fc6959aa53ced2839c9e0,success,sentiment,classifier-panel-v1,336,1,510,245,245,1a9a4b93dfeb310e9537823ae838ff8d4f4e9305d9049fcd6029d7754748e231,1a9a4b93dfeb310e9537823ae838ff8d4f4e9305d9049fcd6029d7754748e231,0.19516505300998688,0.19516505300998688,0.19516505300998688,0.19516505300998688,0.4169003963470459,0.4169003963470459,0.4169003963470459,0.4169003963470459,0.3879345655441284,0.3879345655441284,0.3879345655441284,0.3879345655441284
song_179feb8a79929d69156bfaf7c8ed48a7d01d17db6762f40e1d540507cc4f76e6,success,sentiment,classifier-panel-v1,914,2,510,611,611,91de81a8c96dfb3a9f7e59c48337c7869766e31704c97c08960861fd4ca830a9,91de81a8c96dfb3a9f7e59c48337c7869766e31704c97c08960861fd4ca830a9,0.27752143144607544,0.2704194486141205,0.27610103487968446,0.2704194486141205,0.447776734828949,0.4457656145095825,0.4473745107650757,0.4457656145095825,0.2929280400276184,0.2838149219751358,0.2911054164171219,0.2838149219751358
song_a9824e4acd085fbd53e561a95b0a44b852833928c774ab7affba998ddfec95a6,success,sentiment,classifier-panel-v1,247,1,510,191,191,7358e388ec50d62a98dff15f2987b7f389927888d53b9bf7e4906549542b36d0,7358e388ec50d62a98dff15f2987b7f389927888d53b9bf7e4906549542b36d0,0.26731470227241516,0.26731470227241516,0.26731470227241516,0.26731470227241516,0.4147316515445709,0.4147316515445709,0.4147316515445709,0.4147316515445709,0.31795361638069153,0.31795361638069153,0.31795361638069153,0.31795361638069153
song_8dc915eed4c70e3c837e01cd5e20204612237664f511b3bef8fbde1bbd51f7d9,success,sentiment,classifier-panel-v1,730,2,510,505,505,65c9dffb0d36140aec24016299e3e0a7def5f523feb0653f39e807b807820ea8,65c9dffb0d36140aec24016299e3e0a7def5f523feb0653f39e807b807820ea8,0.21809767186641693,0.21549998223781586,0.21757813394069672,0.21549998223781586,0.44849157333374023,0.440088152885437,0.4468108892440796,0.440088152885437,0.3554129898548126,0.3444119095802307,0.35321277379989624,0.3444119095802307
song_fcee43b920ec51e027d82e5ebc7bf690e03815c44a91d5aaaa74f62fb232fd79,success,sentiment,classifier-panel-v1,759,2,510,544,544,fd30e27cd6b03f3ecc6612c75779cb3d2557980893c704cac146fd2198390a4a,fd30e27cd6b03f3ecc6612c75779cb3d2557980893c704cac146fd2198390a4a,0.1730545312166214,0.15954561531543732,0.1703527480363846,0.15956341362360751,0.35693851113319397,0.3501719683408737,0.3555852025747299,0.350163053264731,0.4970248341560364,0.49028243124485016,0.49567635357379913,0.49027354797355743
song_e5a9b37663cfbdb5ae172e52dd414002d0cd701bc5969a41cb382007b35a9092,success,sentiment,classifier-panel-v1,1518,3,510,946,946,b0e1d82b974c4e7db52113930dfc0c8257d0b6153980baff5f54d92317b0167f,b0e1d82b974c4e7db52113930dfc0c8257d0b6153980baff5f54d92317b0167f,0.3040253520011902,0.28918970624605816,0.301355117559433,0.28918970624605816,0.44336456060409546,0.43549907207489014,0.4424826443195343,0.43549907207489014,0.2851482033729553,0.2753112316131592,0.28487173318862913,0.2753112316131592
song_ddd4c1911d61ba872c932e1ebf7bab492d51ca29e94feea236ab5efa08127983,success,sentiment,classifier-panel-v1,204,1,510,167,167,f060bb8cfbf9898dacf180043c1a9c73db68ad03773eb70ae15ffdf9883492ad,f060bb8cfbf9898dacf180043c1a9c73db68ad03773eb70ae15ffdf9883492ad,0.2174929976463318,0.2174929976463318,0.2174929976463318,0.2174929976463318,0.4182512164115906,0.4182512164115906,0.4182512164115906,0.4182512164115906,0.36425578594207764,0.36425578594207764,0.36425578594207764,0.36425578594207764
song_982e85e0772bde84905c4e66075cab71738b9c33711f12180e2c9ebc6a30e58e,success,sentiment,classifier-panel-v1,610,2,510,464,464,c741b6bb93c8833631da7b1881fe696c8a08b08e57bfa36e287141cd97e74e89,c741b6bb93c8833631da7b1881fe696c8a08b08e57bfa36e287141cd97e74e89,0.19265584647655487,0.18729738891124725,0.19158415496349335,0.18729738891124725,0.4129582643508911,0.40394897758960724,0.4111564069986343,0.40394897758960724,0.41240447759628296,0.4087536334991455,0.41167430877685546,0.4087536334991455
song_a6cc3d1c997f8e07adade9fd28c157e4d03f4f8f4987adaac8a306b72b6f13a6,success,sentiment,classifier-panel-v1,347,1,510,258,258,2e1a0cdf870cfd21b467587a6983ef260320cda0cd2c0e9a3e4e65119bda72c4,2e1a0cdf870cfd21b467587a6983ef260320cda0cd2c0e9a3e4e65119bda72c4,0.20393520593643188,0.20393520593643188,0.20393520593643188,0.20393520593643188,0.44210535287857056,0.44210535287857056,0.44210535287857056,0.44210535287857056,0.35395944118499756,0.35395944118499756,0.35395944118499756,0.35395944118499756
song_3be80d6898e6d7126085bef1a2e577252c3acb8d6fb29059cd60aa374c032093,success,sentiment,classifier-panel-v1,870,2,510,596,596,b58577a84a6d3c8ca87d5d624ee4fe7dc17460b9d63fd368addbe07a7e7fc203,b58577a84a6d3c8ca87d5d624ee4fe7dc17460b9d63fd368addbe07a7e7fc203,0.33123016357421875,0.28910450637340546,0.3228050321340561,0.28910450637340546,0.3899778425693512,0.3870853781700134,0.38939934968948364,0.3870853781700134,0.36304330825805664,0.3238101154565811,0.35519666969776154,0.3238101154565811
song_59b578620c6f147ffde7e2fc69ee9a4809e9a70977488526ad587f45fee9ae3c,success,sentiment,classifier-panel-v1,820,2,510,547,547,1c9e200d0c2541e800905a8908921c3f77e632a00f26db2a89294ea3389ad70d,1c9e200d0c2541e800905a8908921c3f77e632a00f26db2a89294ea3389ad70d,0.2508474588394165,0.23702172935009003,0.2480823129415512,0.23702172935009003,0.4468587636947632,0.4405798614025116,0.44560298323631287,0.4405798614025116,0.3299451470375061,0.3223983347415924,0.32843578457832334,0.3223983347415924
song_4cc7506f1e8d8210be05ab31ae91bd610554d866b02bf85d1040cd114b42b273,success,sentiment,classifier-panel-v1,257,1,510,207,207,d36ca61a7d48378819d322639e6131ba77ae0f6e031ba61562c95a7bb9640d0c,d36ca61a7d48378819d322639e6131ba77ae0f6e031ba61562c95a7bb9640d0c,0.31043651700019836,0.31043651700019836,0.31043651700019836,0.31043651700019836,0.46408137679100037,0.46408137679100037,0.46408137679100037,0.46408137679100037,0.2254820466041565,0.2254820466041565,0.2254820466041565,0.2254820466041565
song_a22606f73b2eb26912bcd4c63b31ac5c72f573b98d06a74097ac6988b8a4761a,success,sentiment,classifier-panel-v1,374,1,510,295,295,71be88344ade240a4fdc3028ae667a26144994cfa3b944161876d4db0a475fd3,71be88344ade240a4fdc3028ae667a26144994cfa3b944161876d4db0a475fd3,0.2639925181865692,0.2639925181865692,0.2639925181865692,0.2639925181865692,0.4280700087547302,0.4280700087547302,0.4280700087547302,0.4280700087547302,0.30793750286102295,0.30793750286102295,0.30793750286102295,0.30793750286102295
song_be18506dff183b6a8ee7e34e0063fde1d8f047a431bce1ad15210cd247070d71,success,sentiment,classifier-panel-v1,833,2,510,586,586,4fbbe99b5fad58cc08f65a272f03ee53ea321adc274ab546e3f5fed321e06a4e,4fbbe99b5fad58cc08f65a272f03ee53ea321adc274ab546e3f5fed321e06a4e,0.37369564175605774,0.37064042687416077,0.37308459877967837,0.3706367591492125,0.4205645024776459,0.40609756112098694,0.4176711142063141,0.40611492839752555,0.23467373847961426,0.22326203435659409,0.2323913976550102,0.22324833483183656
song_431842b1312020e5d414f0de65e5c9ec072969ac8df182145eb4f25f39e9a5d3,success,sentiment,classifier-panel-v1,383,1,510,296,296,e4468202ca6130c0bc322d6de2293247f257d7a08b84b9ac3de9132daf56ff47,e4468202ca6130c0bc322d6de2293247f257d7a08b84b9ac3de9132daf56ff47,0.19101545214653015,0.19101545214653015,0.19101545214653015,0.19101545214653015,0.4286132752895355,0.4286132752895355,0.4286132752895355,0.4286132752895355,0.3803713321685791,0.3803713321685791,0.3803713321685791,0.3803713321685791
song_a774cd098b6d541712b9c125d8283d2050e37bbd30ccb15a2f46def348e4cd32,success,sentiment,classifier-panel-v1,313,1,510,208,208,4316181b1d7967eb4750ec778c6111a095eec8f3522f51902e26dd093ff386d1,4316181b1d7967eb4750ec778c6111a095eec8f3522f51902e26dd093ff386d1,0.3328867256641388,0.3328867256641388,0.3328867256641388,0.3328867256641388,0.42344680428504944,0.42344680428504944,0.42344680428504944,0.42344680428504944,0.24366642534732819,0.24366642534732819,0.24366642534732819,0.24366642534732819
song_bc36f76c0600a69cd4e5b99246c99c1d53f92053556b363163a3317600484a6a,success,sentiment,classifier-panel-v1,447,1,510,338,338,24d2b1adbe6d78329e83ef6faef6f282650be1be197119fc4948dea87e77cd22,24d2b1adbe6d78329e83ef6faef6f282650be1be197119fc4948dea87e77cd22,0.19983528554439545,0.19983528554439545,0.19983528554439545,0.19983528554439545,0.4308978021144867,0.4308978021144867,0.4308978021144867,0.4308978021144867,0.36926689743995667,0.36926689743995667,0.36926689743995667,0.36926689743995667
song_668b336197fa733f28d2114cb0d4483a98714bc5a9eccdd49869518404fafff0,success,sentiment,classifier-panel-v1,402,1,510,230,230,7a4ce57a61053412580d2ecd67ffdf825e8b4fb67c5cea8d2a6d25031daf6d9a,7a4ce57a61053412580d2ecd67ffdf825e8b4fb67c5cea8d2a6d25031daf6d9a,0.3082970380783081,0.3082970380783081,0.3082970380783081,0.3082970380783081,0.46955448389053345,0.46955448389053345,0.46955448389053345,0.46955448389053345,0.22214846312999725,0.22214846312999725,0.22214846312999725,0.22214846312999725
song_a5ffceb48df141a6ead277d91c687b6b6f87f4e4a27eaca6b77af8deac820a52,success,sentiment,classifier-panel-v1,348,1,510,245,245,2740d098d210ac5fea54a7260629d3c1ba0b0d0fc1d1adec66910b88f35e49f8,2740d098d210ac5fea54a7260629d3c1ba0b0d0fc1d1adec66910b88f35e49f8,0.15942102670669556,0.15942102670669556,0.15942102670669556,0.15942102670669556,0.3674428164958954,0.3674428164958954,0.3674428164958954,0.3674428164958954,0.4731360673904419,0.4731360673904419,0.4731360673904419,0.4731360673904419
song_828a2fabc32543ca52c9c7d0e53a3f25f6182b996df6b3fcb860b8c631774b4c,success,sentiment,classifier-panel-v1,481,1,510,381,381,7fa24083cf5458524659a61a207327cb7cf66d84f6ad333830e803d010eba06a,7fa24083cf5458524659a61a207327cb7cf66d84f6ad333830e803d010eba06a,0.2243126630783081,0.2243126630783081,0.2243126630783081,0.2243126630783081,0.36276835203170776,0.36276835203170776,0.36276835203170776,0.36276835203170776,0.41291898488998413,0.41291898488998413,0.41291898488998413,0.41291898488998413
song_73fbb9f604cb292bdaf3f319390e188d21615475a6a3d28edf6ac1e542bb9ab8,success,sentiment,classifier-panel-v1,850,2,510,521,521,846c27ada5a5e772d75a8325d2f63a63ee1b7bb675451599a68496f57695e96a,846c27ada5a5e772d75a8325d2f63a63ee1b7bb675451599a68496f57695e96a,0.5168915390968323,0.5053280591964722,0.5145788431167603,0.5053280591964722,0.3559245467185974,0.3551134616136551,0.35576232969760896,0.3551134616136551,0.15193301439285278,0.13955848664045334,0.1494581088423729,0.13955848664045334
song_e319997d3f69b195d329284eff16e1d5872564140a461c7a55a80ac6bddbc9cc,success,sentiment,classifier-panel-v1,362,1,510,278,278,301fbf834772eaf6cb76a454093446522108faef542df7765454831e60af04d7,301fbf834772eaf6cb76a454093446522108faef542df7765454831e60af04d7,0.2752818167209625,0.2752818167209625,0.2752818167209625,0.2752818167209625,0.4095943868160248,0.4095943868160248,0.4095943868160248,0.4095943868160248,0.3151237964630127,0.3151237964630127,0.3151237964630127,0.3151237964630127
song_7ca9c9ba50368ace4ab1ebc78a7987f6aec3f2ebfc55805c5aa8c879175e0b2a,success,sentiment,classifier-panel-v1,288,1,510,251,251,5f877006745ae5ae552b997af50020326f6480745e9a510af809ca545bc80984,5f877006745ae5ae552b997af50020326f6480745e9a510af809ca545bc80984,0.19917844235897064,0.19917844235897064,0.19917844235897064,0.19917844235897064,0.47545525431632996,0.47545525431632996,0.47545525431632996,0.47545525431632996,0.325366348028183,0.325366348028183,0.325366348028183,0.325366348028183
song_316a0b9ba7277c09179f346f5f806cf819a8fc0641ac5d42b6558a4c972dc6aa,success,sentiment,classifier-panel-v1,467,1,510,319,319,23eedc49777f9e3075879a19c3bbed4f9a91be8a4933f3bc606ac2f5217248ef,23eedc49777f9e3075879a19c3bbed4f9a91be8a4933f3bc606ac2f5217248ef,0.30449068546295166,0.30449068546295166,0.30449068546295166,0.30449068546295166,0.3627695143222809,0.3627695143222809,0.3627695143222809,0.3627695143222809,0.33273980021476746,0.33273980021476746,0.33273980021476746,0.33273980021476746
song_e12f73c01a9b74f42d83be6090427aacf2b73668f80c0ff93c72f9ce5a7a0f79,success,sentiment,classifier-panel-v1,180,1,510,131,131,7e68773f828f1c770bae174f0a47b898fae1717a4f11583ba24c41707e143074,7e68773f828f1c770bae174f0a47b898fae1717a4f11583ba24c41707e143074,0.28701406717300415,0.28701406717300415,0.28701406717300415,0.28701406717300415,0.3924582302570343,0.3924582302570343,0.3924582302570343,0.3924582302570343,0.3205276429653168,0.3205276429653168,0.3205276429653168,0.3205276429653168
song_60e2979073e5573acf270d7fd14a51c86cbc41f3db455270246563c9aa8ece7d,success,sentiment,classifier-panel-v1,366,1,510,272,272,dc6c546a68039ca1a149e990301e96d93bf075d1352ba0272b634d4a63275c84,dc6c546a68039ca1a149e990301e96d93bf075d1352ba0272b634d4a63275c84,0.22594188153743744,0.22594188153743744,0.22594188153743744,0.22594188153743744,0.4885958433151245,0.4885958433151245,0.4885958433151245,0.4885958433151245,0.28546226024627686,0.28546226024627686,0.28546226024627686,0.28546226024627686
song_0b640ff50889535179208394488f8a0238ceb517a43c66b5928d1e8be421878e,success,sentiment,classifier-panel-v1,339,1,510,246,246,4aeb3cb26e4e238b0469c1c13e9f93e79d143329c07a5f5ea89ec00685124879,4aeb3cb26e4e238b0469c1c13e9f93e79d143329c07a5f5ea89ec00685124879,0.3183493912220001,0.3183493912220001,0.3183493912220001,0.3183493912220001,0.4479289948940277,0.4479289948940277,0.4479289948940277,0.4479289948940277,0.23372159898281097,0.23372159898281097,0.23372159898281097,0.23372159898281097
song_7cfaf4be60351ae529bbb4b6a7b493826b52baf2985f565b0e889b3c23ab5e29,success,sentiment,classifier-panel-v1,427,1,510,355,355,38e1376bd07c94c48aecd9afde6a4f5ac5430ade8b0c8a54dcab7d11aa9d82c8,38e1376bd07c94c48aecd9afde6a4f5ac5430ade8b0c8a54dcab7d11aa9d82c8,0.24728995561599731,0.24728995561599731,0.24728995561599731,0.24728995561599731,0.3900071680545807,0.3900071680545807,0.3900071680545807,0.3900071680545807,0.3627028465270996,0.3627028465270996,0.3627028465270996,0.3627028465270996
song_9a299229172ef4247b522973a28a572e71a62970370c1d7d60113d13f53c10fe,success,sentiment,classifier-panel-v1,466,1,510,334,334,34b35e5584493469293cf2c71beec6d84307ec645748c7e5512aabadec72a302,34b35e5584493469293cf2c71beec6d84307ec645748c7e5512aabadec72a302,0.4199815094470978,0.4199815094470978,0.4199815094470978,0.4199815094470978,0.34088245034217834,0.34088245034217834,0.34088245034217834,0.34088245034217834,0.23913605511188507,0.23913605511188507,0.23913605511188507,0.23913605511188507
song_aa13e5b19bab07dc2e5fc83d007dd90e21decb27057023685ff0ca1d8ba13b42,success,sentiment,classifier-panel-v1,815,2,510,580,580,195bce8d27cd3879dab10ac995d29211d2cf82eb561e1128eda0f59f59d58dfd,195bce8d27cd3879dab10ac995d29211d2cf82eb561e1128eda0f59f59d58dfd,0.2986598014831543,0.28566038608551025,0.2960599184036255,0.2856763362884521,0.4275226294994354,0.42318135499954224,0.42665437459945676,0.42317602828236445,0.29981639981269836,0.2911582440137863,0.29808476865291594,0.2911476205097386
song_84fb3306a13f9324e94484bea63edeaa1e6248de1587badbb758a41c3fef27e6,success,sentiment,classifier-panel-v1,878,2,510,614,614,b99fd7c8fdcdae963fd4b72ddb7490964f4eb965f023fd71acf91aa3319ed5bc,b99fd7c8fdcdae963fd4b72ddb7490964f4eb965f023fd71acf91aa3319ed5bc,0.2750589847564697,0.24674617499113083,0.2693964228034019,0.24674617499113083,0.4652925729751587,0.45236051082611084,0.46270616054534913,0.45236051082611084,0.3421381413936615,0.30089330673217773,0.33388917446136473,0.30089330673217773
song_70546899a6e183f6372805a853d775765a7e8a8830aa028622ddbb39c3c6887a,success,sentiment,classifier-panel-v1,222,1,510,176,176,854c70104acf7e541369ce1f8fa5f7e9b16180fa7bce69fb5dae5a4d03087063,854c70104acf7e541369ce1f8fa5f7e9b16180fa7bce69fb5dae5a4d03087063,0.39090514183044434,0.39090514183044434,0.39090514183044434,0.39090514183044434,0.41328859329223633,0.41328859329223633,0.41328859329223633,0.41328859329223633,0.19580624997615814,0.19580624997615814,0.19580624997615814,0.19580624997615814
song_be496be8f147804f19e5da1c133d50508585f40e981a49067a86443a2c7dc9a8,success,sentiment,classifier-panel-v1,727,2,510,543,543,e39e40d3c92d3f292cb27f1029a99ab7a7c604aa6dcc77a0ba59e1d7818a2f58,e39e40d3c92d3f292cb27f1029a99ab7a7c604aa6dcc77a0ba59e1d7818a2f58,0.36082133650779724,0.33586736023426056,0.3558305412530899,0.3359016848233576,0.4870108366012573,0.46357670426368713,0.48232401013374326,0.46354447024396556,0.20207569003105164,0.20055586099624634,0.20177172422409057,0.20055377044736766
song_751d25e9b99372f7eda29a930ec0da919ff16f4b64b750d2e0374512195983b1,success,sentiment,classifier-panel-v1,1036,3,510,661,661,4de28232f83c3c5c018f36a9eec0a7bb407158bae867e696c56de9e4498c7e80,4de28232f83c3c5c018f36a9eec0a7bb407158bae867e696c56de9e4498c7e80,0.26855406165122986,0.23921942710876465,0.2653700649738312,0.23923237561374097,0.458484411239624,0.44159919023513794,0.4574451267719269,0.4416104728593329,0.3905046880245209,0.3191814025243123,0.3712193489074707,0.31915717143349664
song_098c94ccca359db8e6a9a7a5e4d678f28906d0b215ea72e613efcb940a06511c,success,sentiment,classifier-panel-v1,483,1,510,353,353,b976bb66079218f4427c551e44212d74cea29eb09c9b0e12d6aea499d51a35ab,b976bb66079218f4427c551e44212d74cea29eb09c9b0e12d6aea499d51a35ab,0.3458018898963928,0.3458018898963928,0.3458018898963928,0.3458018898963928,0.4486815333366394,0.4486815333366394,0.4486815333366394,0.4486815333366394,0.20551656186580658,0.20551656186580658,0.20551656186580658,0.20551656186580658
song_e6845230ff4465513b07c709ef9606b96c83f7f91b85e8fdec7c2de6a73d283e,success,sentiment,classifier-panel-v1,1203,3,510,813,813,ebffa7e7ffef069deefa9fbab7640daa9c9752e7ab84efd83f89eef431968c09,ebffa7e7ffef069deefa9fbab7640daa9c9752e7ab84efd83f89eef431968c09,0.3149675130844116,0.30436087648073834,0.31281380653381347,0.30436087648073834,0.438829243183136,0.43358760078748065,0.4381994426250458,0.43358760078748065,0.27040359377861023,0.2620515326658885,0.2680787205696106,0.2620515326658885
song_0c97bdf048572221cf295545083a45a1572bcc8f0c307a006c0956c93c908099,success,sentiment,classifier-panel-v1,516,2,510,361,361,302f16c08b138c7cc1dfc023e02404a5f6cf1343ef09d6f19ea9bce800018474,302f16c08b138c7cc1dfc023e02404a5f6cf1343ef09d6f19ea9bce800018474,0.37584421038627625,0.35878030955791473,0.37243143022060393,0.35878030955791473,0.4570370018482208,0.45046043395996094,0.45572168827056886,0.45046043395996094,0.20124652981758118,0.19075925648212433,0.1991490751504898,0.19075925648212433
song_beae324dbfbd3d29294643d2f1938b0205c4b9c455a55bd53f5c494c91253adb,success,sentiment,classifier-panel-v1,787,2,510,591,591,7ddeb2702b08dd18b8543a074b8077987e58ea91a33914f50e2d2df3d67813d8,7ddeb2702b08dd18b8543a074b8077987e58ea91a33914f50e2d2df3d67813d8,0.2500700056552887,0.2324511632323265,0.24654623717069626,0.23247355057975086,0.43179938197135925,0.4124778062105179,0.42793506681919097,0.4124532552883313,0.3567737340927124,0.3550710380077362,0.3564331948757172,0.35507320153516314
song_f0e2473fede1564596bf6745d8c08d49d8691d1b0400bea70977b13783733095,success,sentiment,classifier-panel-v1,462,1,510,350,350,b56a0c68c87b01003268cfc565f22a392a7e662b792a6235c5c8df3c270f83fa,b56a0c68c87b01003268cfc565f22a392a7e662b792a6235c5c8df3c270f83fa,0.2898348569869995,0.2898348569869995,0.2898348569869995,0.2898348569869995,0.4098609387874603,0.4098609387874603,0.4098609387874603,0.4098609387874603,0.30030426383018494,0.30030426383018494,0.30030426383018494,0.30030426383018494
song_2a152a848f4917084d006e080ecbb3c882aeafefc1a851978231c794e8f12e5a,success,sentiment,classifier-panel-v1,746,2,510,485,485,87d75fbc73517d65e07cff554ecd37683973602a26d9dfb0026c6235f55b7946,87d75fbc73517d65e07cff554ecd37683973602a26d9dfb0026c6235f55b7946,0.19327041506767273,0.1680668666958809,0.18822970539331435,0.1680668666958809,0.47899001836776733,0.4537835121154785,0.47394871711730957,0.4537835121154785,0.3781525790691376,0.3781495690345764,0.37815197706222536,0.3781495690345764
song_30ef708150de2342873ae91612db8d453d9c140ebfc4c161dee823d8c97e9a0c,success,sentiment,classifier-panel-v1,360,1,510,283,283,34ff920f2147b0cf4424547793975c9407a504860fe5f5ec7023ce38104700e2,34ff920f2147b0cf4424547793975c9407a504860fe5f5ec7023ce38104700e2,0.19396957755088806,0.19396957755088806,0.19396957755088806,0.19396957755088806,0.4648215174674988,0.4648215174674988,0.4648215174674988,0.4648215174674988,0.3412088453769684,0.3412088453769684,0.3412088453769684,0.3412088453769684
song_d49d1d25e207f2554afb89b51e0aa1da3d223127e941457fd797a5d7b01d75de,success,sentiment,classifier-panel-v1,364,1,510,273,273,7240ff03c3faeae0c70619b8b70a79bb8b9d15504879ed7671bd879bee63eba5,7240ff03c3faeae0c70619b8b70a79bb8b9d15504879ed7671bd879bee63eba5,0.22365255653858185,0.22365255653858185,0.22365255653858185,0.22365255653858185,0.44851747155189514,0.44851747155189514,0.44851747155189514,0.44851747155189514,0.3278299570083618,0.3278299570083618,0.3278299570083618,0.3278299570083618
song_e8f0cbf6b127bb0d2d327524f99a3faffc1aa86c24cd4d6f2f351910f8dba31c,success,sentiment,classifier-panel-v1,1299,3,510,670,670,560c15b6492a2caa65bce128162ae1d84b3708a741c134d4fea58a02148804db,560c15b6492a2caa65bce128162ae1d84b3708a741c134d4fea58a02148804db,0.4095414876937866,0.33575517932573956,0.3885405361652374,0.33575517932573956,0.4661039113998413,0.4458557665348053,0.46600342988967897,0.4458557665348053,0.24121122062206268,0.21838911374409994,0.23884086906909943,0.21838911374409994
song_49d0dea7fd546e82089ee720332cf4ab5b94fa2b3087f810f10461310152399a,success,sentiment,classifier-panel-v1,530,2,510,406,406,50cb5c7cdf5486ef56299fb65791ddaae4da84bc5380e4b7f38f9554f5535e2c,50cb5c7cdf5486ef56299fb65791ddaae4da84bc5380e4b7f38f9554f5535e2c,0.29865312576293945,0.27143246680498123,0.2932089939713478,0.27143246680498123,0.4666560888290405,0.4586775600910187,0.46506038308143616,0.4586775600910187,0.28913217782974243,0.2698899954557419,0.28528374135494233,0.2698899954557419
song_a7ba1698c332881371ca56c4d18a568ac6781ccade4939e9b958bf3d29384d7a,success,sentiment,classifier-panel-v1,352,1,510,282,282,566d091cb8f38e14ca6b3b78cdd23880640147350c7a09d552ad94bf253594ef,566d091cb8f38e14ca6b3b78cdd23880640147350c7a09d552ad94bf253594ef,0.14688749611377716,0.14688749611377716,0.14688749611377716,0.14688749611377716,0.391578733921051,0.391578733921051,0.391578733921051,0.391578733921051,0.461533784866333,0.461533784866333,0.461533784866333,0.461533784866333
song_5d5af3444c66dfa9b904e41deae67f9dc3da2e8afe113f76d35d7c17893c4021,success,sentiment,classifier-panel-v1,657,2,510,457,457,9d40b4d041a784aa65d082a41ede82adb528d72d91f20932464b3b3e87138a3c,9d40b4d041a784aa65d082a41ede82adb528d72d91f20932464b3b3e87138a3c,0.45266664028167725,0.4462284594774246,0.4513790041208267,0.44623825883937934,0.3948959708213806,0.38733410835266113,0.3933835983276367,0.3873225986685383,0.1675610989332199,0.16643741726875305,0.16733636260032653,0.1664391275909212
song_f1bddb6c30e8373851eaf182907b098d1766fc67c2fc89c0c55665db81104c46,success,sentiment,classifier-panel-v1,414,1,510,307,307,9a3c0ba28629bc1c8ae1c0aa412bed2668ca9089038f855b481fe4053435d9dd,9a3c0ba28629bc1c8ae1c0aa412bed2668ca9089038f855b481fe4053435d9dd,0.32443884015083313,0.32443884015083313,0.32443884015083313,0.32443884015083313,0.432491660118103,0.432491660118103,0.432491660118103,0.432491660118103,0.24306955933570862,0.24306955933570862,0.24306955933570862,0.24306955933570862
song_a6eab6eaa3a8765b9bc855a359e190d3b1b2ca7572976e67d194886ec9081a52,success,sentiment,classifier-panel-v1,338,1,510,270,270,f7c32b121fe3dff298f0bb44080915ee6336d5cd7179342af31fa033d8de22b6,f7c32b121fe3dff298f0bb44080915ee6336d5cd7179342af31fa033d8de22b6,0.28459733724594116,0.28459733724594116,0.28459733724594116,0.28459733724594116,0.45115652680397034,0.45115652680397034,0.45115652680397034,0.45115652680397034,0.2642461359500885,0.2642461359500885,0.2642461359500885,0.2642461359500885
song_16908002829a856192b2e3b24d6c58c39106117ffcc515d050022040305006b9,success,sentiment,classifier-panel-v1,1151,3,510,866,866,fafec8a70cfa786877db3a346949df496f8c17f41958ede6fc08361d199966c5,fafec8a70cfa786877db3a346949df496f8c17f41958ede6fc08361d199966c5,0.2771449685096741,0.24953219294548035,0.2698036551475525,0.24954828241925775,0.4189938008785248,0.4090529481569926,0.416594123840332,0.409044311447417,0.3583919405937195,0.34141483902931213,0.356712144613266,0.34140738627374123
song_fd806b3821bf03e97e417fa26b068546358a5dc336dc9669759f406326f62c9d,success,sentiment,classifier-panel-v1,314,1,510,212,212,fba71acd733a8fd1e5ec7eb31135061041a5b1dc0cc783b5168b1fed34287994,fba71acd733a8fd1e5ec7eb31135061041a5b1dc0cc783b5168b1fed34287994,0.31458479166030884,0.31458479166030884,0.31458479166030884,0.31458479166030884,0.4190571904182434,0.4190571904182434,0.4190571904182434,0.4190571904182434,0.26635807752609253,0.26635807752609253,0.26635807752609253,0.26635807752609253
song_89d75c9f3c3a88e6888930caa50d728f6bdfa0b90fe8fa2978b32e8582e20df0,success,sentiment,classifier-panel-v1,388,1,510,279,279,54642e9b27b04fe38f49a8d7ec0abfb1dd684ece536fce5aefd3eb9f035fd7fd,54642e9b27b04fe38f49a8d7ec0abfb1dd684ece536fce5aefd3eb9f035fd7fd,0.12816770374774933,0.12816770374774933,0.12816770374774933,0.12816770374774933,0.4132244288921356,0.4132244288921356,0.4132244288921356,0.4132244288921356,0.45860785245895386,0.45860785245895386,0.45860785245895386,0.45860785245895386
song_a88716a9c9d7b095702f94b087ee37326a0dc5655ecf93a84a87b71aa1b66a68,success,sentiment,classifier-panel-v1,843,2,510,584,584,6090bcdbece03d95ac7b774e8c44d252a3f8945e4072fddda6f52c52294bf524,6090bcdbece03d95ac7b774e8c44d252a3f8945e4072fddda6f52c52294bf524,0.28136491775512695,0.2792225480079651,0.2809364438056946,0.27922000664408947,0.4066999554634094,0.4058113694190979,0.40652223825454714,0.405810315343126,0.3179970681667328,0.3149660676717758,0.3173908680677414,0.3149696631646524
song_61a93b5d45b99392acf44f79106a72ee8e87dee118e990895eafdece3a01ebe9,success,sentiment,classifier-panel-v1,442,1,510,341,341,841d6e6573a1a43336eb7a878f38ebab26e0355d8f61217640e49264b396f608,841d6e6573a1a43336eb7a878f38ebab26e0355d8f61217640e49264b396f608,0.2788347005844116,0.2788347005844116,0.2788347005844116,0.2788347005844116,0.4063754379749298,0.4063754379749298,0.4063754379749298,0.4063754379749298,0.3147898316383362,0.3147898316383362,0.3147898316383362,0.3147898316383362
song_f4185aea5cd17f1abea03ccb1fa6b853bc8cc48352e792e4aa84bd5673669c5e,success,sentiment,classifier-panel-v1,726,2,510,383,383,dbea5d09d748938f278db5d33e8815a1576118865cde1b4ff2471938e85e6bab,dbea5d09d748938f278db5d33e8815a1576118865cde1b4ff2471938e85e6bab,0.3078184127807617,0.3017869293689728,0.30661211609840394,0.3017869293689728,0.4922206401824951,0.4732484519481659,0.4884262025356293,0.4732484519481659,0.2379053384065628,0.22496463358402252,0.23531719744205476,0.22496463358402252
song_df65c35504bb4ab737bbde1916d9226388671296143f32de56be3bcd942836de,success,sentiment,classifier-panel-v1,517,2,510,355,355,ebea2f2eff10d9dfdd8dd70f8b7456673727a29201577172ee934f552fbd0898,ebea2f2eff10d9dfdd8dd70f8b7456673727a29201577172ee934f552fbd0898,0.3481900691986084,0.34718866646289825,0.34798978865146635,0.3471867295136996,0.4269382357597351,0.42210447788238525,0.4259714841842651,0.4220951282539958,0.2365420162677765,0.2307068407535553,0.23537498116493225,0.23071812735996577
song_91746aa1c606d87c92ae335386faf16eecbaf2fd760ffb105d9375f1ae0fe4b4,success,sentiment,classifier-panel-v1,321,1,510,251,251,3714141b866fd1cb2fd6091ed15df14603b3caf618e0200bbe38d199ab06b270,3714141b866fd1cb2fd6091ed15df14603b3caf618e0200bbe38d199ab06b270,0.18080303072929382,0.18080303072929382,0.18080303072929382,0.18080303072929382,0.428471177816391,0.428471177816391,0.428471177816391,0.428471177816391,0.3907257616519928,0.3907257616519928,0.3907257616519928,0.3907257616519928
song_bebe4b11a673cfb47ec460528a0c2f75529ba518b5e923d1958b2e9aee9ea323,success,sentiment,classifier-panel-v1,245,1,510,196,196,e8c264b19bfa7d3fbf6dd0eb77f239f14f1584202a71705e5da02499f5223020,e8c264b19bfa7d3fbf6dd0eb77f239f14f1584202a71705e5da02499f5223020,0.2285204827785492,0.2285204827785492,0.2285204827785492,0.2285204827785492,0.44616466760635376,0.44616466760635376,0.44616466760635376,0.44616466760635376,0.32531481981277466,0.32531481981277466,0.32531481981277466,0.32531481981277466
song_69823ed1beab1c15adab303458294de6aa805b844e4d9bc1cb759b53d8e1d0b8,success,sentiment,classifier-panel-v1,929,2,510,635,635,d7a7f03575fafd2da31ec8415232bc7aecc50e5bca0bb24bb71a59b509a56df9,d7a7f03575fafd2da31ec8415232bc7aecc50e5bca0bb24bb71a59b509a56df9,0.36103248596191406,0.3519406020641327,0.3592141091823578,0.3519503888067568,0.43024495244026184,0.4288933575153351,0.4299746334552765,0.42889190262305854,0.22690637409687042,0.21916604042053223,0.22535830736160278,0.2191577085220647
song_8e7a07712e424d6dc71b31f594afafc6604cf5d4f09fcf81c91908a2c45b979d,success,sentiment,classifier-panel-v1,907,2,510,600,600,d868c469225d1d282edddf3eba7ad0ef912497c27c0eeaf3afd93fd024db6f29,d868c469225d1d282edddf3eba7ad0ef912497c27c0eeaf3afd93fd024db6f29,0.310083270072937,0.30889052152633667,0.30984472036361693,0.3088918365743484,0.40820547938346863,0.40725912153720856,0.4080162078142166,0.4072580781437728,0.28409677743911743,0.28385038673877716,0.2840474992990494,0.28385011508420127
song_dcd6fc07dd41fb2112e83cc37ad3cb0288359e4b90661faeb2891c6a2a7f5e89,success,sentiment,classifier-panel-v1,594,2,510,434,434,071ad23f2d71e54d71ca4d8e83294665e3646c7b87a3eb08094cefa19801d87e,071ad23f2d71e54d71ca4d8e83294665e3646c7b87a3eb08094cefa19801d87e,0.3080700635910034,0.27274370193481445,0.30100479125976565,0.27274370193481445,0.4934517741203308,0.47319698333740234,0.48940081596374513,0.47319698333740234,0.2691309452056885,0.2540593445301056,0.2661166250705719,0.2540593445301056
song_a7464a3d004fed14e1824802fca94ffd5af3ac71e2e2e34435fccd0ff534a2ed,success,sentiment,classifier-panel-v1,478,1,510,357,357,333f8ef4afb37bd3c5cb5974052eaed1c4fd01b1bc710a4cec7e792ea7b9e670,333f8ef4afb37bd3c5cb5974052eaed1c4fd01b1bc710a4cec7e792ea7b9e670,0.18642760813236237,0.18642760813236237,0.18642760813236237,0.18642760813236237,0.4101095497608185,0.4101095497608185,0.4101095497608185,0.4101095497608185,0.40346282720565796,0.40346282720565796,0.40346282720565796,0.40346282720565796
song_1d68186326e359b9669b2f7c11d69a9643793fb708e6fe1003c21e5c3aa6232a,success,sentiment,classifier-panel-v1,606,2,510,426,426,62d433d8d0173b5391815435bc7c22c658f2aba8c3db1c6389b574c94bb1f15f,62d433d8d0173b5391815435bc7c22c658f2aba8c3db1c6389b574c94bb1f15f,0.21079552173614502,0.20584697276353836,0.20980581194162368,0.20584697276353836,0.48217007517814636,0.4778647720813751,0.4813090145587921,0.4778647720813751,0.31693142652511597,0.31628818809986115,0.316802778840065,0.31628818809986115
song_bf6ecd59e1d9609355146c4e3f9531132411aebc5b877ee12a5f15343b056d23,success,sentiment,classifier-panel-v1,470,1,510,345,345,ed823d409fbbeb3fbf705a9c4260c6478756e92e0e03ff4773e9fe3e87707297,ed823d409fbbeb3fbf705a9c4260c6478756e92e0e03ff4773e9fe3e87707297,0.31429895758628845,0.31429895758628845,0.31429895758628845,0.31429895758628845,0.3942739963531494,0.3942739963531494,0.3942739963531494,0.3942739963531494,0.2914271354675293,0.2914271354675293,0.2914271354675293,0.2914271354675293
song_214d22efee01afd6925d10528d80a2c2f994a8fd4a37f100a0179fea51af725e,success,sentiment,classifier-panel-v1,398,1,510,296,296,6efaf81e628b8e5d134c8cfb974761c5c0ba0e2566de0327a6031420ea69d2e4,6efaf81e628b8e5d134c8cfb974761c5c0ba0e2566de0327a6031420ea69d2e4,0.4221911132335663,0.4221911132335663,0.4221911132335663,0.4221911132335663,0.41436439752578735,0.41436439752578735,0.41436439752578735,0.41436439752578735,0.1634444147348404,0.1634444147348404,0.1634444147348404,0.1634444147348404
song_b5dba8821898b6e121e493b47cf4d536d7a7c5d16bcc38aaedc2b4899288889d,success,sentiment,classifier-panel-v1,786,2,510,488,488,5f973904dbfdef3856d7cb62f81232215c53eef4133bebaf0c9903a63fd4fbf6,5f973904dbfdef3856d7cb62f81232215c53eef4133bebaf0c9903a63fd4fbf6,0.24480992555618286,0.24435290694236755,0.2447185218334198,0.24435290694236755,0.4750918745994568,0.46408355236053467,0.4728902101516724,0.46408355236053467,0.302114874124527,0.29156355559825897,0.3000046104192734,0.29156355559825897
song_52d717b9eb2516949c777c9c8731a532ce779c0eb5872d6023ce3b1b2fae8d86,success,sentiment,classifier-panel-v1,1123,3,510,585,585,3051755095da0e34bbfafa3b56619ef70112fbc543ff996d9b0c5fbf9095a5de,3051755095da0e34bbfafa3b56619ef70112fbc543ff996d9b0c5fbf9095a5de,0.30480465292930603,0.26308712363243103,0.2924450784921646,0.2630692426503395,0.44090530276298523,0.4281514088312785,0.43917067646980285,0.42816276581607965,0.3263179659843445,0.30876147747039795,0.3242719531059265,0.30876800144557326
song_11fde80db739a6f64d0a9d9b691cf7b6526c1ba2e830f676d5e4a336c17c9df8,success,sentiment,classifier-panel-v1,328,1,510,268,268,b64e0458bcdb43dd03961b4227afe5e5b6b77ffe3258c294aac2450c685a7536,b64e0458bcdb43dd03961b4227afe5e5b6b77ffe3258c294aac2450c685a7536,0.239181250333786,0.239181250333786,0.239181250333786,0.239181250333786,0.45161354541778564,0.45161354541778564,0.45161354541778564,0.45161354541778564,0.30920514464378357,0.30920514464378357,0.30920514464378357,0.30920514464378357
song_e974a41fe0c5464980062ef5bfe8c01e1fb90ce11c92a2aa9e4e4dc84512c6aa,success,sentiment,classifier-panel-v1,1168,3,510,724,724,85414987ead8d9b4f61c926b55ccfdcb6a49f5ff1013df2668efe5d1d29f9ba2,85414987ead8d9b4f61c926b55ccfdcb6a49f5ff1013df2668efe5d1d29f9ba2,0.2557451128959656,0.2438794126113256,0.25398740768432615,0.24388957160129532,0.4950440227985382,0.48628178238868713,0.49304562211036684,0.48627533334983536,0.276019424200058,0.26983880003293353,0.2744138240814209,0.2698350900605525
song_6f4dfcd36cc7c0bd6c33b7074f8be8254768e06df0d3616b1aa5940c9bcf8caa,success,sentiment,classifier-panel-v1,891,2,510,547,547,23d1a36f74ba9072d6d89587af73c4bd86e454499429160e2551d8b9f7614dd5,23d1a36f74ba9072d6d89587af73c4bd86e454499429160e2551d8b9f7614dd5,0.2004615068435669,0.19251582026481628,0.19887236952781678,0.192506902546995,0.5153762698173523,0.489645853638649,0.5102301865816117,0.48961697550601296,0.35151442885398865,0.3178383409976959,0.3447792112827301,0.3178761368314291
song_02774fe4f56b6d0a37952e7ecde8456be181bcb74ccb21de416a2aaf61e6f01c,success,sentiment,classifier-panel-v1,610,2,510,294,294,4d70fc4227138ad3717ab54a0b9660fd2c220b52ffb6acfc1330f9929bf12508,4d70fc4227138ad3717ab54a0b9660fd2c220b52ffb6acfc1330f9929bf12508,0.24722211062908173,0.2329046055674553,0.24435860961675643,0.2329046055674553,0.44643497467041016,0.4418369233608246,0.44551536440849304,0.4418369233608246,0.334977924823761,0.3252584636211395,0.3330340325832367,0.3252584636211395
song_a2b0d57e3aeceb90c67f1e0c89daa02a72b08196d8d9b1caf4efa7677c4a847b,success,sentiment,classifier-panel-v1,732,2,510,489,489,af2f35da5c1298489110ab0dc79190e6916df6d9ad3fabd1d43596b1499697e4,af2f35da5c1298489110ab0dc79190e6916df6d9ad3fabd1d43596b1499697e4,0.19766463339328766,0.18617571890354156,0.19536685049533845,0.18617571890354156,0.4858713746070862,0.4768765717744827,0.4840724140405655,0.4768765717744827,0.33944177627563477,0.3369477093219757,0.33894296288490294,0.3369477093219757
song_d8612d69df57efd627cfddf3eaa4c951f3a07bfcf200df32ff761955816080d8,success,sentiment,classifier-panel-v1,974,2,510,552,552,fd2af2006f78ad631a17c897cc8a327940afffa88b6d417b87f840aacfa48eb9,fd2af2006f78ad631a17c897cc8a327940afffa88b6d417b87f840aacfa48eb9,0.3078456521034241,0.29225586354732513,0.30472769439220426,0.29225586354732513,0.4477551579475403,0.43925145268440247,0.4460544168949127,0.43925145268440247,0.2755787968635559,0.2684926986694336,0.27416157722473145,0.2684926986694336
song_e8d12bd574eb26390ca5a7305f06d31dfc884bedad4f378b2c5bb7a1072900a6,success,sentiment,classifier-panel-v1,421,1,510,324,324,6d53e98ec61a364b62d5be781fe9c79f8fa73450d89bb21bb72dcf809ab19e87,6d53e98ec61a364b62d5be781fe9c79f8fa73450d89bb21bb72dcf809ab19e87,0.25521454215049744,0.25521454215049744,0.25521454215049744,0.25521454215049744,0.40069085359573364,0.40069085359573364,0.40069085359573364,0.40069085359573364,0.3440946340560913,0.3440946340560913,0.3440946340560913,0.3440946340560913
song_12e5afc3faa7419560ec277fc93b2f9c2313f0d785af09170a1f2f2f60c5fa8e,success,sentiment,classifier-panel-v1,869,2,510,429,429,1ccbc52d9cc7453c36f90888feb17cbcdab6b94765dcabbdb4b7fc12da846469,1ccbc52d9cc7453c36f90888feb17cbcdab6b94765dcabbdb4b7fc12da846469,0.2737181484699249,0.26193802058696747,0.27136212289333345,0.26195157654540585,0.45709070563316345,0.44561293721199036,0.45479515194892883,0.4455997291930937,0.2927514314651489,0.29244905710220337,0.29269095659255984,0.29244870914551413
song_68d640ac4fc975b64ce9e4bbc60e2ec30d3246571962c1f2a6fff343b9086273,success,sentiment,classifier-panel-v1,517,2,510,394,394,394e6cfeea32d75e0124d47fb131ef2623f23bcf1b329954b12770070541f37a,394e6cfeea32d75e0124d47fb131ef2623f23bcf1b329954b12770070541f37a,0.18977141380310059,0.18299005925655365,0.1884151428937912,0.18300317599648894,0.4027212858200073,0.3921547681093216,0.4006079822778702,0.392175206248027,0.4422030746936798,0.42485518753528595,0.43873349726200106,0.4248216326278229
song_5194b6c0df56b87df950120af2c8399eb039c29f29878b87ff284b768eb9ab5a,success,sentiment,classifier-panel-v1,1119,3,510,624,624,ece1ae6838ba480755c42cc28fb4a9ca48668ba66a2773d8b60fd099e4b0dfd7,ece1ae6838ba480755c42cc28fb4a9ca48668ba66a2773d8b60fd099e4b0dfd7,0.34749865531921387,0.3127419749895732,0.3423525750637054,0.3127419749895732,0.4794389009475708,0.4715949594974518,0.479340398311615,0.4715949594974518,0.2520945966243744,0.2156631052494049,0.2414342612028122,0.2156631052494049
song_87e53fe885bfd4484f1ebd768210f7c20f4ff3e5232d7ecb256c0eb84c118eb1,success,sentiment,classifier-panel-v1,399,1,510,260,260,2fc41a09568f02c4a616effcd8afa9e154b984cd2651876defe99ecaf91b7733,2fc41a09568f02c4a616effcd8afa9e154b984cd2651876defe99ecaf91b7733,0.17974849045276642,0.17974849045276642,0.17974849045276642,0.17974849045276642,0.4791944921016693,0.4791944921016693,0.4791944921016693,0.4791944921016693,0.3410570025444031,0.3410570025444031,0.3410570025444031,0.3410570025444031
song_d86e59f3a47090f8d0e393978a66012120bcd864bc0d5e43c29e36afd84f6bd6,success,sentiment,classifier-panel-v1,269,1,510,188,188,cc31a7d4f43dd7fe890be82eee881cbaf62fca04be0b1f3ebad810c1118241c5,cc31a7d4f43dd7fe890be82eee881cbaf62fca04be0b1f3ebad810c1118241c5,0.20577874779701233,0.20577874779701233,0.20577874779701233,0.20577874779701233,0.4024832248687744,0.4024832248687744,0.4024832248687744,0.4024832248687744,0.3917379379272461,0.3917379379272461,0.3917379379272461,0.3917379379272461
song_1f59bcb3858288796e7add8880d6482962907aa5058d20eb280e07d4e087a402,success,sentiment,classifier-panel-v1,586,2,510,436,436,9581bdef665e5aa9185183e81e3892ee8d4497d9f91c89b1363930c6fe706369,9581bdef665e5aa9185183e81e3892ee8d4497d9f91c89b1363930c6fe706369,0.27579745650291443,0.2499489039182663,0.2706277459859848,0.2499489039182663,0.48889511823654175,0.4786228835582733,0.48684067130088804,0.4786228835582733,0.3075489401817322,0.2714282050728798,0.3003247931599617,0.2714282050728798
song_135e7438aaef177afce073c2af4f316d524a74e7e8848905f85e853f7173573d,success,sentiment,classifier-panel-v1,724,2,510,600,600,01fb4d8e7b61911e57064bccce6b5b4be008be109766ccf3564d5779d234bec4,01fb4d8e7b61911e57064bccce6b5b4be008be109766ccf3564d5779d234bec4,0.2084570676088333,0.2083316072821617,0.208431975543499,0.2083316072821617,0.47452986240386963,0.4712637811899185,0.4738766461610794,0.4712637811899185,0.3237960636615753,0.3204045742750168,0.3231177657842636,0.3204045742750168
song_4f1614f26569f3e8f2b5fbcdb394c409cfc3f9fc150fbbb6f65025d66f9a2401,success,sentiment,classifier-panel-v1,502,1,510,329,329,57e0b31c66d899bfceb162db2914854bf57c85ac0db2050c3316eeecbf661923,57e0b31c66d899bfceb162db2914854bf57c85ac0db2050c3316eeecbf661923,0.24632011353969574,0.24632011353969574,0.24632011353969574,0.24632011353969574,0.42527449131011963,0.42527449131011963,0.42527449131011963,0.42527449131011963,0.3284054100513458,0.3284054100513458,0.3284054100513458,0.3284054100513458
song_1e523b8a34f3b5d309a467bfc9d134b74834090161cbaf0a73603f782ea9ee29,success,sentiment,classifier-panel-v1,417,1,510,338,338,e81e5109ddba6a6d1bbb479fe029692e6978f3d5d74fbe34b01467822f38d947,e81e5109ddba6a6d1bbb479fe029692e6978f3d5d74fbe34b01467822f38d947,0.4153466820716858,0.4153466820716858,0.4153466820716858,0.4153466820716858,0.374370276927948,0.374370276927948,0.374370276927948,0.374370276927948,0.2102830559015274,0.2102830559015274,0.2102830559015274,0.2102830559015274
song_8b956e0bcda8fd9258e29036463ab076ecd11f90f5146f347d5bb1f339a87454,success,sentiment,classifier-panel-v1,348,1,510,278,278,97df64ce2dfbaa675d904c53f110c3cdf2ce457cd6462fc256312d85f6d03160,97df64ce2dfbaa675d904c53f110c3cdf2ce457cd6462fc256312d85f6d03160,0.2164134830236435,0.2164134830236435,0.2164134830236435,0.2164134830236435,0.4646255373954773,0.4646255373954773,0.4646255373954773,0.4646255373954773,0.31896087527275085,0.31896087527275085,0.31896087527275085,0.31896087527275085
song_10f21a7ac2fc5e27711d31d4a39dd3e60c793cda1e918d41a79a3b7b83519df3,success,sentiment,classifier-panel-v1,529,2,510,384,384,462d1cfea5f79e6ab1b359c8e3fc074e24869ba6f997c6e4ddda3df0cef633db,462d1cfea5f79e6ab1b359c8e3fc074e24869ba6f997c6e4ddda3df0cef633db,0.4075307548046112,0.3910251557826996,0.4042296350002289,0.391056357293138,0.4100625514984131,0.3976692855358124,0.4075838983058929,0.3976458578118755,0.21541792154312134,0.21130558103322983,0.21459545344114303,0.21129780723264402
song_249218b68f57a8b663a85a56fc31a2ffce59bf3a4037819cb256ba761c69aa3d,success,sentiment,classifier-panel-v1,311,1,510,245,245,507b7015a896d75078cfb3873eb959913f2ab0a2f0c3891f458c4f43ab43cbdc,507b7015a896d75078cfb3873eb959913f2ab0a2f0c3891f458c4f43ab43cbdc,0.25438785552978516,0.25438785552978516,0.25438785552978516,0.25438785552978516,0.46392524242401123,0.46392524242401123,0.46392524242401123,0.46392524242401123,0.2816869020462036,0.2816869020462036,0.2816869020462036,0.2816869020462036
song_2d1e136f70b14cbd83c69d01eb86a415f2edaab314e912aa55ae921ce76f9873,success,sentiment,classifier-panel-v1,361,1,510,272,272,57f627b67ea3bce2bf8d4edede06321117ebe3d73f08f49bc170ef45a0eef517,57f627b67ea3bce2bf8d4edede06321117ebe3d73f08f49bc170ef45a0eef517,0.26998209953308105,0.26998209953308105,0.26998209953308105,0.26998209953308105,0.44681859016418457,0.44681859016418457,0.44681859016418457,0.44681859016418457,0.2831992208957672,0.2831992208957672,0.2831992208957672,0.2831992208957672
song_97dde8742e0cc2461773a6d71873bf7831160cc7b3b82fcb096f1022b4c12759,success,sentiment,classifier-panel-v1,1087,3,510,717,717,8f514804229065aae1fa66939d3392c7acde845e3368bbd98d62e5186f81c364,8f514804229065aae1fa66939d3392c7acde845e3368bbd98d62e5186f81c364,0.306802362203598,0.2884851594765981,0.3041547894477844,0.28846363551921544,0.4483705759048462,0.4308134118715922,0.44344606399536135,0.430829563816425,0.28654080629348755,0.2807014385859172,0.28577013611793517,0.280706810589328
song_a2a8832b12a9464aa23538c26dd64ffc912252f6a19c73d3b5c0ec754be945a7,success,sentiment,classifier-panel-v1,539,2,510,378,378,ccdf459101c5691850a6dbc7047f03378b9e1900f5fd44a3ccb735efafcd9b8b,ccdf459101c5691850a6dbc7047f03378b9e1900f5fd44a3ccb735efafcd9b8b,0.18504540622234344,0.15687663853168488,0.17941165268421172,0.15692889969623156,0.4405469596385956,0.4181853383779526,0.43607463538646696,0.41822682561591296,0.4754684567451477,0.42493806779384613,0.4653623789548874,0.4248443193913391
song_fcece81d4ce48c45670077783d519702d20ce3c27d5489f2eeba0f033d95faaa,success,sentiment,classifier-panel-v1,494,1,510,355,355,8e792ed3bce275dbab493c3f5a3a8a9bc8417189c688fe977f1ac13ad64ec811,8e792ed3bce275dbab493c3f5a3a8a9bc8417189c688fe977f1ac13ad64ec811,0.37800413370132446,0.37800413370132446,0.37800413370132446,0.37800413370132446,0.42184334993362427,0.42184334993362427,0.42184334993362427,0.42184334993362427,0.20015250146389008,0.20015250146389008,0.20015250146389008,0.20015250146389008
song_d92c9c969ef6faa0d0b2115b652c61268381ee491bc4f03c32990feb5a3c9e45,success,sentiment,classifier-panel-v1,1070,3,510,742,742,0287681f86be33f9e0b2ee88743f318aa6c1d0b46b0028607e852811d6fe1aca,0287681f86be33f9e0b2ee88743f318aa6c1d0b46b0028607e852811d6fe1aca,0.2770520746707916,0.2752956648667653,0.2769972920417786,0.27529869188215134,0.4387691020965576,0.4309958517551422,0.4372424304485321,0.430988587035197,0.30013909935951233,0.2937084535757701,0.29847370982170107,0.29371269128032934
song_490e143d0fd6a02b0ba3c323afbcb0dce7212b54f94f8761250dc778ada4125c,success,sentiment,classifier-panel-v1,979,2,510,647,647,96b635add3a0506821cdc6066fa681d63aac09483095c17a54012d7fc986a449,96b635add3a0506821cdc6066fa681d63aac09483095c17a54012d7fc986a449,0.2702871263027191,0.269616961479187,0.2701530933380127,0.26961627693901996,0.4275459051132202,0.4229406714439392,0.42662485837936404,0.4229359674258909,0.3127177953720093,0.3074423521757126,0.31166270673274993,0.3074477407795903
song_346bca84137dbd74e43284cf566dedc6006e063e11a233e48ad457348c6349af,success,sentiment,classifier-panel-v1,365,1,510,269,269,52ba5df07f5d9790c694577bea5db8269103ec5610fbf03f80a5c852b5a17896,52ba5df07f5d9790c694577bea5db8269103ec5610fbf03f80a5c852b5a17896,0.2784481644630432,0.2784481644630432,0.2784481644630432,0.2784481644630432,0.42307934165000916,0.42307934165000916,0.42307934165000916,0.42307934165000916,0.2984725534915924,0.2984725534915924,0.2984725534915924,0.2984725534915924
song_e2c1ed4ba63771b7e206087975fadfe2d4942fdc015891840947f04e2959c89b,success,sentiment,classifier-panel-v1,1309,3,510,828,828,5867f40386a7f9811be2f794853581a9806d3773f9625e0aa980c1f4f529402b,5867f40386a7f9811be2f794853581a9806d3773f9625e0aa980c1f4f529402b,0.3247622847557068,0.2946733931700389,0.3161089360713959,0.294660474117518,0.4302500784397125,0.4219740827878316,0.4293780982494354,0.421977074456816,0.2963474690914154,0.283352533976237,0.2947288632392883,0.2833624613521844
song_0952b517e2fef799bf238e7dc58b1371cc57ea3450759f0c13ba18c1ca658fc1,success,sentiment,classifier-panel-v1,1142,3,510,709,709,de972cfadf494f258289a3ddde387c2bf7cc2ccfe11dbd320e6c13f4824417dd,de972cfadf494f258289a3ddde387c2bf7cc2ccfe11dbd320e6c13f4824417dd,0.3688623011112213,0.2890002379814784,0.34562126398086546,0.28903206208176035,0.44451552629470825,0.41978005568186444,0.44208128452301027,0.419769053701344,0.3149985671043396,0.29121971130371094,0.31399948596954347,0.29119888918829884
song_ed5fc8c4fed301a8e973065316ce27e8c6f68575411890467a66fd5ba26d8bed,success,sentiment,classifier-panel-v1,529,2,510,360,360,cb2d682fd0ce547a3a599429332f1582c36f4a21393ba5547824d8e16c3dca08,cb2d682fd0ce547a3a599429332f1582c36f4a21393ba5547824d8e16c3dca08,0.6223961710929871,0.47835563123226166,0.593588063120842,0.47808334287713744,0.4164130687713623,0.3485388904809952,0.40283823311328887,0.34866719705621324,0.24927178025245667,0.1731054037809372,0.2340385049581528,0.1732493855890119
song_34d6442d537339653898feaa82efde7ab052800a222946d57c2706fc09340503,success,sentiment,classifier-panel-v1,460,1,510,347,347,1521ae1783d6dc51715fa59555f1f873e7b5cdc7e178135a26f0d6cf1ea9aaf5,1521ae1783d6dc51715fa59555f1f873e7b5cdc7e178135a26f0d6cf1ea9aaf5,0.3294091522693634,0.3294091522693634,0.3294091522693634,0.3294091522693634,0.41262951493263245,0.41262951493263245,0.41262951493263245,0.41262951493263245,0.25796133279800415,0.25796133279800415,0.25796133279800415,0.25796133279800415
song_58d6b7d9f8c8feebefe6c1f2e0edad83f12c28ca40a88354a70bf690997c68a2,success,sentiment,classifier-panel-v1,490,1,510,376,376,92931111a3c746df0ddf0ca714379d906b7b4ab525849615801e90c2f979d464,92931111a3c746df0ddf0ca714379d906b7b4ab525849615801e90c2f979d464,0.2619737982749939,0.2619737982749939,0.2619737982749939,0.2619737982749939,0.46237173676490784,0.46237173676490784,0.46237173676490784,0.46237173676490784,0.2756544351577759,0.2756544351577759,0.2756544351577759,0.2756544351577759
song_9dbb323d50307798742301129921ec5b11ae34a454a7ed4fbbd105278a4e07c1,success,sentiment,classifier-panel-v1,688,2,510,422,422,498912130234e2077b24460304ec0eb1eaf183f83a56fb0d509f34148e439803,498912130234e2077b24460304ec0eb1eaf183f83a56fb0d509f34148e439803,0.25604307651519775,0.25602424144744873,0.25603930950164794,0.25602424144744873,0.44702059030532837,0.44053858518600464,0.4457241892814636,0.44053858518600464,0.30990031361579895,0.30343717336654663,0.3086076855659485,0.30343717336654663
song_cba5c90b4d96ba8398dbcda9b64df8f65f27556d422548e4fd0f85d665ffee84,success,sentiment,classifier-panel-v1,346,1,510,261,261,0f0c5d0e94f85af902c8bf5673de845e78be61fd175ba2a81356375dccfa9d9f,0f0c5d0e94f85af902c8bf5673de845e78be61fd175ba2a81356375dccfa9d9f,0.4102151095867157,0.4102151095867157,0.4102151095867157,0.4102151095867157,0.36817219853401184,0.36817219853401184,0.36817219853401184,0.36817219853401184,0.22161264717578888,0.22161264717578888,0.22161264717578888,0.22161264717578888
song_f1d664029f6e73d8332f2a5ef74f4733ea56bbd946340d01b4c5169b617c7d8f,success,sentiment,classifier-panel-v1,334,1,510,223,223,707a7a4c8a8e2384fa24660f0cd87e8469667ce63eabf893bcbc4d64ce4d749e,707a7a4c8a8e2384fa24660f0cd87e8469667ce63eabf893bcbc4d64ce4d749e,0.2879110872745514,0.2879110872745514,0.2879110872745514,0.2879110872745514,0.38752472400665283,0.38752472400665283,0.38752472400665283,0.38752472400665283,0.32456424832344055,0.32456424832344055,0.32456424832344055,0.32456424832344055
song_9516d36aedd98b099b12edb7e8583f29c12aa762b3a6497bc93b0b23acf9f418,success,sentiment,classifier-panel-v1,1141,3,510,763,763,923c9d18597ae9bf98accaaef9ce0350303a7a5d7da2786c1a43e1175aae3f07,923c9d18597ae9bf98accaaef9ce0350303a7a5d7da2786c1a43e1175aae3f07,0.4661649763584137,0.4135075906912486,0.45944222807884216,0.413444750174214,0.4162878394126892,0.380848487218221,0.40613808035850524,0.38087954712373767,0.24190551042556763,0.20564388732115427,0.23487043678760527,0.20567566788478653
song_cffa8f01b4504b05fce295326727af806635a4c532bd69e16f74e64a773bfaf9,success,sentiment,classifier-panel-v1,538,2,510,407,407,dfff6295d42447d8fbc43753581b443868a40863987eb0f7fd91cce37dc88175,dfff6295d42447d8fbc43753581b443868a40863987eb0f7fd91cce37dc88175,0.2908500134944916,0.2624853402376175,0.28517707884311677,0.2624853402376175,0.44903165102005005,0.4466196596622467,0.4485492527484894,0.4466196596622467,0.32167166471481323,0.2908950299024582,0.3155163377523422,0.2908950299024582
song_5b6151e450109eb89d22335df7f3d97858a0b0d0e06a7b9670968701042ab43e,success,sentiment,classifier-panel-v1,902,2,510,616,616,73dcfe41835d5c2ae3b7804869eaa40ac2e76b106689b5d585a75232e55b1270,73dcfe41835d5c2ae3b7804869eaa40ac2e76b106689b5d585a75232e55b1270,0.31624138355255127,0.3146612346172333,0.3159253537654877,0.3146612346172333,0.44320395588874817,0.42377521097660065,0.4393182069063187,0.42377521097660065,0.2794121503829956,0.2615635469555855,0.2758424296975136,0.2615635469555855
song_664173d13f04a2a5f88c02ccd3d38716d26298f2fac6ddfcf6de0871346f004e,success,sentiment,classifier-panel-v1,1017,2,510,649,649,a68507300ddffd3b9127b4e8b48fc0ba18b73bb9f9506566f07c5f109d5bd750,a68507300ddffd3b9127b4e8b48fc0ba18b73bb9f9506566f07c5f109d5bd750,0.49935483932495117,0.4498402178287506,0.48945191502571106,0.44979153088529317,0.36293092370033264,0.34809452295303345,0.3599636435508728,0.3481091113510151,0.23674345016479492,0.20206522196531296,0.22980780452489852,0.2020993205181148
song_90fa6eda34632da86df5a152c10fd3e9b281052a2a3c6c568a90c8d9a6627b50,success,sentiment,classifier-panel-v1,597,2,510,389,389,7284d6b9a7843bc15021d573dc6807d4f8654be6c7043992c5be0829bb5d684d,7284d6b9a7843bc15021d573dc6807d4f8654be6c7043992c5be0829bb5d684d,0.1995164006948471,0.19375430047512054,0.1983639806509018,0.19376395223428255,0.45128750801086426,0.45060160756111145,0.4511503279209137,0.45060275647308756,0.36209213733673096,0.3556441217660904,0.36080253422260283,0.3556333210699922
song_bf360f56da3572e8620b9132cd3751862eec7362dcce1703b91d8655dd4c76b3,success,sentiment,classifier-panel-v1,402,1,510,287,287,143ba3004e847875a9a8afca8d9e6608f67773c1caf187da45f9bf4570f27d82,143ba3004e847875a9a8afca8d9e6608f67773c1caf187da45f9bf4570f27d82,0.3047352433204651,0.3047352433204651,0.3047352433204651,0.3047352433204651,0.4283720552921295,0.4283720552921295,0.4283720552921295,0.4283720552921295,0.26689276099205017,0.26689276099205017,0.26689276099205017,0.26689276099205017
song_7b39fa8565b77206c6f3d1bb4aa7b3ff89f36a80a58190cf6714a3a2ce1ba216,success,sentiment,classifier-panel-v1,398,1,510,263,263,e49a07d7cb2bc1cea1b3bf06b29d2ea0a3bf48231381230b778be27cfed8c14a,e49a07d7cb2bc1cea1b3bf06b29d2ea0a3bf48231381230b778be27cfed8c14a,0.25455814599990845,0.25455814599990845,0.25455814599990845,0.25455814599990845,0.4302690029144287,0.4302690029144287,0.4302690029144287,0.4302690029144287,0.31517285108566284,0.31517285108566284,0.31517285108566284,0.31517285108566284
song_57b6fb5de42d0b76a982ad6d6b780aa368d65adfecd872c1522c7c3660a04cb4,success,sentiment,classifier-panel-v1,406,1,510,287,287,2a1cbd8ba1febade322795616e7c03696b175c24cbbc68aa00cceea3136f42d5,2a1cbd8ba1febade322795616e7c03696b175c24cbbc68aa00cceea3136f42d5,0.3402954638004303,0.3402954638004303,0.3402954638004303,0.3402954638004303,0.40562498569488525,0.40562498569488525,0.40562498569488525,0.40562498569488525,0.25407952070236206,0.25407952070236206,0.25407952070236206,0.25407952070236206
song_341d5e61c3771b2583160580b52ebf1a8e95798d167c3120383be6d5c367dcd6,success,sentiment,classifier-panel-v1,472,1,510,309,309,d38187f87450181baaa04b673014ad72b552e6a6b1ed0343f1a2528c50b44acc,d38187f87450181baaa04b673014ad72b552e6a6b1ed0343f1a2528c50b44acc,0.26590368151664734,0.26590368151664734,0.26590368151664734,0.26590368151664734,0.428729772567749,0.428729772567749,0.428729772567749,0.428729772567749,0.305366575717926,0.305366575717926,0.305366575717926,0.305366575717926
song_c0eeb4729f1ae33d58424899c3c15392241f8e296e88cad503bcb8fe60060eed,success,sentiment,classifier-panel-v1,838,2,510,529,529,825aed9c3ddaacfe2ec7af2790bd49e976e997f4c94ce36e7be314b7c097ac56,825aed9c3ddaacfe2ec7af2790bd49e976e997f4c94ce36e7be314b7c097ac56,0.34779447317123413,0.3252752423286438,0.34329062700271606,0.3252752423286438,0.42538443207740784,0.42172035574913025,0.42465161681175234,0.42172035574913025,0.2791876494884491,0.25300440192222595,0.27395099997520445,0.25300440192222595
song_cb60240680fd61f42fe313701e8d2b29be19573c172c701900be7999b84fb987,success,sentiment,classifier-panel-v1,290,1,510,208,208,0434f473634fc26d2e9246d9109d6ea91657543f2445646e85edf53fc0fd7f5a,0434f473634fc26d2e9246d9109d6ea91657543f2445646e85edf53fc0fd7f5a,0.2768439054489136,0.2768439054489136,0.2768439054489136,0.2768439054489136,0.46406078338623047,0.46406078338623047,0.46406078338623047,0.46406078338623047,0.25909528136253357,0.25909528136253357,0.25909528136253357,0.25909528136253357
song_685e4dd20b5670c8c388340a9c8da88eade91a4734f2035e159fd6818dcb01ff,success,sentiment,classifier-panel-v1,389,1,510,277,277,5e2fef94d09821a13dfe35e2896fd5a72c16694ba3702d93cf32b121632f4a31,5e2fef94d09821a13dfe35e2896fd5a72c16694ba3702d93cf32b121632f4a31,0.2812710702419281,0.2812710702419281,0.2812710702419281,0.2812710702419281,0.423035591840744,0.423035591840744,0.423035591840744,0.423035591840744,0.29569336771965027,0.29569336771965027,0.29569336771965027,0.29569336771965027
