song_id,title,artist,first_chart_date,best_rank,weekly_rows,period,sample_role,sample_stratum,primary_genre,mapped_genres,primary_candidates,genre_confidence,genre_source,genre_ambiguous,disposition
song_028b67eff4d0dacafc43578a5cb5f20a3d81d5c10e714d60b22e9c384905e577,It's Getting Better,Mama Cass,1969-06-07,30,19,1958–1969,stratified_hash,lower_simple,,"[""Pop"", ""Rock"", ""Folk / Singer-Songwriter""]","[""Pop"", ""Rock"", ""Folk / Singer-Songwriter""]",direct_song_multiple,"[""MusicBrainz/recording""]",true,ambiguous
song_060dc11b7add4128787a3e797588e995c8c30d9d761250d7d66dbda9fb2f34fd,Let Me,Paul Revere & The Raiders Featuring Mark Lindsay,1969-05-17,20,12,1958–1969,stratified_hash,high_complex,,[],[],insufficient_evidence,[],false,insufficient_evidence
song_16e696fd68d9cd43c6c58ce1e39caf3ce131ea4d63565414650b5823739961a6,My Cup Runneth Over,Ed Ames,1967-01-21,8,13,1958–1969,stratified_hash,high_simple,,"[""Pop"", ""Jazz / Blues""]","[""Pop"", ""Jazz / Blues""]",direct_song_multiple,"[""MusicBrainz/recording""]",true,ambiguous
song_24efbab109321c526d44623d85350b55b66695d5c7d7baadbe79d554aba62c02,I Am A Rock,Simon & Garfunkel,1966-05-07,3,11,1958–1969,stratified_hash,high_complex,,"[""Pop"", ""Rock"", ""Folk / Singer-Songwriter""]","[""Pop"", ""Rock"", ""Folk / Singer-Songwriter""]",direct_song_multiple,"[""MusicBrainz/recording""]",true,ambiguous
song_26dc8b6a55362935b770a92681be528031e1eae60d47b21f5bbe20b9a2398b27,White Bucks And Saddle Shoes,"Bobby Pedrick, Jr.",1958-11-10,74,4,1958–1969,stratified_hash,lower_complex,,[],[],insufficient_evidence,[],false,insufficient_evidence
song_2a3f18e665154675d0a7dffb315d109304ace7c807661eb1dd640c074127b597,Gone With The Wind,The Duprees featuring Joey Vann,1963-03-23,89,2,1958–1969,stratified_hash,lower_complex,,[],[],insufficient_evidence,[],false,insufficient_evidence
song_2d1c4e54ff3b4fea69b44bc5076c5c2e707dc6f2834e4bef86e57b071425eda2,Can't Help Falling In Love,Elvis Presley With The Jordanaires,1961-12-04,2,14,1958–1969,challenge,predeclared_identity,,"[""Pop"", ""Rock"", ""R&B / Soul"", ""Country"", ""Jazz / Blues""]","[""Pop"", ""Rock"", ""Country"", ""Jazz / Blues""]",direct_song_multiple,"[""MusicBrainz/recording""]",true,ambiguous
song_2ed2aa20387869c523a11fcf2e952b641ae342c440e04c132e5a4ae001586f68,Strawberry Fields Forever,The Beatles,1967-02-25,8,9,1958–1969,stratified_hash,high_simple,,"[""Pop"", ""Rock"", ""Alternative / Indie"", ""Folk / Singer-Songwriter""]","[""Pop"", ""Rock"", ""Alternative / Indie"", ""Folk / Singer-Songwriter""]",direct_song_multiple,"[""MusicBrainz/recording""]",true,ambiguous
song_30d830a95ffb8c7322352dd1f2121a5deea8394105665f02987fe06fa0a7b146,In And Out Of Love,Diana Ross & The Supremes,1967-11-11,9,8,1958–1969,stratified_hash,high_complex,,[],[],insufficient_evidence,[],false,insufficient_evidence
song_3bdcd0c52b13009a6dc8b41cff8ae72333763ec0677acbdc762853aba365b808,The Christmas Song (Merry Christmas To You),Nat King Cole,1960-12-12,9,41,1958–1969,challenge,predeclared_identity,Jazz / Blues,"[""Jazz / Blues""]","[""Jazz / Blues""]",direct_single_category,"[""MusicBrainz/recording""]",false,confident_primary
song_445ce019f72fefe5e322a604f3bf07c182e78c35bce0cb59086d3947a50d1916,Let Me In,The Sensations,1962-01-06,4,18,1958–1969,stratified_hash,high_simple,,"[""Pop"", ""Rock"", ""R&B / Soul""]","[""Pop"", ""Rock"", ""R&B / Soul""]",direct_song_multiple,"[""MusicBrainz/recording""]",true,ambiguous
song_4cb54b97100b0ade394443db61aa06f42d537f01c415850565bbfe9703033fa1,But You're Mine,Sonny & Cher,1965-10-09,15,8,1958–1969,stratified_hash,high_complex,,"[""Pop"", ""Rock"", ""Folk / Singer-Songwriter""]","[""Pop"", ""Rock"", ""Folk / Singer-Songwriter""]",direct_song_multiple,"[""MusicBrainz/recording""]",true,ambiguous
song_50ea809b682afcab684a2f64fcfd5e86c3286489df4267129108b5b8893a4bf8,Like A Rolling Stone,Bob Dylan,1965-07-24,2,12,1958–1969,challenge,predeclared_identity,,[],[],insufficient_evidence,[],false,insufficient_evidence
song_5a5cd16abaf07246bb5337c8d24388917029f3347ac3b755d00e4df427018642,Unwind,Ray Stevens,1968-04-20,52,9,1958–1969,stratified_hash,lower_simple,Other,"[""Other""]","[""Other""]",direct_song_other,"[""MusicBrainz/recording""]",false,Other
song_629b0d4543a0482a9145a0a75efd8b0f3e2bef536b05e6cb73fc5f7bfd4678c7,Hey Jude,The Beatles,1968-09-14,1,19,1958–1969,challenge,predeclared_identity,,[],[],insufficient_evidence,[],false,insufficient_evidence
song_668e1c837e70335057966ef9022aa46903d6bff58e6d73e7b6f7915fc63068ea,I Say A Little Prayer,Dionne Warwick,1967-10-21,4,13,1958–1969,stratified_hash,high_simple,,"[""Pop"", ""R&B / Soul""]","[""Pop"", ""R&B / Soul""]",direct_song_multiple,"[""MusicBrainz/recording""]",true,ambiguous
song_6ff9b0c852e2518543efdeb12a8d461bb12cb1f08d87f7f3872960d2d742929e,For Your Love,Peaches & Herb,1967-06-24,20,8,1958–1969,stratified_hash,high_complex,,[],[],insufficient_evidence,[],false,insufficient_evidence
song_73b40b15d3b45f0c98be8d98a129aba8643ee30debd13459cb14af3b50a77fc2,Born To Be Together,The Ronettes Featuring Veronica,1965-02-06,52,6,1958–1969,stratified_hash,lower_complex,,[],[],insufficient_evidence,[],false,insufficient_evidence
song_73bb6d17dc79b2d3de5b3da5aa9c9bac42813c975b368517a5f7e28fdd76e1c6,"Hold Me, Thrill Me, Kiss Me",Mel Carter,1965-06-26,8,15,1958–1969,stratified_hash,high_simple,,"[""Pop"", ""Rock"", ""R&B / Soul""]","[""Pop"", ""Rock"", ""R&B / Soul""]",direct_song_multiple,"[""MusicBrainz/recording""]",true,ambiguous
song_7e30c1693734863a0fecc8328bf158f36c0fedb96ad6b1a253efba966bc482af,The Guns Of Navarone,Joe Reisman Orch. & Chorus,1961-07-03,74,6,1958–1969,stratified_hash,lower_complex,,[],[],insufficient_evidence,[],false,insufficient_evidence
song_8158e07affce61a84c99ebed07534c0f6019552dbe832198ce67ea9249e440a1,Magic Bus,The Who,1968-08-10,25,9,1958–1969,stratified_hash,high_simple,,"[""Pop"", ""Rock""]","[""Pop"", ""Rock""]",direct_song_multiple,"[""MusicBrainz/recording""]",true,ambiguous
song_8936beed86b606746a65e7de1ea3473e11e31d2fc09384aa661b1ead1ee7a958,Ragtime Cowboy Joe,David Seville And The Chipmunks,1959-07-06,16,9,1958–1969,stratified_hash,high_simple,,[],[],insufficient_evidence,[],false,insufficient_evidence
song_8c13d8e4ead4fff60549ddec575dad40428747a694cb844f51a73e2e59e443e1,Respect,Aretha Franklin,1967-04-29,1,12,1958–1969,challenge,predeclared_identity,,"[""Pop"", ""Rock"", ""R&B / Soul"", ""Electronic / Dance"", ""Jazz / Blues"", ""Gospel / Christian""]","[""Pop"", ""Rock"", ""R&B / Soul"", ""Electronic / Dance"", ""Jazz / Blues"", ""Gospel / Christian""]",direct_song_multiple,"[""MusicBrainz/recording""]",true,ambiguous
song_93453d409a96d8f78369eb43dc255b21d443e13e1174b122423df51224dffc7f,Bumble Boogie,B. Bumble & The Stingers,1961-03-27,21,10,1958–1969,stratified_hash,high_complex,Pop,"[""Pop""]","[""Pop""]",direct_single_category,"[""MusicBrainz/recording""]",false,confident_primary
song_93ffbffb101107a168a13a3e0c8f634e285c79e062bbc219d32c33e03bb8c2e9,I've Got You Under My Skin,"The 4 Seasons Featuring the ""Sound of Frankie Valli""",1966-09-03,9,10,1958–1969,stratified_hash,high_complex,,[],[],insufficient_evidence,[],false,insufficient_evidence
song_940fad53a151dbed140e4f3434e01f801e7bf9f6c2bc8ab11087d241736bfade,Folsom Prison Blues,Johnny Cash,1968-05-25,32,12,1958–1969,challenge,predeclared_identity,,"[""Rock"", ""Country"", ""Other""]","[""Rock"", ""Country"", ""Other""]",direct_song_multiple,"[""MusicBrainz/recording""]",true,ambiguous
song_9a06fb279bf9a89ed1a79eccc04ee6dd680a707912152979014ba32ccadf8d7c,True Love Goes On And On,Burl Ives,1963-12-28,66,6,1958–1969,stratified_hash,lower_simple,,[],[],insufficient_evidence,[],false,insufficient_evidence
song_a73f4a1e918dc6431ddb2809e2380a71c7f7e67fc93d2e4a2b9d8ffb22939957,Searching For My Love,Bobby Moore & The Rhythm Aces,1966-06-25,27,10,1958–1969,stratified_hash,lower_complex,,"[""R&B / Soul"", ""Jazz / Blues""]","[""R&B / Soul"", ""Jazz / Blues""]",direct_song_multiple,"[""MusicBrainz/recording""]",true,ambiguous
song_ad441ca7d322688fff5b1fcb0977b786e5d613405e7dd3e05f181c5f4a2ebe6c,I Fall To Pieces,Patsy Cline,1961-05-22,12,20,1958–1969,challenge,predeclared_identity,Country,"[""Country""]","[""Country""]",direct_single_category,"[""MusicBrainz/recording""]",false,confident_primary
song_aec5a72fd688d3465643aa325e35349fa4c0a9a062230772a3e5b5fab3bd2dac,"Hello, Dolly!",Louis Armstrong And The All Stars,1964-02-15,1,22,1958–1969,challenge,predeclared_identity,,[],[],insufficient_evidence,[],false,insufficient_evidence
song_c175234ba4926133ea1ec08dc7971e3446004ae13bd450e4937342dcfc6bf077,I Heard It Through The Grapevine,Marvin Gaye,1968-11-23,1,15,1958–1969,challenge,predeclared_identity,,"[""Pop"", ""Rock"", ""R&B / Soul"", ""Electronic / Dance"", ""Folk / Singer-Songwriter"", ""Jazz / Blues""]","[""Pop"", ""Rock"", ""R&B / Soul"", ""Electronic / Dance"", ""Folk / Singer-Songwriter"", ""Jazz / Blues""]",direct_song_multiple,"[""MusicBrainz/recording""]",true,ambiguous
song_c2323b9e47eab153d711d44265202472690a9f40cf73dd661a760a411a7d6881,Lullaby Of The Leaves,The Ventures,1961-04-24,69,5,1958–1969,stratified_hash,lower_simple,Rock,"[""Rock""]","[""Rock""]",direct_single_category,"[""MusicBrainz/recording""]",false,confident_primary
song_c4f95aead5807b52c56cba34e9acfbc88854c733b89694efb33be04f6ad69b22,You're All I Need To Get By,Marvin Gaye & Tammi Terrell,1968-07-27,7,12,1958–1969,stratified_hash,high_complex,,"[""Pop"", ""R&B / Soul"", ""Electronic / Dance"", ""Jazz / Blues"", ""Other""]","[""Pop"", ""R&B / Soul"", ""Electronic / Dance"", ""Jazz / Blues"", ""Other""]",direct_song_multiple,"[""MusicBrainz/recording""]",true,ambiguous
song_c621cfa245241f1ede4d5a3c0552e33fcf76bcfd4ccb6daa72e3ad013b3d4fa0,I Can't Stop Loving You,Ray Charles,1962-05-05,1,18,1958–1969,challenge,predeclared_identity,,"[""Pop"", ""Rock"", ""R&B / Soul"", ""Country"", ""Jazz / Blues""]","[""Pop"", ""Rock"", ""R&B / Soul"", ""Country"", ""Jazz / Blues""]",direct_song_multiple,"[""MusicBrainz/recording""]",true,ambiguous
song_cc5ce6c98fc57312fa8a144e7462d65b9b5ae8ca6cc853bedbe8b519dd873199,Popsicle,Jan & Dean,1966-06-04,21,9,1958–1969,stratified_hash,high_complex,,"[""Pop"", ""Rock""]","[""Pop"", ""Rock""]",direct_song_multiple,"[""MusicBrainz/recording""]",true,ambiguous
song_d1144e651a7db9b1bfac074c20e133c378ff0d99c0fb41156bb1677cb1b254a3,Over And Over,Bobby Day,1958-08-04,41,11,1958–1969,stratified_hash,lower_simple,,"[""Pop"", ""Rock"", ""R&B / Soul""]","[""Pop"", ""Rock"", ""R&B / Soul""]",direct_song_multiple,"[""MusicBrainz/recording""]",true,ambiguous
song_de9170e8e62446f52437643bfd1b1dd47bc4b8293c7035f8888c5d679cef5cd8,Malayisha,Miriam Makeba,1968-01-27,85,3,1958–1969,stratified_hash,lower_simple,,[],[],insufficient_evidence,[],false,insufficient_evidence
song_e7596f71fad310e3384ab9a0df8120cb2ce653ad3264358626692a1741761575,That Old Black Magic,Louis Prima And Keely Smith,1958-11-03,18,13,1958–1969,stratified_hash,high_simple,,[],[],insufficient_evidence,[],false,insufficient_evidence
song_e8c3fc6c6e1f765fc422070358b4fa4e705e746857c034d5ed2a511db646b411,Two Little Kids,Peaches & Herb,1967-12-16,31,8,1958–1969,stratified_hash,lower_complex,,[],[],insufficient_evidence,[],false,insufficient_evidence
song_f02e6d705e7faa04e469d80e3875be41a76646cc7117a1e563c8811c46ecdd25,Everybody Go Home,Eydie Gorme,1963-09-28,80,6,1958–1969,stratified_hash,lower_simple,,[],[],insufficient_evidence,[],false,insufficient_evidence
song_f3127d6f2653bb27e9426e1083bd85ecb0d3b2608413c997eac86dc7d49c2c33,Nothing But A Heartache,The Flirtations,1969-03-08,34,14,1958–1969,stratified_hash,lower_simple,,"[""Pop"", ""Rock"", ""R&B / Soul""]","[""Pop"", ""Rock"", ""R&B / Soul""]",direct_song_multiple,"[""MusicBrainz/recording""]",true,ambiguous
song_f76892d12f16a2d9727e93081b21c664219f86bdf6a5618dfe5e5430c6304c39,How Much Is That Doggie In The Window,Baby Jane & The Rockabyes,1963-01-05,69,7,1958–1969,stratified_hash,lower_complex,,[],[],insufficient_evidence,[],false,insufficient_evidence
song_f9ddcd2f7850ac896c1cdb787d553b63fe78a5f64c8ff1f0fb8e2e7cf7641e9c,3rd Man Theme,Herb Alpert & The Tijuana Brass,1965-09-11,47,6,1958–1969,stratified_hash,lower_complex,Jazz / Blues,"[""Jazz / Blues""]","[""Jazz / Blues""]",direct_single_category,"[""MusicBrainz/recording""]",false,confident_primary
song_002cebf313bfd5ccfd563b8ec75fc04cee875e3417d9f4c8bca42ea377016acf,Let's Stay Together,Al Green,1971-12-04,1,16,1970s,challenge,predeclared_identity,,"[""Pop"", ""Rock"", ""R&B / Soul"", ""Gospel / Christian""]","[""Pop"", ""Rock"", ""R&B / Soul"", ""Gospel / Christian""]",direct_song_multiple,"[""MusicBrainz/recording""]",true,ambiguous
song_0050e9d05142c2d786c174ac2995d68359d3baf91ecc3e0721b537c1a862f2b5,Shop Around,Captain & Tennille,1976-05-01,4,16,1970s,stratified_hash,high_complex,,"[""Pop"", ""Rock""]","[""Pop"", ""Rock""]",direct_song_multiple,"[""MusicBrainz/recording""]",true,ambiguous
song_19040092205d3feb4d178cbe74d18bda4787d5448c09f69153ffea46e08bcf89,Loves Me Like A Rock,Paul Simon (with The Dixie Hummingbirds),1973-08-04,2,16,1970s,stratified_hash,high_complex,,[],[],insufficient_evidence,[],false,insufficient_evidence
song_1985fbb14162f23d0ec051eb0157e2c55e0c8d76996d843cda4235b8a78e7770,Am I Losing You,The Partridge Family Starring Shirley Jones Featuring David Cassidy,1972-04-01,59,7,1970s,stratified_hash,lower_complex,,[],[],insufficient_evidence,[],false,insufficient_evidence
song_1edc9ee2c1313527512753fbe3059a0e098868e4936cb446f457243ded08c641,The Proud One,The Osmonds,1975-07-26,22,11,1970s,stratified_hash,high_simple,,[],[],insufficient_evidence,[],false,insufficient_evidence
song_1f3dbe6945ae1849e0479aa13b2ac79769d21af4419b277f92c42de038a0a958,Jolene,Dolly Parton,1974-01-26,16,11,1970s,challenge,predeclared_identity,,"[""Pop"", ""Rock"", ""R&B / Soul"", ""Country"", ""Electronic / Dance"", ""Alternative / Indie"", ""Reggae / Dancehall""]","[""Pop"", ""Rock"", ""R&B / Soul"", ""Country"", ""Electronic / Dance"", ""Alternative / Indie"", ""Reggae / Dancehall""]",direct_song_multiple,"[""MusicBrainz/recording""]",true,ambiguous
song_24164efd3f2d22778eb4eab6353b9b9ed123b05ad83f45ca5640b7a222cf442c,Do That To Me One More Time,Captain & Tennille,1979-10-20,1,27,1970s,stratified_hash,high_complex,,"[""Pop"", ""Rock"", ""Electronic / Dance""]","[""Pop"", ""Rock"", ""Electronic / Dance""]",direct_song_multiple,"[""MusicBrainz/recording""]",true,ambiguous
song_28b4426f51f1f2cc6730922e3c34e8e95143dbe74e1769867c3272ed2c5aa4b0,Beautiful,Gordon Lightfoot,1972-05-27,58,11,1970s,stratified_hash,lower_simple,,"[""Rock"", ""Folk / Singer-Songwriter""]","[""Rock"", ""Folk / Singer-Songwriter""]",direct_song_multiple,"[""MusicBrainz/recording""]",true,ambiguous
song_2bda53214f9966fed82b2cfd364d0f25aea14669dd309b4769d644cf34984590,Wasted Days And Wasted Nights,Freddy Fender,1975-06-21,8,19,1970s,stratified_hash,high_simple,,"[""Pop"", ""Country"", ""Latin""]","[""Pop"", ""Country"", ""Latin""]",direct_song_multiple,"[""MusicBrainz/recording""]",true,ambiguous
song_32e956d7ab212c9ce517184027a9a0a8b2814bdb25f7a4247e9ce8d1d8d33ba2,Baby Face,The Wing And A Prayer Fife & Drum Corps.,1975-11-15,14,20,1970s,stratified_hash,high_complex,,[],[],insufficient_evidence,[],false,insufficient_evidence
song_38d0d5e2405fe078b549574ae439493921f67afb2d9feecd05fb20b169cf6d21,Fooling Yourself (The Angry Young Man),Styx,1978-02-18,29,14,1970s,stratified_hash,lower_simple,,"[""Pop"", ""Rock""]","[""Pop"", ""Rock""]",direct_song_multiple,"[""MusicBrainz/recording""]",true,ambiguous
song_39375ca8645940f567abf4345620082624c58e91c34775b6c23ffb31694a8c68,My Mistake (Was To Love You),Diana Ross & Marvin Gaye,1974-02-23,19,16,1970s,stratified_hash,high_complex,,"[""R&B / Soul"", ""Electronic / Dance"", ""Jazz / Blues""]","[""R&B / Soul"", ""Electronic / Dance"", ""Jazz / Blues""]",direct_song_multiple,"[""MusicBrainz/recording""]",true,ambiguous
song_3d3d6dbe6afb23cfdf8bdb56ae16f1238644091c6091cfea602a92f3ec0a978e,Stayin' Alive,Bee Gees,1977-12-10,1,27,1970s,challenge,predeclared_identity,,"[""Pop"", ""Rock"", ""R&B / Soul"", ""Electronic / Dance""]","[""Pop"", ""Rock"", ""R&B / Soul"", ""Electronic / Dance""]",direct_song_multiple,"[""MusicBrainz/recording""]",true,ambiguous
song_3eb736395cef262f74b3ad8d05022ba5e4433e4f2bec3cf292bbd0b625834420,Right On The Tip Of My Tongue,Brenda & The Tabulations,1971-04-03,23,13,1970s,stratified_hash,high_complex,,"[""Pop"", ""R&B / Soul""]","[""Pop"", ""R&B / Soul""]",direct_song_multiple,"[""MusicBrainz/recording""]",true,ambiguous
song_3f03586f6e4f59f31fb4a4e5f6fb42e49d0ef36328eefef2164e31fd1299a1d0,We Are Family,Sister Sledge,1979-04-28,2,19,1970s,stratified_hash,high_simple,,"[""Pop"", ""R&B / Soul"", ""Electronic / Dance""]","[""Pop"", ""R&B / Soul"", ""Electronic / Dance""]",direct_song_multiple,"[""MusicBrainz/recording""]",true,ambiguous
song_4e595dae396b8c8d6e617d22ebdf96eefd808ddb3b2d50663c0b96ba1809faae,(I'd Know You) Anywhere,Ashford & Simpson,1974-01-19,88,3,1970s,stratified_hash,lower_complex,,[],[],insufficient_evidence,[],false,insufficient_evidence
song_5ad09d487797f0b25f25cdc057d4daa9cb0603c8b37b8df55625112d6156b849,(Where Do I Begin) Love Story,Andy Williams,1971-02-06,9,13,1970s,stratified_hash,high_simple,,"[""Pop"", ""Rock"", ""Country"", ""Jazz / Blues""]","[""Pop"", ""Rock"", ""Jazz / Blues""]",direct_song_multiple,"[""MusicBrainz/recording""]",true,ambiguous
song_5e9d56ea52c8601c01e9cf8d9fd2bd6f0a930bf45253398ac70c44f51b0a151a,After The Fire Is Gone,Conway Twitty & Loretta Lynn,1971-02-27,56,6,1970s,stratified_hash,lower_complex,,[],[],insufficient_evidence,[],false,insufficient_evidence
song_639236f08751918a54e00145b6568f9160f21fa48d26f56900bbb63f0929d0ed,Money,Gladys Knight And The Pips,1975-08-30,50,7,1970s,stratified_hash,lower_simple,R&B / Soul,"[""R&B / Soul""]","[""R&B / Soul""]",direct_single_category,"[""MusicBrainz/recording""]",false,confident_primary
song_66e3a32dd4604c4c4bb2490dafb9a9780fa010bf35d988f55be64637d260d37a,Viva Tirado - Part I,El Chicano,1970-04-11,28,9,1970s,stratified_hash,lower_simple,,[],[],insufficient_evidence,[],false,insufficient_evidence
song_728925dc4a3c8dbfe9f3246dffa5d6a5f5ae65ef8637ee88e521237fad75a8da,Don't Want To Live Without It,Pablo Cruise,1978-09-16,21,16,1970s,stratified_hash,high_simple,,"[""Pop"", ""Rock""]","[""Pop"", ""Rock""]",direct_song_multiple,"[""MusicBrainz/recording""]",true,ambiguous
song_742fc69cd022eaa7d7848ef7d0f19c376f6066375afb8ab3c555783ca991326c,Can't Stop Dancin',Captain & Tennille,1977-03-19,13,12,1970s,stratified_hash,high_complex,Pop,"[""Pop""]","[""Pop""]",direct_single_category,"[""MusicBrainz/recording""]",false,confident_primary
song_743651acd80309a38ef51ee4e42f7dc5e9cd9a4d8a66440fa563b76e7a855478,Feels So Good,Chuck Mangione,1978-02-11,4,25,1970s,challenge,predeclared_identity,,"[""Pop"", ""Latin"", ""Electronic / Dance"", ""Jazz / Blues""]","[""Pop"", ""Latin"", ""Electronic / Dance"", ""Jazz / Blues""]",direct_song_multiple,"[""MusicBrainz/recording""]",true,ambiguous
song_7af106e9903c0d3166b0e4713f04b5f19e9fd66ab7805f1e45bfa0eb60c7eb4c,Some Guys Have All The Luck,The Persuaders,1973-11-03,39,11,1970s,stratified_hash,lower_simple,R&B / Soul,"[""R&B / Soul""]","[""R&B / Soul""]",direct_single_category,"[""MusicBrainz/recording""]",false,confident_primary
song_81d3552cdb6177bc79b373e37eb826953871014d6514ac34df9eed6959dbed9a,You Can't Dance,England Dan & John Ford Coley,1978-06-03,49,8,1970s,stratified_hash,lower_complex,,"[""Pop"", ""Rock""]","[""Pop"", ""Rock""]",direct_song_multiple,"[""MusicBrainz/recording""]",true,ambiguous
song_871c4ad5bdbc31a2492e368ff5235aa8f8aaa094a3dcb8ba0e0ac32ed4b9c53a,Rapper's Delight,Sugarhill Gang,1979-11-10,36,12,1970s,challenge,predeclared_identity,,"[""Pop"", ""Hip-Hop / Rap"", ""R&B / Soul"", ""Electronic / Dance""]","[""Pop"", ""Hip-Hop / Rap"", ""R&B / Soul"", ""Electronic / Dance""]",direct_song_multiple,"[""MusicBrainz/recording""]",true,ambiguous
song_87935c998bf527bda3475e97c08a5e1e54c27a6a03654a77753b9efb2817988b,Champagne Jam,Atlanta Rhythm Section,1978-09-16,43,9,1970s,stratified_hash,lower_simple,,"[""Pop"", ""Rock""]","[""Pop"", ""Rock""]",direct_song_multiple,"[""MusicBrainz/recording""]",true,ambiguous
song_8794d1c12e8c77e7ad430a1b484aee515afa3d9ead32874c9ea8b0519ab7ae77,Don't Hide Your Love,Cher,1972-09-09,46,8,1970s,stratified_hash,lower_simple,,"[""Pop"", ""Rock"", ""Country"", ""Folk / Singer-Songwriter""]","[""Pop"", ""Rock"", ""Country"", ""Folk / Singer-Songwriter""]",direct_song_multiple,"[""MusicBrainz/recording""]",true,ambiguous
song_893cc453fd6abdf92143801f9be8b45c9b946bc24bfba4384a35774137e70121,You Gotta Have Love In Your Heart,The Supremes & Four Tops,1971-06-05,55,5,1970s,stratified_hash,lower_complex,,"[""Pop"", ""R&B / Soul"", ""Electronic / Dance""]","[""R&B / Soul"", ""Electronic / Dance""]",direct_song_multiple,"[""MusicBrainz/recording""]",true,ambiguous
song_8c901f5b3e5e4c25f7cf44180cd1bedcb3567ea88b9e7b4153fe86d1ba6fa8c8,Take Me In Your Arms (Rock Me),The Doobie Brothers,1975-05-03,11,12,1970s,stratified_hash,high_simple,,"[""Pop"", ""Rock""]","[""Pop"", ""Rock""]",direct_song_multiple,"[""MusicBrainz/recording""]",true,ambiguous
song_8e64a9fb74d090f32e2aa44850698d800e0823385a63b40d4adb48a13ff8d0c5,Steppin' Out (Gonna Boogie Tonight),Tony Orlando & Dawn,1974-08-24,7,13,1970s,stratified_hash,high_complex,,[],[],insufficient_evidence,[],false,insufficient_evidence
song_93ddae64dcbe4d5878f02e213d7587e345bcf0263c0250738609513e3bb3494a,Bohemian Rhapsody,Queen,1976-01-03,2,44,1970s,challenge,predeclared_identity,,[],[],insufficient_evidence,[],false,insufficient_evidence
song_a5f7a079d33c1b6e63c34280747af10c0afa17dbfd6b401ed36c7d27652ec1e8,Black Magic Woman,Santana,1970-11-14,4,13,1970s,stratified_hash,high_simple,,[],[],insufficient_evidence,[],false,insufficient_evidence
song_b03e2ccfd2ef38b55a5a4b9d561ca174161c714d8d380d32b50b28679ab09813,What Can I Do With This Broken Heart,England Dan & John Ford Coley,1979-10-27,50,6,1970s,stratified_hash,lower_complex,,"[""Pop"", ""Rock""]","[""Pop"", ""Rock""]",direct_song_multiple,"[""MusicBrainz/recording""]",true,ambiguous
song_b366f7e48c0bce91e751ed307cdec86dd404c75ec3c336c3064dde51b903042c,Hound Dog Man (Play It Again),Lenny LeBlanc,1977-09-03,58,5,1970s,stratified_hash,lower_simple,,[],[],insufficient_evidence,[],false,insufficient_evidence
song_b7ae45ffd7fb35b6bd81abbfb4fc36b04071dbe8847757321e5c8dc779360e24,I Feel Love,Donna Summer,1977-08-06,6,23,1970s,challenge,predeclared_identity,,"[""Pop"", ""Rock"", ""R&B / Soul"", ""Electronic / Dance"", ""Jazz / Blues""]","[""Pop"", ""Rock"", ""R&B / Soul"", ""Electronic / Dance"", ""Jazz / Blues""]",direct_song_multiple,"[""MusicBrainz/recording""]",true,ambiguous
song_bd9e139a8715ace2c3f0bb080a166c9b7def749bc9929d3c4573458907671d52,Make The World Go Away,Donny & Marie Osmond,1975-06-07,44,6,1970s,stratified_hash,lower_complex,,[],[],insufficient_evidence,[],false,insufficient_evidence
song_c1bf53412ddc0a5da16702466a21569c7045e288695c3e107794e883b0af2fd8,One Monkey Don't Stop No Show Part I,The Honey Cone,1971-11-20,15,11,1970s,stratified_hash,high_simple,,[],[],insufficient_evidence,[],false,insufficient_evidence
song_c48672817dba7c8c321a5a3be30d0fe53bc5f6fbda5875ed12525cdde5be524a,I'd Really Love To See You Tonight,England Dan & John Ford Coley,1976-06-12,2,24,1970s,stratified_hash,high_complex,,"[""Pop"", ""Rock""]","[""Pop"", ""Rock""]",direct_song_multiple,"[""MusicBrainz/recording""]",true,ambiguous
song_c89f4d6d464f96d596f24b263cc4b17d6fac7434d27ef5a6b4a726e4f9c3c4c8,You'll Never Find Another Love Like Mine,Lou Rawls,1976-06-05,2,21,1970s,stratified_hash,high_simple,,"[""Pop"", ""R&B / Soul"", ""Electronic / Dance""]","[""Pop"", ""R&B / Soul"", ""Electronic / Dance""]",direct_song_multiple,"[""MusicBrainz/recording""]",true,ambiguous
song_e7f27262ace9ab2f5c1d356b0e7420d2629f77521e23fb9d227c23b87bbd4a4e,Paranoid,Black Sabbath,1970-11-28,61,8,1970s,challenge,predeclared_identity,,[],[],insufficient_evidence,[],false,insufficient_evidence
song_e9e0c2c12977b22083aca819cf1caacc2a7478d90d8ead60a6955878b2412e1e,Lucky Man,"Emerson, Lake & Palmer",1971-03-13,48,19,1970s,stratified_hash,lower_complex,,"[""Pop"", ""Rock"", ""Electronic / Dance""]","[""Pop"", ""Rock"", ""Electronic / Dance""]",direct_song_multiple,"[""MusicBrainz/recording""]",true,ambiguous
song_f3fe9aff88df7dafc10a5d25b5f52242c7f040ae407babb74fb853b5b1121ecd,Knockin' On Heaven's Door,Bob Dylan,1973-09-01,12,16,1970s,challenge,predeclared_identity,,[],[],insufficient_evidence,[],false,insufficient_evidence
song_03b04ccc08b0db06679c78f70460db22fefb0af4972aba29275de1a156677aa9,Conga,Miami Sound Machine,1985-10-19,10,27,1980s,challenge,predeclared_identity,,"[""Pop"", ""Rock"", ""Latin"", ""Electronic / Dance""]","[""Pop"", ""Rock"", ""Latin"", ""Electronic / Dance""]",direct_song_multiple,"[""MusicBrainz/recording""]",true,ambiguous
song_0a4467e4f6348ed58844edeb408b801f03fefaed28f0594d30a62706c6b0fca4,New World Man,Rush,1982-09-18,21,12,1980s,stratified_hash,high_simple,,"[""Pop"", ""Rock""]","[""Pop"", ""Rock""]",direct_song_multiple,"[""MusicBrainz/recording""]",true,ambiguous
song_120331d2247754424d30484b3670c2d5c1ce827e7072814177b00993de5c5d32,Sunshine In The Shade,The Fixx,1984-11-17,69,5,1980s,stratified_hash,lower_simple,,"[""Pop"", ""Rock""]","[""Pop"", ""Rock""]",direct_song_multiple,"[""MusicBrainz/recording""]",true,ambiguous
song_153f05cd35e4e371133316415b6b1bbb79bcfd955e5d7b608593a786facc9369,Still Taking Chances,Michael Murphey,1983-01-08,76,7,1980s,stratified_hash,lower_simple,,[],[],insufficient_evidence,[],false,insufficient_evidence
song_165fbe490650fe68c4c5b6cc66dc9e00a3a97cd521e55eab30cc2792e4517dab,Give Me All Night,Carly Simon,1987-05-23,61,12,1980s,stratified_hash,lower_simple,,"[""Pop"", ""Rock"", ""Folk / Singer-Songwriter""]","[""Pop"", ""Rock"", ""Folk / Singer-Songwriter""]",direct_song_multiple,"[""MusicBrainz/recording""]",true,ambiguous
song_19f3c39248b3474abcce115c119e7a754e3b57ac8247fc1f257780efc7cfaeee,Sincerely Yours,Sweet Sensation (With Romeo J.D.),1989-02-04,14,18,1980s,stratified_hash,high_complex,,[],[],insufficient_evidence,[],false,insufficient_evidence
song_20f4a16fa209badbffe170632f6cd752c60aedf886ccbce11e7316763497b1f6,Never Gonna Give You Up,Rick Astley,1987-12-19,1,24,1980s,challenge,predeclared_identity,,[],[],insufficient_evidence,[],false,insufficient_evidence
song_2a3953597d688379e71b767ebc79b4af84ffca3393c4c171a0ba1d8a07cc6143,Flames Of Paradise,Jennifer Rush (Duet With Elton John),1987-05-16,36,13,1980s,stratified_hash,lower_complex,,[],[],insufficient_evidence,[],false,insufficient_evidence
song_37a4d0085f53ce98da3e9da4fd8efabcd01ec5858244c84d6a9a6e65d9571e36,Shame On The Moon,Bob Seger & The Silver Bullet Band,1982-12-18,2,21,1980s,stratified_hash,high_complex,,"[""Pop"", ""Rock""]","[""Pop"", ""Rock""]",direct_song_multiple,"[""MusicBrainz/recording""]",true,ambiguous
song_3ca88c9e8b2161349011007ad239679e4bc93295b2b1c8da6349c2b8efee676c,Got A New Love,Good Question,1988-10-22,86,5,1980s,stratified_hash,lower_simple,,[],[],insufficient_evidence,[],false,insufficient_evidence
song_4f8d713df33f9ffb2ce330c77f5a2f8d638cf2d41ee8134741eae02e45953bdf,Standing On The Top-Part 1,The Temptations Featuring Rick James,1982-05-08,66,8,1980s,stratified_hash,lower_complex,,[],[],insufficient_evidence,[],false,insufficient_evidence
song_586d59235d4970579635ebee081355a688402152fb5cbfd7a987ce1e2e28258a,Victory,Kool & The Gang,1986-11-01,10,18,1980s,stratified_hash,high_complex,,"[""Pop"", ""R&B / Soul"", ""Electronic / Dance""]","[""Pop"", ""R&B / Soul"", ""Electronic / Dance""]",direct_song_multiple,"[""MusicBrainz/recording""]",true,ambiguous
song_5e3022dca8b9f3b47a1102c05c4d448538b8b63f261020e4f3e72a7cfecbb310,The Next Time I Fall,Peter Cetera With Amy Grant,1986-09-20,1,21,1980s,stratified_hash,high_complex,,[],[],insufficient_evidence,[],false,insufficient_evidence
song_6063e3caaf6f18469a7a32f76f64fd10bc58b26e3b16a50159463c8e00ed62dc,I Wanna Dance With Somebody (Who Loves Me),Whitney Houston,1987-05-16,1,20,1980s,challenge,predeclared_identity,,"[""Pop"", ""Rock"", ""R&B / Soul"", ""Electronic / Dance""]","[""Pop"", ""Rock"", ""R&B / Soul"", ""Electronic / Dance""]",direct_song_multiple,"[""MusicBrainz/recording""]",true,ambiguous
song_614445775beb4153392bf025b5213dffa774d1c6fc3a0b1b3c87fa4a631e514a,Give Me The Keys (And I'll Drive You Crazy),Huey Lewis & The News,1989-01-21,47,8,1980s,stratified_hash,lower_complex,,"[""Pop"", ""Rock""]","[""Pop"", ""Rock""]",direct_song_multiple,"[""MusicBrainz/recording""]",true,ambiguous
song_63e9f093b529ca7dc0ea22959a6c2ea68205186ed2e11a507c43fd4b6f41f7cd,I Feel For You,Chaka Khan,1984-09-08,3,26,1980s,stratified_hash,high_simple,,"[""Pop"", ""R&B / Soul"", ""Electronic / Dance""]","[""Pop"", ""R&B / Soul"", ""Electronic / Dance""]",direct_song_multiple,"[""MusicBrainz/recording""]",true,ambiguous
song_6f65db831f5b81a145522b7a18009f08d47f4266b495ad005a98f0b26502cbfa,Billie Jean,Michael Jackson,1983-01-22,1,32,1980s,challenge,predeclared_identity,,"[""Pop"", ""Rock"", ""R&B / Soul"", ""Electronic / Dance""]","[""Pop"", ""Electronic / Dance""]",direct_song_multiple,"[""MusicBrainz/recording""]",true,ambiguous
song_78e9fe25cee951189ac5809e395168efdeb16dbf0562071c61e6f0d4ae5d8791,Headed For A Fall,Firefall,1980-04-12,35,9,1980s,stratified_hash,lower_simple,,"[""Pop"", ""Rock"", ""Country""]","[""Pop"", ""Rock"", ""Country""]",direct_song_multiple,"[""MusicBrainz/recording""]",true,ambiguous
song_7bd2bf2045e94364196d1d0692a69c3eca9cdc58cf9e955096695cdebd374316,I'll Wait,Van Halen,1984-04-14,13,14,1980s,stratified_hash,high_simple,,"[""Rock"", ""Metal""]","[""Rock"", ""Metal""]",direct_song_multiple,"[""MusicBrainz/recording""]",true,ambiguous
song_7f17c5f47f796d23f576dedac48e1949b4283368dfb3759ef2cafe4d9afc101e,Fast Car,Tracy Chapman,1988-06-04,6,22,1980s,challenge,predeclared_identity,,"[""Pop"", ""Rock"", ""R&B / Soul"", ""Country"", ""Alternative / Indie"", ""Folk / Singer-Songwriter"", ""Jazz / Blues""]","[""Pop"", ""Rock"", ""R&B / Soul"", ""Country"", ""Alternative / Indie"", ""Folk / Singer-Songwriter"", ""Jazz / Blues""]",direct_song_multiple,"[""MusicBrainz/recording""]",true,ambiguous
song_810c38a4b30b36f71e05fbc824357d44ff5bc37f2c79e40b8977a0a4cde55c20,The Elvis Medley,Elvis Presley,1982-11-27,71,7,1980s,stratified_hash,lower_simple,,[],[],insufficient_evidence,[],false,insufficient_evidence
song_8d9c40bf4217be87f81553c767a758b3a61eb09dda1b2339858cf9dee29bc0ad,Black Kisses Never Make You Blue,Curtie & The Boom Box,1985-07-27,81,4,1980s,stratified_hash,lower_complex,,[],[],insufficient_evidence,[],false,insufficient_evidence
song_9b69efe97ee2317d76c9725dc34d48ada43766dde1cb10deb8f2413a8514a068,Crazy For You,Madonna,1985-03-02,1,21,1980s,stratified_hash,high_simple,,"[""Pop"", ""Rock"", ""Hip-Hop / Rap"", ""R&B / Soul"", ""Electronic / Dance""]","[""Pop"", ""Rock"", ""Hip-Hop / Rap"", ""Electronic / Dance""]",direct_song_multiple,"[""MusicBrainz/recording""]",true,ambiguous
song_9cfb2e5a55abb7300a23b5f494d87dc8e33dfb5738e873c99eb20ced015067d0,Stuck With You,Huey Lewis & The News,1986-08-02,1,19,1980s,stratified_hash,high_complex,,"[""Pop"", ""Rock"", ""Electronic / Dance""]","[""Pop"", ""Rock"", ""Electronic / Dance""]",direct_song_multiple,"[""MusicBrainz/recording""]",true,ambiguous
song_a7197574545e330517462fa119faa8564536ede13d65ed7f397ab96866e5d2de,Lost In Your Eyes,Debbie Gibson,1989-01-21,1,19,1980s,stratified_hash,high_simple,,"[""Pop"", ""Electronic / Dance""]","[""Pop"", ""Electronic / Dance""]",direct_song_multiple,"[""MusicBrainz/recording""]",true,ambiguous
song_a8d19c6ba8d03d6bd5a7cfbbbf8373d646dfebc1629945f27b3917bd23eb43f6,On My Own,Patti LaBelle & Michael McDonald,1986-03-22,1,23,1980s,stratified_hash,high_complex,,"[""Pop"", ""Rock"", ""R&B / Soul"", ""Electronic / Dance"", ""Jazz / Blues""]","[""Pop"", ""Rock"", ""R&B / Soul"", ""Electronic / Dance"", ""Jazz / Blues""]",direct_song_multiple,"[""MusicBrainz/recording""]",true,ambiguous
song_ac8908e6477aa0b8e5a5508c55ed0629bbaaa43222d170a0e5535926bb7822cd,Only You,Commodores,1983-09-17,54,13,1980s,stratified_hash,lower_simple,,"[""R&B / Soul"", ""Electronic / Dance""]","[""R&B / Soul"", ""Electronic / Dance""]",direct_song_multiple,"[""MusicBrainz/recording""]",true,ambiguous
song_aed3cae87df0625e29fd58208c183305885d84e5e71cd92b39364e282e2b3782,Can't We Try,Dan Hill (Duet With Vonda Shepard),1987-06-06,6,24,1980s,stratified_hash,high_complex,,[],[],insufficient_evidence,[],false,insufficient_evidence
song_b1a2b84699a4afb78d78ad97d5f9ff3ce547156effb3af5995b3438999fa9aec,Purple Rain,Prince And The Revolution,1984-10-06,2,22,1980s,challenge,predeclared_identity,R&B / Soul,"[""R&B / Soul""]","[""R&B / Soul""]",direct_single_category,"[""MusicBrainz/recording""]",false,confident_primary
song_bd6376a34f2de0be504db8d256d94eff21b823a697c698e02dab73d9476f0062,Still Loving You,Scorpions,1984-07-07,64,6,1980s,stratified_hash,lower_simple,,"[""Pop"", ""Rock"", ""Electronic / Dance"", ""Metal""]","[""Pop"", ""Rock"", ""Electronic / Dance"", ""Metal""]",direct_song_multiple,"[""MusicBrainz/recording""]",true,ambiguous
song_bdf18fbf0f81014f6199818f0ebbac82f4fdf58c0b052ae21b76f4c8fcbb9941,Help Me!,Marcy Levy & Robin Gibb,1980-11-08,50,10,1980s,stratified_hash,lower_complex,,[],[],insufficient_evidence,[],false,insufficient_evidence
song_c3b9d3c672c8b278cfd7b9a8973ccff8efc354d2c72736f95e335d65197f9958,Glory Days,Bruce Springsteen,1985-06-01,5,18,1980s,stratified_hash,high_simple,,[],[],insufficient_evidence,[],false,insufficient_evidence
song_c452b31e68a5b645ad09c01d1a4adbe44dc571dc59ce6882cda4b32d123eec9e,Special Way,Kool & The Gang,1987-10-17,72,14,1980s,stratified_hash,lower_complex,,"[""R&B / Soul"", ""Electronic / Dance""]","[""R&B / Soul"", ""Electronic / Dance""]",direct_song_multiple,"[""MusicBrainz/recording""]",true,ambiguous
song_ca5653382dd8bee6ec3db82c8efee3510f144fb261c6604f6cc2c0f205e7f2e5,Back In Stride,Maze Featuring Frankie Beverly,1985-03-16,88,6,1980s,stratified_hash,lower_complex,,[],[],insufficient_evidence,[],false,insufficient_evidence
song_e1f45929c6345392f6adc7541dfe0a4103e1ac70493fc9ab99b480bc0c9a8fd3,Don't Know Much,Linda Ronstadt (Featuring Aaron Neville),1989-09-30,2,26,1980s,stratified_hash,high_complex,,[],[],insufficient_evidence,[],false,insufficient_evidence
song_e50ee12a240787ede44134bbc71c2d8a6ef767e0dd987e290fadd6f90723878c,Lonely Ol' Night,John Mellencamp,1985-08-24,6,20,1980s,stratified_hash,high_simple,,[],[],insufficient_evidence,[],false,insufficient_evidence
song_eae2b284073d876fe50a3dc3452c44d09dd57c12fa59acdd7632ca003a06fd9b,Livin' On A Prayer,Bon Jovi,1986-12-13,1,22,1980s,challenge,predeclared_identity,,"[""Pop"", ""Rock"", ""Electronic / Dance"", ""Metal""]","[""Pop"", ""Rock"", ""Electronic / Dance"", ""Metal""]",direct_song_multiple,"[""MusicBrainz/recording""]",true,ambiguous
song_ee1678844cd446d8ee33db39a10f052436354f702cdd852b88af825a1dec085a,Love Theme From St. Elmo's Fire (Instrumental),David Foster,1985-08-24,15,22,1980s,stratified_hash,high_simple,Pop,"[""Pop""]","[""Pop""]",direct_single_category,"[""MusicBrainz/recording""]",false,confident_primary
song_ee6a32fdd246fd6dbe420ffe3162da5ce55b3f69b0d05dcb4576ea8de71ccf40,I'm Goin' Down,Bruce Springsteen,1985-09-07,9,13,1980s,stratified_hash,high_simple,Rock,"[""Rock""]","[""Rock""]",direct_single_category,"[""MusicBrainz/recording""]",false,confident_primary
song_f3db26fdd2abc5385af52b80b038797c179c169cb90f041d2bca07aad77c9d95,Planet Rock,Afrika Bambaataa & The Soul Sonic Force,1982-07-17,48,11,1980s,stratified_hash,lower_complex,,[],[],insufficient_evidence,[],false,insufficient_evidence
song_f4457b8e049ddee44b2410adfdbf5bcd669b1c58db55fba1ffb6e7eb0bfa2e42,Pump Up The Jam,Technotronic Featuring Felly,1989-10-14,2,24,1980s,stratified_hash,high_complex,,[],[],insufficient_evidence,[],false,insufficient_evidence
song_f62b2b6113fad8aa92dfa0b6ad2a8b8f581c0ee3fd8c4781be8a3af5247212dd,Red Red Wine,UB40,1984-01-28,1,40,1980s,challenge,predeclared_identity,,"[""Pop"", ""Rock"", ""Reggae / Dancehall""]","[""Pop"", ""Rock"", ""Reggae / Dancehall""]",direct_song_multiple,"[""MusicBrainz/recording""]",true,ambiguous
song_ff30746ebc21ca46bb47e0b7741190ab7516d361cbc9bb685bf80c40a546a54c,Walk This Way,Run-D.M.C.,1986-07-26,4,16,1980s,challenge,predeclared_identity,,"[""Pop"", ""Rock"", ""Hip-Hop / Rap"", ""Electronic / Dance""]","[""Pop"", ""Rock"", ""Hip-Hop / Rap"", ""Electronic / Dance""]",direct_song_multiple,"[""MusicBrainz/recording""]",true,ambiguous
song_010219005840e515a4d29ef366c9bcc5ff5bee45800ac4851d62f9e5db33a858,Everybody Be Somebody,Ruffneck Featuring Yavahn,1996-01-27,82,7,1990s,stratified_hash,lower_complex,,[],[],insufficient_evidence,[],false,insufficient_evidence
song_01d1576b821aee8af9b6d59d5e42eb62d44ec49f657c68cc617c350efb6c69c2,One For The Money,Horace Brown,1996-03-30,62,12,1990s,stratified_hash,lower_simple,,"[""R&B / Soul"", ""Jazz / Blues""]","[""R&B / Soul"", ""Jazz / Blues""]",direct_song_multiple,"[""MusicBrainz/recording""]",true,ambiguous
song_08b87535dd3b55e36563107d8211062820fdd415087a3c8493353dc370c8e6b2,Down For Yours,Nastyboy Klick Featuring Roger Troutman,1997-08-09,69,17,1990s,stratified_hash,lower_complex,,[],[],insufficient_evidence,[],false,insufficient_evidence
song_09720b8afffd38569a6352df46e232b20a2ac3eb262649dcd3deb14a06fef4b0,Got To Get It,Sisqo Featuring Make It Hot,1999-11-20,40,20,1990s,stratified_hash,lower_complex,,"[""Pop"", ""Rock"", ""Hip-Hop / Rap"", ""R&B / Soul""]","[""Pop"", ""Rock"", ""Hip-Hop / Rap"", ""R&B / Soul""]",direct_song_multiple,"[""MusicBrainz/recording""]",true,ambiguous
song_13f6c0b8f42df13364864c81688d35202a4a1dabf70eedb6fb308a7a8b02d74e,Hooked On You,Silk,1995-11-04,54,18,1990s,stratified_hash,lower_simple,Pop,"[""Pop""]","[""Pop""]",direct_single_category,"[""MusicBrainz/recording""]",false,confident_primary
song_1b3408cd497916f305e28c41b26d1e11905fc68c4c6ed33baaa0f983422255f5,Do You Want To/Can't Hang,Xscape Featuring MC Lyte,1996-03-09,50,16,1990s,stratified_hash,lower_complex,,[],[],insufficient_evidence,[],false,insufficient_evidence
song_24dea62e0187d5b278c331e5364cd84b31d5a77ab4bb535d81d25e28418a093d,Sweet Sexy Thing,Nu Flavor Featuring Roger,1997-04-19,62,20,1990s,stratified_hash,lower_complex,,[],[],insufficient_evidence,[],false,insufficient_evidence
song_2f6252b57051cdd28b2f54077bf6049aaafa0c5b82d349ada1bf3e33ee54bb1d,Doo Wop (That Thing),Lauryn Hill,1998-11-14,1,21,1990s,challenge,predeclared_identity,,"[""Hip-Hop / Rap"", ""R&B / Soul""]","[""Hip-Hop / Rap"", ""R&B / Soul""]",direct_song_multiple,"[""MusicBrainz/recording""]",true,ambiguous
song_3d40f536d7d35c218d6face06c7881543f51229c0fb851a19ea5a49f735a2d16,Lost In You,Garth Brooks as Chris Gaines,1999-09-11,5,10,1990s,stratified_hash,high_simple,,"[""Pop"", ""Rock"", ""Country""]","[""Pop"", ""Rock"", ""Country""]",artist_context_multiple,"[""Wikidata/artist""]",true,ambiguous
song_43c6da451ee7553971a547b68fef28c7820043e1b47620a5f78f5b760662c1cf,"Wu-Wear: The Garment Renaissance (From ""High School High"")",RZA Feat. Method Man & Cappadonna,1996-08-17,60,12,1990s,stratified_hash,lower_complex,,[],[],insufficient_evidence,[],false,insufficient_evidence
song_4d32d23bf210bc326fd1b066e81e92ec7ad781de818e6b171a2fe6bce4f9e575,Latin Active,Lighter Shade Of Brown Featuring Teardrop & Shiro,1991-07-20,59,12,1990s,stratified_hash,lower_complex,,[],[],insufficient_evidence,[],false,insufficient_evidence
song_4fd05adf56d51028eca2cbeb10ffe3cce990a211ea3c910f5154f714010dfb43,Scream/Childhood,Michael Jackson & Janet Jackson,1995-06-17,5,17,1990s,stratified_hash,high_complex,,[],[],insufficient_evidence,[],false,insufficient_evidence
song_584ba5cd5d954800dfd2f01f7db26ce7a454ac897414aa927cc4cb826b41ed24,Enter Sandman,Metallica,1991-08-24,16,20,1990s,challenge,predeclared_identity,,[],[],insufficient_evidence,[],false,insufficient_evidence
song_65d961f1cc030daf42f3cc1a7c4d3ea9f9df66fb6d1fbf8655c5f1f2eaa7603f,My Heart Will Go On,Celine Dion,1998-02-28,1,20,1990s,challenge,predeclared_identity,,"[""Pop"", ""Rock"", ""Electronic / Dance"", ""Folk / Singer-Songwriter"", ""Reggae / Dancehall""]","[""Pop"", ""Rock"", ""Electronic / Dance"", ""Folk / Singer-Songwriter"", ""Reggae / Dancehall""]",direct_song_multiple,"[""MusicBrainz/recording""]",true,ambiguous
song_690e2516dfbb7b1f26340aa4b0e4d8595086ef30bde2d82331fbf4800f58682e,Call It Poison,The Escape Club,1991-02-23,44,10,1990s,stratified_hash,lower_simple,,"[""Pop"", ""Rock""]","[""Pop"", ""Rock""]",direct_song_multiple,"[""MusicBrainz/recording""]",true,ambiguous
song_6ced5df219ba8cbfffcba6e5048f27739b34e9043e510ef3094bfc2d0c6b16ab,I'll Never Let You Go,Steelheart,1991-03-16,23,27,1990s,stratified_hash,high_simple,Rock,"[""Rock""]","[""Rock""]",direct_single_category,"[""MusicBrainz/recording""]",false,confident_primary
song_783b8bd993220be24a02237ce806c65a12d5adc2277b255e26859e4fd55f1972,Come With Me,Puff Daddy Featuring Jimmy Page,1998-06-27,4,20,1990s,stratified_hash,high_complex,,[],[],insufficient_evidence,[],false,insufficient_evidence
song_7a44272f46696cf7fb99421c7335835b29f3be76ab51a123ff37068e2e4a857e,Wildside,Marky Mark & The Funky Bunch,1991-11-09,10,20,1990s,stratified_hash,high_complex,,"[""Pop"", ""Hip-Hop / Rap"", ""Electronic / Dance""]","[""Pop"", ""Hip-Hop / Rap"", ""Electronic / Dance""]",direct_song_multiple,"[""MusicBrainz/recording""]",true,ambiguous
song_7dc20f2cde37cb12efb75fa3a33102407518fc142fbf893702d91f2191ba4bb3,Gett Off,Prince And The N.P.G.,1991-08-17,21,14,1990s,stratified_hash,high_simple,,[],[],insufficient_evidence,[],false,insufficient_evidence
song_820e02d28e7ec0e0caa43ee9d8b41461b355022c9f39026dafa6a99c4a8b7da9,Every Heartbeat,Amy Grant,1991-06-15,2,19,1990s,stratified_hash,high_simple,,"[""Pop"", ""Rock"", ""Electronic / Dance"", ""Gospel / Christian""]","[""Pop"", ""Rock"", ""Electronic / Dance"", ""Gospel / Christian""]",direct_song_multiple,"[""MusicBrainz/recording""]",true,ambiguous
song_82faaa9984c62ff6225122c33c400ae894810d4700e429a91c04717c1bcaae57,Backyard,Pebbles (With Salt-N-Pepa),1991-04-13,73,7,1990s,stratified_hash,lower_complex,,[],[],insufficient_evidence,[],false,insufficient_evidence
song_8f9c42fa0fb9eae564b26fef777c87ab3944aa03dd31104a58f7b59bdb9d7ff6,"Gangsta's Paradise (From ""Dangerous Minds"")",Coolio Featuring L.V.,1995-08-19,1,38,1990s,stratified_hash,high_complex,,[],[],insufficient_evidence,[],false,insufficient_evidence
song_9098afe533dcec6919497494819f209e4ccfb913c9c2351d0240842d36789dcd,I Like To Move It,Reel 2 Real Featuring The Mad Stuntman,1994-03-12,89,6,1990s,stratified_hash,lower_complex,,[],[],insufficient_evidence,[],false,insufficient_evidence
song_91ef67810b7430e676a76181c1387b307d43104aa0f008f988dc486443d9cd91,Heartbreak Hotel,Whitney Houston Feat. Faith Evans & Kelly Price,1998-12-26,2,28,1990s,stratified_hash,high_complex,,"[""Pop"", ""Rock"", ""R&B / Soul"", ""Electronic / Dance""]","[""Pop"", ""Rock"", ""R&B / Soul"", ""Electronic / Dance""]",direct_song_multiple,"[""MusicBrainz/recording""]",true,ambiguous
song_9d842cdc104a5dd044703af98874fc46df717e13ecc4ace038882875f6caede0,Achy Breaky Heart,Billy Ray Cyrus,1992-05-09,4,25,1990s,challenge,predeclared_identity,,"[""Pop"", ""Rock"", ""Country""]","[""Pop"", ""Rock"", ""Country""]",direct_song_multiple,"[""MusicBrainz/recording""]",true,ambiguous
song_a403bb707f080ae77ea0941ac06bcedec6714954719a449ae2995739f9c388b6,Macarena (Bayside Boys Mix),Los Del Rio,1995-09-02,1,60,1990s,challenge,predeclared_identity,,[],[],insufficient_evidence,[],false,insufficient_evidence
song_b032726402e91c6b476ad4d565f451e16627c4a231d7c50f9804ff6b5616589b,Brian Wilson,Barenaked Ladies,1997-11-22,68,20,1990s,stratified_hash,lower_simple,,"[""Pop"", ""Rock"", ""Alternative / Indie""]","[""Pop"", ""Rock"", ""Alternative / Indie""]",direct_song_multiple,"[""MusicBrainz/recording""]",true,ambiguous
song_b38b11172a916cc06707f86633944054b2dcf911f1858a7316f5c8f82b69f4ed,I Fell In Love,Rockell,1996-11-09,61,18,1990s,stratified_hash,lower_simple,,"[""Pop"", ""Electronic / Dance""]","[""Pop"", ""Electronic / Dance""]",direct_song_multiple,"[""MusicBrainz/recording""]",true,ambiguous
song_b4ab3d9c2d8c51cee5a488e94ad86865b45b5dbd49c3a188e29ca7871e610312,Never Gonna Let You Go,Faith Evans,1999-07-10,17,20,1990s,stratified_hash,high_simple,,"[""Hip-Hop / Rap"", ""R&B / Soul""]","[""Hip-Hop / Rap"", ""R&B / Soul""]",direct_song_multiple,"[""MusicBrainz/recording""]",true,ambiguous
song_b555d7adc406312bc519e83111bf9e3801029c3f84ee56adbb3ffdc03794f183,Livin' La Vida Loca,Ricky Martin,1999-04-17,1,20,1990s,challenge,predeclared_identity,,"[""Pop"", ""Rock"", ""Hip-Hop / Rap"", ""Latin"", ""Electronic / Dance""]","[""Pop"", ""Rock"", ""Hip-Hop / Rap"", ""Latin"", ""Electronic / Dance""]",direct_song_multiple,"[""MusicBrainz/recording""]",true,ambiguous
song_c807c62be20f0b959818952d6bca0649101814ce7a6e58f263415057c8163c96,Justified And Ancient,The KLF Featuring Tammy Wynette,1992-02-01,11,18,1990s,stratified_hash,high_complex,,[],[],insufficient_evidence,[],false,insufficient_evidence
song_ca72dbfc21278bbdfb80577a03437fbe493000ccb0fde0a8f7f7f22e163e8c37,Word Of Mouth,Mike + The Mechanics,1991-04-06,78,6,1990s,stratified_hash,lower_simple,,"[""Pop"", ""Rock""]","[""Pop"", ""Rock""]",direct_song_multiple,"[""MusicBrainz/recording""]",true,ambiguous
song_d45c5f3cad8f5d95cea2286c6c39c280cedbfea85f4eab9f87fcf3d4b431c1dc,Tom's Diner,DNA Featuring Suzanne Vega,1990-10-06,5,21,1990s,stratified_hash,high_complex,,[],[],insufficient_evidence,[],false,insufficient_evidence
song_d8524775ea0b49eec78378d984ac3dc3b1cbfbf577b70169d7684611d3903930,Waterfalls,TLC,1995-06-10,1,34,1990s,challenge,predeclared_identity,,"[""Pop"", ""Rock"", ""Hip-Hop / Rap"", ""R&B / Soul"", ""Electronic / Dance"", ""Alternative / Indie""]","[""Pop"", ""Rock"", ""Hip-Hop / Rap"", ""R&B / Soul"", ""Electronic / Dance"", ""Alternative / Indie""]",direct_song_multiple,"[""MusicBrainz/recording""]",true,ambiguous
song_d85c143df834e14c54ba7837752803ae6c142f916f0fdb35b89f66766a0986c6,Insane In The Brain,Cypress Hill,1993-07-10,19,20,1990s,stratified_hash,high_simple,,"[""Pop"", ""Hip-Hop / Rap"", ""R&B / Soul"", ""Latin""]","[""Pop"", ""Hip-Hop / Rap"", ""R&B / Soul"", ""Latin""]",direct_song_multiple,"[""MusicBrainz/recording""]",true,ambiguous
song_d897fe60e5a6b1f1c1db39928c81d2646274458117144d8106de31f753f8aa3f,Sad New Day,Me Phi Me,1992-08-29,83,4,1990s,stratified_hash,lower_simple,,"[""Pop"", ""Hip-Hop / Rap"", ""R&B / Soul""]","[""Pop"", ""Hip-Hop / Rap"", ""R&B / Soul""]",direct_song_multiple,"[""MusicBrainz/recording""]",true,ambiguous
song_db6cb0c18cbe8cc635e66c9b72c54190675e442058e6295d3b0646d144eafefe,What It Takes,Aerosmith,1990-03-17,9,17,1990s,stratified_hash,high_simple,,"[""Pop"", ""Rock"", ""Hip-Hop / Rap"", ""Metal""]","[""Pop"", ""Rock"", ""Hip-Hop / Rap"", ""Metal""]",direct_song_multiple,"[""MusicBrainz/recording""]",true,ambiguous
song_e506edbf17e595ab52a5a5acc0b8d3527c4a8778f7e879e5ff54b36efdec384a,On A Sunday Afternoon,Lighter Shade Of Brown,1991-11-30,39,20,1990s,stratified_hash,lower_simple,Hip-Hop / Rap,"[""Hip-Hop / Rap""]","[""Hip-Hop / Rap""]",direct_single_category,"[""MusicBrainz/recording""]",false,confident_primary
song_e78e5ad3ad7e6e8bda5765acc3346ce6877d8172c7de221d8c5249b3f6f250bb,Tell Me What You Want Me To Do,Tevin Campbell,1991-11-09,6,25,1990s,stratified_hash,high_simple,,[],[],insufficient_evidence,[],false,insufficient_evidence
song_ec692fd3bdaf97fc34ade9f8b4b5c0e65077c08c9a4bf0a215d5fea204a3c217,Out Of My Head,Fastball,1999-07-03,20,20,1990s,stratified_hash,high_simple,,"[""Pop"", ""Rock"", ""Alternative / Indie""]","[""Pop"", ""Rock"", ""Alternative / Indie""]",direct_song_multiple,"[""MusicBrainz/recording""]",true,ambiguous
song_ef3d7dc92389313e0ef01cd970d9ba25084ed7dd565ec26357543ef422095054,All Night Long,Faith Evans Featuring Puff Daddy,1999-02-06,9,19,1990s,stratified_hash,high_complex,,"[""Hip-Hop / Rap"", ""R&B / Soul""]","[""Hip-Hop / Rap"", ""R&B / Soul""]",direct_song_multiple,"[""MusicBrainz/recording""]",true,ambiguous
song_ef3fca564cdc83550d1ce77318acaea72dbb3b71f40af2977bd04afda03be467,"Money, Power & Respect",The Lox [Featuring DMX & Lil' Kim],1998-04-04,17,20,1990s,stratified_hash,high_complex,,[],[],insufficient_evidence,[],false,insufficient_evidence
song_f413bb2f755c0d08ca66cbd330d8d0aad2f4b54c4786ea8a890fbabdd4ead78d,Smells Like Teen Spirit,Nirvana,1991-12-07,6,20,1990s,challenge,predeclared_identity,,"[""Pop"", ""Rock"", ""Alternative / Indie""]","[""Pop"", ""Rock"", ""Alternative / Indie""]",direct_song_multiple,"[""MusicBrainz/recording""]",true,ambiguous
song_04804816c9145c2fc431928b1be17072cff6e54ba8ebb244f2979004992b8cc7,Lollipop,Lil Wayne Featuring Static Major,2008-03-29,1,28,2000s,stratified_hash,high_complex,,"[""Pop"", ""Hip-Hop / Rap"", ""R&B / Soul"", ""Electronic / Dance""]","[""Pop"", ""Hip-Hop / Rap"", ""R&B / Soul"", ""Electronic / Dance""]",direct_song_multiple,"[""MusicBrainz/recording""]",true,ambiguous
song_05a86ff01ac556415d3cb8874722e76415ecbc09cc09fd0b3c5b8cbf8c621e63,Turn Off The Light,Nelly Furtado,2001-08-18,5,25,2000s,stratified_hash,high_simple,,"[""Pop"", ""Rock"", ""Hip-Hop / Rap"", ""Electronic / Dance""]","[""Pop"", ""Rock"", ""Hip-Hop / Rap"", ""Electronic / Dance""]",direct_song_multiple,"[""MusicBrainz/recording""]",true,ambiguous
song_099b78c1dfaccc337d5e00aec464e33a74ed7276ddb7ebca69a957e32e274369,How You Remind Me,Nickelback,2001-09-08,1,49,2000s,challenge,predeclared_identity,,"[""Pop"", ""Rock"", ""Country"", ""Alternative / Indie"", ""Metal""]","[""Pop"", ""Rock"", ""Country"", ""Alternative / Indie"", ""Metal""]",direct_song_multiple,"[""MusicBrainz/recording""]",true,ambiguous
song_147f2ebab60fe0f737afbb819c5a0fd7439c3c4c99a14e59b7b12083bcd987c8,Hot & Wet,112 Featuring Ludacris,2003-10-18,70,9,2000s,stratified_hash,lower_complex,R&B / Soul,"[""R&B / Soul""]","[""R&B / Soul""]",direct_single_category,"[""MusicBrainz/recording""]",false,confident_primary
song_19fb7f40ca7c53a8e83a2254a766349bf3204b9342b4a08f0205263e5f593983,Jenny From The Block,Jennifer Lopez Featuring Styles & Jadakiss,2002-10-12,3,20,2000s,stratified_hash,high_complex,,"[""Pop"", ""Rock"", ""Hip-Hop / Rap"", ""R&B / Soul"", ""Latin"", ""Electronic / Dance"", ""Jazz / Blues""]","[""Pop"", ""Rock"", ""Hip-Hop / Rap"", ""R&B / Soul"", ""Latin"", ""Electronic / Dance"", ""Jazz / Blues""]",direct_song_multiple,"[""MusicBrainz/recording""]",true,ambiguous
song_1f6349d2aae418419d9d25e0bcd3c679692b5c2dc283d7956d6bc5b1705d3ca7,If You're Not The One,Daniel Bedingfield,2003-04-05,15,20,2000s,stratified_hash,high_simple,,"[""Pop"", ""Rock""]","[""Pop"", ""Rock""]",direct_song_multiple,"[""MusicBrainz/recording""]",true,ambiguous
song_20dfd0d3a5e54b15c418cecbd4aae7696a5619acac71dee819de7f311d3d664f,You Give Love A Bad Name,Blake Lewis,2007-06-09,18,4,2000s,stratified_hash,high_simple,,[],[],insufficient_evidence,[],false,insufficient_evidence
song_3244facf0d34b16819c9be47f9b47c8eb84422b958e51e082bdd7b3b95cd475e,Use Somebody,Kings Of Leon,2008-10-11,4,57,2000s,stratified_hash,high_simple,,"[""Pop"", ""Rock"", ""Alternative / Indie""]","[""Pop"", ""Rock"", ""Alternative / Indie""]",direct_song_multiple,"[""MusicBrainz/recording""]",true,ambiguous
song_412700eff79f4bce53d2a754cd55ff435a6ec5a367d17142e1249cdf114adc71,Tell Me,Bobby Valentino,2005-07-16,51,14,2000s,stratified_hash,lower_simple,,"[""Hip-Hop / Rap"", ""R&B / Soul""]","[""Hip-Hop / Rap"", ""R&B / Soul""]",direct_song_multiple,"[""MusicBrainz/recording""]",true,ambiguous
song_4d2af74993fa18cf7cd81fd1e65cc180f6489407030a1569670f9c1c27579169,I Don't Want To Be,Gavin DeGraw,2004-10-23,10,28,2000s,stratified_hash,high_simple,,"[""Pop"", ""Rock"", ""Hip-Hop / Rap"", ""Electronic / Dance"", ""Folk / Singer-Songwriter""]","[""Pop"", ""Rock"", ""Hip-Hop / Rap"", ""Electronic / Dance"", ""Folk / Singer-Songwriter""]",direct_song_multiple,"[""MusicBrainz/recording""]",true,ambiguous
song_4f8cd5399d370d66670eef1bbf1e0508ee1f2b42800eca1a801db80659641069,911,Wyclef Jean Featuring Mary J. Blige,2000-10-07,38,19,2000s,stratified_hash,lower_complex,,[],[],insufficient_evidence,[],false,insufficient_evidence
song_5378bc839a3cfbf63f7006b65ec2bac2489545a8bef46b0e14d26a847fef9b11,We Thuggin',Fat Joe Featuring R. Kelly,2001-10-27,15,20,2000s,stratified_hash,high_complex,Hip-Hop / Rap,"[""Hip-Hop / Rap""]","[""Hip-Hop / Rap""]",direct_single_category,"[""MusicBrainz/recording""]",false,confident_primary
song_54a2930e5daaa0fb35da0d3ae5e8b42ed9245a03d1e8e69231196fa54113ff4c,In The End,Linkin Park,2001-11-03,2,39,2000s,challenge,predeclared_identity,,[],[],insufficient_evidence,[],false,insufficient_evidence
song_5aca356d8030a06af559386fa2f10a593d3d0bcf3b14327a50db02d67cfca9a5,Let's Get Down,Bow Wow Featuring Baby,2003-07-05,14,17,2000s,stratified_hash,high_complex,,"[""Pop"", ""Rock"", ""Hip-Hop / Rap"", ""R&B / Soul""]","[""Pop"", ""Rock"", ""Hip-Hop / Rap""]",direct_song_multiple,"[""MusicBrainz/recording""]",true,ambiguous
song_6058e3713e40bd8afc987799134073e143420ae73245243934485c0ff41fb0d2,Gold Digger,Kanye West Featuring Jamie Foxx,2005-07-30,1,39,2000s,challenge,predeclared_identity,,"[""Pop"", ""Hip-Hop / Rap"", ""R&B / Soul"", ""Electronic / Dance""]","[""Hip-Hop / Rap"", ""Electronic / Dance""]",direct_song_multiple,"[""MusicBrainz/recording""]",true,ambiguous
song_63a8142a4d44bdc9567486fe79a2217646c9c984464703f50584b33c9af4b2ee,What's Your Fantasy,Ludacris Featuring Shawnna,2000-09-30,21,22,2000s,stratified_hash,high_complex,Hip-Hop / Rap,"[""Hip-Hop / Rap""]","[""Hip-Hop / Rap""]",direct_single_category,"[""MusicBrainz/recording""]",false,confident_primary
song_6ccb3e49d2962a804c8e24914948ebaa0fc67ee45d64197dea1eef5d3ee1dcb9,Unwritten,Natasha Bedingfield,2005-12-10,5,42,2000s,stratified_hash,high_simple,,"[""Pop"", ""Rock"", ""Hip-Hop / Rap"", ""Electronic / Dance"", ""Alternative / Indie""]","[""Pop"", ""Rock"", ""Hip-Hop / Rap"", ""Electronic / Dance"", ""Alternative / Indie""]",direct_song_multiple,"[""MusicBrainz/recording""]",true,ambiguous
song_6cda31159f4d6dcdb0c80f2a8d40cfb6ae13ad3a19e5a32e88ce6b47db330dae,God In Me,"Mary Mary Featuring Kierra ""KiKi"" Sheard",2009-07-18,68,20,2000s,stratified_hash,lower_complex,,"[""R&B / Soul"", ""Gospel / Christian""]","[""R&B / Soul"", ""Gospel / Christian""]",direct_song_multiple,"[""MusicBrainz/recording""]",true,ambiguous
song_6e5d8029c506f51ce90b3a6a2999e7adb3b0e6d11a748d072eabea5e30402392,Loser,3 Doors Down,2000-10-21,55,20,2000s,stratified_hash,lower_simple,,"[""Pop"", ""Rock"", ""Alternative / Indie"", ""Metal""]","[""Pop"", ""Rock"", ""Alternative / Indie"", ""Metal""]",direct_song_multiple,"[""MusicBrainz/recording""]",true,ambiguous
song_70067d6ae676d55c40d2bd2dc565bb20081346cbf38b23c05fca7adf356973b2,Karma,Lloyd Banks Featuring Avant,2004-11-20,17,20,2000s,stratified_hash,high_complex,,[],[],insufficient_evidence,[],false,insufficient_evidence
song_70900a0ccd6744ecc1717fb703c8e1af72932434bd9a2708ed285ac0437294d8,Taking You Home,Don Henley,2000-06-24,58,20,2000s,stratified_hash,lower_simple,,"[""Pop"", ""Rock""]","[""Pop"", ""Rock""]",direct_song_multiple,"[""MusicBrainz/recording""]",true,ambiguous
song_71147487997243ed502c93376408a146dc10fbc064a7e95f9917a826dd29a95c,I Can Only Imagine,MercyMe,2003-10-11,71,18,2000s,challenge,predeclared_identity,,"[""Pop"", ""Rock"", ""Hip-Hop / Rap"", ""Folk / Singer-Songwriter"", ""Gospel / Christian""]","[""Pop"", ""Rock"", ""Hip-Hop / Rap"", ""Folk / Singer-Songwriter"", ""Gospel / Christian""]",direct_song_multiple,"[""MusicBrainz/recording""]",true,ambiguous
song_748ee64ed38c571875c5e888fb6e179c03b9b35d2efb0b5002cfdd4d7c07df09,All Falls Down,Kanye West Featuring Syleena Johnson,2004-03-13,7,20,2000s,stratified_hash,high_complex,,[],[],insufficient_evidence,[],false,insufficient_evidence
song_74d66195fec3569a1e3d88dc420206fb1c36bac811ae60670a697f87b3b6440e,Storm,Lenny Kravitz Featuring Jay-Z,2004-08-28,98,1,2000s,stratified_hash,lower_complex,,"[""Pop"", ""Rock"", ""Alternative / Indie""]","[""Pop"", ""Rock"", ""Alternative / Indie""]",direct_song_multiple,"[""MusicBrainz/recording""]",true,ambiguous
song_7628d7c89369b86236d0a545d69be37dddd4c1188b65d11a1a55ea4ff0619538,Angel,Shaggy Featuring Rayvon,2000-12-30,1,28,2000s,stratified_hash,high_complex,,"[""Pop"", ""Rock"", ""Hip-Hop / Rap"", ""R&B / Soul"", ""Reggae / Dancehall""]","[""Pop"", ""Rock"", ""Hip-Hop / Rap"", ""R&B / Soul"", ""Reggae / Dancehall""]",direct_song_multiple,"[""MusicBrainz/recording""]",true,ambiguous
song_7777912a427e8889d0ef0b067fdacad66d788f81927b6d247a8c360162c112d5,Chasing Pavements,Adele,2008-11-08,21,7,2000s,stratified_hash,high_simple,,"[""Pop"", ""R&B / Soul"", ""Alternative / Indie""]","[""Pop"", ""R&B / Soul"", ""Alternative / Indie""]",direct_song_multiple,"[""MusicBrainz/recording""]",true,ambiguous
song_7c3e690b3fc996c3e871ff482c1a84a41d7474ece4fb6467f3f2e039caeb94a8,Angel,Lionel Richie,2001-05-05,70,18,2000s,stratified_hash,lower_simple,,"[""Pop"", ""Rock"", ""R&B / Soul""]","[""Pop"", ""Rock"", ""R&B / Soul""]",artist_context_multiple,"[""Wikidata/artist""]",true,ambiguous
song_82cc7c9780e3340ad82f5a3622292b290007c3cc0bb566f91df6df8fade52fa1,My Immortal,Evanescence,2004-01-10,7,32,2000s,stratified_hash,high_simple,,"[""Pop"", ""Rock"", ""Alternative / Indie"", ""Metal""]","[""Pop"", ""Alternative / Indie"", ""Metal""]",direct_song_multiple,"[""MusicBrainz/recording""]",true,ambiguous
song_88c7f400820aee145eea762b34117646ce5f51b0b1d4a1b7fc4728dd9c82452f,Knock Knock,Monica,2003-09-27,75,18,2000s,stratified_hash,lower_simple,,"[""Hip-Hop / Rap"", ""R&B / Soul""]","[""Hip-Hop / Rap"", ""R&B / Soul""]",direct_song_multiple,"[""MusicBrainz/recording""]",true,ambiguous
song_943dd3a9ff7589bea515bb45f8529f89af88cb170214a4e9993f79361287aeb5,Why Don't We Just Dance,Josh Turner,2009-11-28,35,20,2000s,stratified_hash,lower_simple,Country,"[""Country""]","[""Country""]",direct_single_category,"[""MusicBrainz/recording""]",false,confident_primary
song_996fc13ebba5211b1521445586be9c9219d0d460f6506b42000925cfd3f62d29,Feel Good Time,P!nk Featuring William Orbit,2003-06-28,60,5,2000s,stratified_hash,lower_complex,,"[""Pop"", ""Rock"", ""Hip-Hop / Rap""]","[""Pop"", ""Rock"", ""Hip-Hop / Rap""]",direct_song_multiple,"[""MusicBrainz/recording""]",true,ambiguous
song_9bfd0b1339802a6c5c4fe6dc0ee0b93cc3e80ebde69768c0cae5461a88f536aa,Where The Party At,Jagged Edge With Nelly,2001-06-02,3,29,2000s,stratified_hash,high_complex,,"[""Hip-Hop / Rap"", ""R&B / Soul""]","[""Hip-Hop / Rap"", ""R&B / Soul""]",direct_song_multiple,"[""MusicBrainz/recording""]",true,ambiguous
song_9f0205ec029e0b6f593d60d7cf67ec76b7ec4577727891ba8980944096dd0b93,Billy's Got His Beer Goggles On,Neal McCoy,2005-10-08,75,9,2000s,stratified_hash,lower_simple,,[],[],insufficient_evidence,[],false,insufficient_evidence
song_a641c3af2dfc107e7dc72b0ecf027e41b6fd4935571cb19f81e547926e6689ae,Looking For You,Kirk Franklin,2005-12-10,61,20,2000s,challenge,predeclared_identity,,"[""R&B / Soul"", ""Gospel / Christian""]","[""R&B / Soul"", ""Gospel / Christian""]",direct_song_multiple,"[""MusicBrainz/recording""]",true,ambiguous
song_b5c97790cfca7b2981b12db34b34b063292c45fa5361f991bd0b6216bc470be5,Turn My Swag On,Soulja Boy Tell'em,2009-03-21,19,20,2000s,stratified_hash,high_simple,,[],[],insufficient_evidence,[],false,insufficient_evidence
song_bc41da1b6229b858203ef404e08488f0a04c820ce21841a7cc3b1474d3b14bc0,Last Christmas,Glee Cast,2009-12-19,63,2,2000s,stratified_hash,lower_simple,,[],[],insufficient_evidence,[],false,insufficient_evidence
song_c321c0f3f24d05bfcabf9ad27b021dacc0059a54dff16da3289392415ce09a0a,Been There,Clint Black With Steve Wariner,2000-02-19,44,20,2000s,stratified_hash,lower_complex,Country,"[""Country""]","[""Country""]",direct_single_category,"[""MusicBrainz/recording""]",false,confident_primary
song_d24f6fd8895421cd9acf561e8f8930a76b1cf98a7c08be860ff51ab33f11f6a2,Don't Know Why,Norah Jones,2002-09-28,30,31,2000s,challenge,predeclared_identity,,"[""Pop"", ""Rock"", ""R&B / Soul"", ""Country"", ""Electronic / Dance"", ""Folk / Singer-Songwriter"", ""Jazz / Blues""]","[""Pop"", ""Rock"", ""R&B / Soul"", ""Country"", ""Electronic / Dance"", ""Folk / Singer-Songwriter"", ""Jazz / Blues""]",direct_song_multiple,"[""MusicBrainz/recording""]",true,ambiguous
song_d4e4a0acacdcfc34a43edd550ec19e062400394273001c5955a96c90b2295553,Crazy In Love,Beyonce Featuring Jay Z,2003-05-24,1,27,2000s,challenge,predeclared_identity,,"[""Pop"", ""Rock"", ""Hip-Hop / Rap"", ""R&B / Soul"", ""Country"", ""Electronic / Dance"", ""Reggae / Dancehall""]","[""Pop"", ""Rock"", ""Hip-Hop / Rap"", ""R&B / Soul"", ""Electronic / Dance"", ""Reggae / Dancehall""]",direct_song_multiple,"[""MusicBrainz/recording""]",true,ambiguous
song_daabc3fcc80e89d1e71b47d97bb6b8d2999cdff7cc3bf60b12cf8062c9d77f88,Hips Don't Lie,Shakira Featuring Wyclef Jean,2006-04-01,1,31,2000s,challenge,predeclared_identity,,[],[],insufficient_evidence,[],false,insufficient_evidence
song_e39b7c853dbe1a93b5faa80a89367a61970c43c36de051fc9e3ee961ca5ccc39,Anything,Jaheim Featuring Next,2002-02-23,28,20,2000s,stratified_hash,lower_complex,,"[""Hip-Hop / Rap"", ""R&B / Soul""]","[""Hip-Hop / Rap"", ""R&B / Soul""]",direct_song_multiple,"[""MusicBrainz/recording""]",true,ambiguous
song_ee57e8521ab2ef3de7bbb1d8f9a3791d217caa268013af957bacc28fbfc084a8,4 Ever,Lil' Mo Featuring Fabolous,2003-03-22,37,20,2000s,stratified_hash,lower_complex,,"[""Hip-Hop / Rap""]","[""Hip-Hop / Rap""]",artist_context_only,"[""Wikidata/artist""]",false,context_only
song_fa039d082737c37a4943e6e42a47f1e042d19155cb2ceb3529b393f70a8ec415,About Us,Brooke Hogan Featuring Paul Wall,2006-08-19,33,17,2000s,stratified_hash,lower_complex,,[],[],insufficient_evidence,[],false,insufficient_evidence
song_129b7fae7d8441b9a86fc7dd311fc4771fdfba128e62668976c5c3d9f984bf50,Gangnam Style,PSY,2012-09-22,2,31,2010–2019,challenge,predeclared_identity,,[],[],insufficient_evidence,[],false,insufficient_evidence
song_1536f56260fa47cc50543a8b42effe5f14f56b430b7680f4ca015d96bb96abf4,Not Afraid,Eminem,2010-05-22,1,25,2010–2019,stratified_hash,high_simple,,"[""Pop"", ""Hip-Hop / Rap""]","[""Pop"", ""Hip-Hop / Rap""]",direct_song_multiple,"[""MusicBrainz/recording""]",true,ambiguous
song_20d194e9002a0698e50739753a0161e3b89d4e5f803d13768fefb9fafef15d86,Allergic,Post Malone,2019-09-21,37,2,2010–2019,stratified_hash,lower_simple,,[],[],insufficient_evidence,[],false,insufficient_evidence
song_281bf843e63cfc26de275096d493c66105a4aa81844dc618ba901b09393cbe8f,Redbone,Childish Gambino,2016-12-10,12,44,2010–2019,challenge,predeclared_identity,,"[""Hip-Hop / Rap"", ""Electronic / Dance""]","[""Hip-Hop / Rap"", ""Electronic / Dance""]",direct_song_multiple,"[""MusicBrainz/recording""]",true,ambiguous
song_3189c8cc897e59c9677a0d9ffeab56b397eace0c2786b0e6fdd7e5e5e2168863,On My Mind,Ellie Goulding,2015-10-10,13,22,2010–2019,stratified_hash,high_simple,,"[""Pop"", ""R&B / Soul"", ""Electronic / Dance""]","[""Pop"", ""R&B / Soul"", ""Electronic / Dance""]",direct_song_multiple,"[""MusicBrainz/recording""]",true,ambiguous
song_318e21fe01aacfa42c555181378f929557a647f117d365385416e82be36f0e83,God's Country,Blake Shelton,2019-04-13,17,23,2010–2019,stratified_hash,high_simple,,"[""Pop"", ""Rock"", ""Country""]","[""Pop"", ""Rock"", ""Country""]",direct_song_multiple,"[""MusicBrainz/recording""]",true,ambiguous
song_35edd26ad9553a5289526ef08f23c589a04df3bd4b2f092ac01ec46d576f7def,Hangover,PSY Featuring Snoop Dogg,2014-06-28,26,1,2010–2019,stratified_hash,lower_complex,Electronic / Dance,"[""Electronic / Dance""]","[""Electronic / Dance""]",direct_single_category,"[""MusicBrainz/recording""]",false,confident_primary
song_38ad35dbd6683e41f1dc64d45b224b8f232e01c8d1674aa7dfb650bfd6feaaf2,Senorita,Shawn Mendes & Camila Cabello,2019-07-06,1,37,2010–2019,stratified_hash,high_complex,,[],[],insufficient_evidence,[],false,insufficient_evidence
song_3accd4916e404b4e6be8c5fc473b0d4a1990e0d906455bf2b4cbdaf56b8c673a,Do It Again,Pia Mia Featuring Chris Brown & Tyga,2015-07-18,71,11,2010–2019,stratified_hash,lower_complex,,[],[],insufficient_evidence,[],false,insufficient_evidence
song_3d3cefb9c6aa19ee0152805743b64569a0f4480e16596ecf31e018332bc6aeba,Geronimo,Sheppard,2014-12-20,53,21,2010–2019,stratified_hash,lower_simple,,"[""Pop"", ""Rock"", ""Alternative / Indie""]","[""Pop"", ""Rock"", ""Alternative / Indie""]",direct_song_multiple,"[""MusicBrainz/recording""]",true,ambiguous
song_40d619f96504faf89aa2f8f5c8bf78a6e6edc07db041ec3bedf1b2d50ca4e8c9,Blinding Lights,The Weeknd,2019-12-14,1,90,2010–2019,challenge,predeclared_identity,,"[""Pop"", ""Rock"", ""R&B / Soul"", ""Electronic / Dance"", ""Jazz / Blues""]","[""Pop"", ""Rock"", ""R&B / Soul"", ""Electronic / Dance"", ""Jazz / Blues""]",direct_song_multiple,"[""MusicBrainz/recording""]",true,ambiguous
song_423a4820d33cc9da1e6bf4d9f5b53fc63f55b5dd9d6e0f632d2a12a400ee19ca,Die A Happy Man,Thomas Rhett,2015-10-10,21,30,2010–2019,stratified_hash,high_simple,Country,"[""Country""]","[""Country""]",direct_single_category,"[""MusicBrainz/recording""]",false,confident_primary
song_43cbbe25d01436f24fa263dfde7adfd25ac01df38bb9626312dc241b8daa4857,Shake It Off,Taylor Swift,2014-09-06,1,50,2010–2019,challenge,predeclared_identity,,"[""Pop"", ""Rock"", ""Country"", ""Alternative / Indie""]","[""Pop"", ""Rock"", ""Country"", ""Alternative / Indie""]",direct_song_multiple,"[""MusicBrainz/recording""]",true,ambiguous
song_44683eee837441e8cd22fc679ce347dff944f316f116b720b5e90a5580462716,Barcelona,Ed Sheeran,2017-03-25,96,1,2010–2019,stratified_hash,lower_simple,,"[""Pop"", ""Rock"", ""Hip-Hop / Rap"", ""Alternative / Indie""]","[""Pop"", ""Rock"", ""Alternative / Indie""]",direct_song_multiple,"[""MusicBrainz/recording""]",true,ambiguous
song_45c7222e2fbc0c27b8900bb121db2776b20d40638a2c09cf10eb0591ea2b333a,La Bicicleta,Carlos Vives & Shakira,2016-07-30,95,1,2010–2019,stratified_hash,lower_complex,Pop,"[""Pop""]","[""Pop""]",direct_single_category,"[""MusicBrainz/recording""]",false,confident_primary
song_45daab3f8a874dbbadc9a76ad99d877bec99477a47bb9de6e7611a99761856e6,Reflektor,Arcade Fire,2013-09-28,99,1,2010–2019,stratified_hash,lower_simple,,"[""Pop"", ""Rock"", ""Electronic / Dance"", ""Alternative / Indie""]","[""Pop"", ""Rock"", ""Electronic / Dance"", ""Alternative / Indie""]",direct_song_multiple,"[""MusicBrainz/recording""]",true,ambiguous
song_4b7c580974959a23da3280d85175cf219b9e7a2fb47a5170194c04b30f5153e8,Lean On,Major Lazer & DJ Snake Featuring MO,2015-04-25,4,48,2010–2019,stratified_hash,high_complex,,[],[],insufficient_evidence,[],false,insufficient_evidence
song_4eae3f5dee0b723259008e29b320e0f0ff6062138a7f10018b9bbc1ccfa4df2b,Put You In A Song,Keith Urban,2010-10-02,53,20,2010–2019,stratified_hash,lower_simple,Country,"[""Country""]","[""Country""]",direct_single_category,"[""MusicBrainz/recording""]",false,confident_primary
song_54fa1a7fe242cd86c6694031c7b71d8124f3dde1b2517e4e3792498a2d2709a9,Dear Future Husband,Meghan Trainor,2014-09-27,14,24,2010–2019,stratified_hash,high_simple,,"[""Pop"", ""Hip-Hop / Rap"", ""R&B / Soul"", ""Reggae / Dancehall""]","[""Pop"", ""Hip-Hop / Rap"", ""R&B / Soul"", ""Reggae / Dancehall""]",direct_song_multiple,"[""MusicBrainz/recording""]",true,ambiguous
song_6595ebab0344ee24bb1690547db9e2e8e237034e13bebca379677511ee60217f,Drink A Beer,Luke Bryan,2013-11-23,31,20,2010–2019,stratified_hash,lower_simple,Country,"[""Country""]","[""Country""]",direct_single_category,"[""MusicBrainz/recording""]",false,confident_primary
song_695e422dbade3ba08674fe80528f816e49d4db0c0462ec073a9b0b8608aa9708,I Need Your Love,Calvin Harris Featuring Ellie Goulding,2013-05-04,16,25,2010–2019,stratified_hash,high_complex,,"[""Pop"", ""Electronic / Dance""]","[""Pop"", ""Electronic / Dance""]",direct_song_multiple,"[""MusicBrainz/recording""]",true,ambiguous
song_69823ed1beab1c15adab303458294de6aa805b844e4d9bc1cb759b53d8e1d0b8,Murder On My Mind,YNW Melly,2019-02-02,14,20,2010–2019,stratified_hash,high_simple,Pop,"[""Pop""]","[""Pop""]",direct_single_category,"[""MusicBrainz/recording""]",false,confident_primary
song_8665a124456b78459e42436a6abf3c1cd6dbf5a06c66ddfbe532cd2370a375f9,Human,Christina Perri,2014-02-22,31,20,2010–2019,stratified_hash,lower_simple,,"[""Pop"", ""Alternative / Indie""]","[""Pop"", ""Alternative / Indie""]",direct_song_multiple,"[""MusicBrainz/recording""]",true,ambiguous
song_8dcf9229ba601d5dfc631d938739f35b4c55d54f42babf5a5e9219d96a98bb2a,I Like It,"Cardi B, Bad Bunny & J Balvin",2018-04-21,1,51,2010–2019,challenge,predeclared_identity,Hip-Hop / Rap,"[""Hip-Hop / Rap"", ""Latin""]","[""Hip-Hop / Rap""]",direct_single_category,"[""MusicBrainz/recording""]",false,confident_primary
song_8f07b312859728d4bf2609cb106629aed8c5e362ff51c10ba7e2fd42c64ab2db,Both Of Us,B.o.B Featuring Taylor Swift,2012-05-19,18,19,2010–2019,stratified_hash,high_complex,,"[""Pop"", ""Country""]","[""Pop"", ""Country""]",artist_context_multiple,"[""Wikidata/artist""]",true,ambiguous
song_924796ac685f2d06b74e6f58caa5d6bb561d9f0444e2180dcd461857eebb3ab6,Am I Wrong,Nico & Vinz,2014-05-03,4,31,2010–2019,stratified_hash,high_complex,,"[""Pop"", ""Hip-Hop / Rap"", ""Electronic / Dance"", ""Afrobeats / African Pop""]","[""Pop"", ""Hip-Hop / Rap"", ""Electronic / Dance"", ""Afrobeats / African Pop""]",direct_song_multiple,"[""MusicBrainz/recording""]",true,ambiguous
song_99235bf561176147ff67d9801a605c6ab67ff1a07d0ddeba8f6c1ac275c70651,Heart On Ice,Rod Wave,2019-11-23,25,27,2010–2019,stratified_hash,high_simple,,[],[],insufficient_evidence,[],false,insufficient_evidence
song_a27c2bb0abe81ac1630dccbf655e722f0266e40065d8d04084cad9a5a186249a,No Problem,Chance The Rapper Featuring Lil Wayne & 2 Chainz,2016-06-04,43,26,2010–2019,stratified_hash,lower_complex,Hip-Hop / Rap,"[""Hip-Hop / Rap""]","[""Hip-Hop / Rap""]",direct_single_category,"[""MusicBrainz/recording""]",false,confident_primary
song_a46ccdc0a74a08b1c2085817b9f803de01ba0c8b8ffdd24d1085ebe681e3bf43,You Say,Lauren Daigle,2018-07-28,29,43,2010–2019,challenge,predeclared_identity,,[],[],insufficient_evidence,[],false,insufficient_evidence
song_aaa0e4a963fc10aa6f920a0aac49efadb98b0565d37028e63fbe65b523fb1575,Lighters,Bad Meets Evil Featuring Bruno Mars,2011-07-02,4,22,2010–2019,stratified_hash,high_complex,,"[""Pop"", ""Rock"", ""Hip-Hop / Rap"", ""R&B / Soul"", ""Electronic / Dance"", ""Alternative / Indie""]","[""Pop"", ""Rock"", ""Hip-Hop / Rap"", ""R&B / Soul"", ""Electronic / Dance"", ""Alternative / Indie""]",direct_song_multiple,"[""MusicBrainz/recording""]",true,ambiguous
song_b368dcca49e573d3263eff812c0545caeaf18a85810fd9d49bda1b38d429e3c8,We Found Love,Rihanna Featuring Calvin Harris,2011-10-08,1,42,2010–2019,challenge,predeclared_identity,,"[""Pop"", ""R&B / Soul"", ""Electronic / Dance""]","[""Pop"", ""R&B / Soul"", ""Electronic / Dance""]",direct_song_multiple,"[""MusicBrainz/recording""]",true,ambiguous
song_b932fc43127c8cc5cf67c26ca4a128ed158ce8142010a3293540b1e6efda9729,Spoil My Night,Post Malone Featuring Swae Lee,2018-05-12,15,5,2010–2019,stratified_hash,high_complex,Hip-Hop / Rap,"[""Hip-Hop / Rap""]","[""Hip-Hop / Rap""]",direct_single_category,"[""MusicBrainz/recording""]",false,confident_primary
song_bc1676afe5cb4a4d64dbc784d23053c57d5bdcda1265d545574404fea263f627,One Dance,Drake Featuring WizKid & Kyla,2016-04-23,1,36,2010–2019,challenge,predeclared_identity,,"[""Pop"", ""Hip-Hop / Rap"", ""R&B / Soul"", ""Reggae / Dancehall"", ""Afrobeats / African Pop""]","[""Pop"", ""Hip-Hop / Rap"", ""R&B / Soul"", ""Reggae / Dancehall"", ""Afrobeats / African Pop""]",direct_song_multiple,"[""MusicBrainz/recording""]",true,ambiguous
song_bd72ce8520bb43c6df197891b00a37881358525b47037917365633e5d1ac18a0,Rotten To The Core,"Dove Cameron, Cameron Boyce, Booboo Stewart & Sofia Carson",2015-08-22,38,6,2010–2019,stratified_hash,lower_complex,,[],[],insufficient_evidence,[],false,insufficient_evidence
song_bded4c90718f9ec35824c0d6db43e68e1886357579a53851ed80f4c4df644c4f,Get Lucky,Daft Punk Featuring Pharrell Williams,2013-05-04,2,29,2010–2019,challenge,predeclared_identity,,"[""Pop"", ""Hip-Hop / Rap"", ""R&B / Soul"", ""Electronic / Dance"", ""Alternative / Indie"", ""Reggae / Dancehall""]","[""Pop"", ""Hip-Hop / Rap"", ""R&B / Soul"", ""Electronic / Dance"", ""Alternative / Indie"", ""Reggae / Dancehall""]",direct_song_multiple,"[""MusicBrainz/recording""]",true,ambiguous
song_c73630cbce298becd39125cf280c97d9985578261653d069ff5431a5a999de43,Pretty Girls,Iyaz Featuring Travie McCoy,2011-07-16,43,14,2010–2019,stratified_hash,lower_complex,,[],[],insufficient_evidence,[],false,insufficient_evidence
song_db7d862b0ddc918e090d876541a63028f5d45b90416f6075469c14b13793bc0a,The Boys of Fall,Kenny Chesney,2010-08-14,18,18,2010–2019,stratified_hash,high_simple,Country,"[""Country""]","[""Country""]",direct_single_category,"[""MusicBrainz/recording""]",false,confident_primary
song_dce16762d9c1c93a56f2d8610ed06810e5b7d751cf1c094513b3d40a8756af0e,My House,Flo Rida,2015-11-28,4,39,2010–2019,stratified_hash,high_simple,,[],[],insufficient_evidence,[],false,insufficient_evidence
song_e4d2a835b54f92d8f7e1ce6ccec9bfad08ca4df59dc052fc94a65e5461e099a3,She's Got A Way With Words,Blake Shelton,2016-07-16,61,12,2010–2019,stratified_hash,lower_simple,Country,"[""Country""]","[""Country""]",direct_single_category,"[""MusicBrainz/recording""]",false,confident_primary
song_ecb2eaba04133bd3bf991f0546cd24c82bf76d8c0477040fa17420eab4f91396,Here With Me,Marshmello Featuring CHVRCHES,2019-03-23,31,16,2010–2019,stratified_hash,lower_complex,Pop,"[""Pop""]","[""Pop""]",direct_single_category,"[""MusicBrainz/recording""]",false,confident_primary
song_ee609cb946e2acfbea67800c78b1fd34dc779ede1eeebbfcef2121cc2fcc452b,Karate Chop (Remix),Future Featuring Lil Wayne,2013-03-09,82,12,2010–2019,stratified_hash,lower_complex,Hip-Hop / Rap,"[""Hip-Hop / Rap""]","[""Hip-Hop / Rap""]",direct_single_category,"[""MusicBrainz/recording""]",false,confident_primary
song_faa0e48f9b6e0a4a092f2ce055e9c5d96d70c0abe941a888a98bd2ebfb4ad1f3,Sunflower (Spider-Man: Into The Spider-Verse),Post Malone & Swae Lee,2018-11-03,1,53,2010–2019,stratified_hash,high_complex,,"[""Pop"", ""Hip-Hop / Rap""]","[""Pop"", ""Hip-Hop / Rap""]",direct_song_multiple,"[""MusicBrainz/recording""]",true,ambiguous
song_fc245e54afcc2a2725b53d7ab475b9b5009d8df3b072a0879c4cbd0c34bcaa84,Meant To Be,Bebe Rexha & Florida Georgia Line,2017-11-11,2,51,2010–2019,stratified_hash,high_complex,,[],[],insufficient_evidence,[],false,insufficient_evidence
song_06018125bb187ee03e5005d52d433305c7ca3abbd08c919f84355f8c4a8e5eb4,Iloveitiloveitiloveit,Bella Kay,2026-02-28,17,26,2020–2026,stratified_hash,high_simple,Pop,"[""Pop""]","[""Pop""]",direct_single_category,"[""MusicBrainz/recording""]",false,confident_primary
song_09acaf36a0701d6da9fd5c343232f2bea10749bd7f69bad7257803ffc4c91d90,Eyes Are Closed,Morgan Wallen,2025-05-31,22,7,2020–2026,stratified_hash,high_simple,Country,"[""Pop"", ""Country""]","[""Country""]",direct_single_category,"[""MusicBrainz/recording""]",false,confident_primary
song_0df51cb7ce0b42b34fada05559e56daea8ca38c0aa2e2c5889881d1c1887f1d4,Bang!,AJR,2020-07-04,8,35,2020–2026,stratified_hash,high_simple,Electronic / Dance,"[""Electronic / Dance""]","[""Electronic / Dance""]",direct_single_category,"[""MusicBrainz/recording""]",false,confident_primary
song_13eb0e9ddf7ddd4df000e37b6f413d19952cf52f83bbce21caab7ad163ac6341,Calm Down,Rema & Selena Gomez,2022-09-17,3,57,2020–2026,challenge,predeclared_identity,Pop,"[""Pop""]","[""Pop""]",direct_single_category,"[""MusicBrainz/recording""]",false,confident_primary
song_16ea26d0109d1cb3a4f394549948be0c8c9f840e8428c98663b71fbcdb1f6bc4,Coincidence,Sabrina Carpenter,2024-09-07,26,7,2020–2026,stratified_hash,lower_simple,,"[""Pop"", ""Folk / Singer-Songwriter""]","[""Pop"", ""Folk / Singer-Songwriter""]",direct_song_multiple,"[""MusicBrainz/recording""]",true,ambiguous
song_2582bf1b159682a63c32b25e9c45a1908036654ff50eae584eeffe3d2c7603ea,Good 4 U,Olivia Rodrigo,2021-05-29,1,51,2020–2026,challenge,predeclared_identity,,"[""Pop"", ""Rock"", ""Alternative / Indie""]","[""Pop"", ""Rock"", ""Alternative / Indie""]",direct_song_multiple,"[""MusicBrainz/recording""]",true,ambiguous
song_29f66b67b267b23979aee55f752c6a4cf5079b6f2a0a44701cc34b619a2a7142,IMY2,Drake Featuring Kid Cudi,2021-09-18,22,2,2020–2026,stratified_hash,high_complex,,"[""Pop"", ""R&B / Soul""]","[""Pop"", ""R&B / Soul""]",direct_song_multiple,"[""MusicBrainz/recording""]",true,ambiguous
song_2c30bf5fd805f637201e1f648e5f43997dd57e3aefda5561672d7f909dd6c0d2,Free Mind,Tems,2022-07-30,46,21,2020–2026,challenge,predeclared_identity,,[],[],insufficient_evidence,[],false,insufficient_evidence
song_2d92f4a760127b281b02f5cbb0e9b9e47eaaf826135df7b2bc9484db5687d9f8,AA,Walker Hayes,2022-01-15,28,24,2020–2026,stratified_hash,lower_simple,,[],[],insufficient_evidence,[],false,insufficient_evidence
song_2f6e3e6b8104a54fd692e7b4ef922b58471ea5a0b754739f1a4bea2e60912bf8,Moscow Mule,Bad Bunny,2022-05-21,4,23,2020–2026,challenge,predeclared_identity,Latin,"[""Hip-Hop / Rap"", ""Latin""]","[""Latin""]",direct_single_category,"[""MusicBrainz/recording""]",false,confident_primary
song_37f9525d177a36c4812035064592b279f2fc32067fbfd71f404598be3ba7dcce,Tit For Tat,Tate McRae,2025-10-11,3,26,2020–2026,stratified_hash,high_simple,,"[""Pop"", ""Hip-Hop / Rap"", ""R&B / Soul"", ""Electronic / Dance""]","[""Pop"", ""Hip-Hop / Rap"", ""R&B / Soul"", ""Electronic / Dance""]",direct_song_multiple,"[""MusicBrainz/recording""]",true,ambiguous
song_3b83775d647bb24e046c9df8fa3b36dbf1fdd7ad69a9982951a207ec4aaf441f,We Don't Trust You,Future & Metro Boomin,2024-04-06,8,4,2020–2026,stratified_hash,high_complex,,"[""Hip-Hop / Rap""]","[""Hip-Hop / Rap""]",artist_context_only,"[""MusicBrainz/artist"", ""Wikidata/artist""]",false,context_only
song_43a3c28b92006dfa57ea20e3efce754cbb2fde0e1621444da8eb022d7b067b5b,Monaco,Bad Bunny,2023-10-28,5,21,2020–2026,stratified_hash,high_simple,,[],[],insufficient_evidence,[],false,insufficient_evidence
song_4f66619c4083f7c16d5ab1d1161ab6c4eff18bec71458f607e82b7fd839cdc29,Sugar On My Tongue,"Tyler, the Creator",2025-08-02,41,18,2020–2026,stratified_hash,lower_complex,,[],[],insufficient_evidence,[],false,insufficient_evidence
song_5e0db40b686cb1b722ccbd809d6664d820387165eaf111c8dda102bc602ee066,'Til You Can't,Cody Johnson,2021-10-23,18,36,2020–2026,challenge,predeclared_identity,Country,"[""Country""]","[""Country""]",direct_single_category,"[""MusicBrainz/recording""]",false,confident_primary
song_657624a03eec82295dcc4b7e5f65d60e6e3e8327ab5967b934b28371d060205b,Meltdown,Travis Scott Featuring Drake,2023-08-12,3,19,2020–2026,stratified_hash,high_complex,,[],[],insufficient_evidence,[],false,insufficient_evidence
song_733e4b6f3321d3f1f4506afc9ec8b748aa2f3f9a3a0759a41152cfdf8ed4aa37,The Life Of A Showgirl,Taylor Swift Featuring Sabrina Carpenter,2025-10-18,8,11,2020–2026,stratified_hash,high_complex,,"[""Pop"", ""Country"", ""Electronic / Dance""]","[""Pop"", ""Electronic / Dance""]",direct_song_multiple,"[""MusicBrainz/recording""]",true,ambiguous
song_73f48945a748eba898fdf814f0e9cc5852f53ecbffcecea60a29a2006fd58713,Skate,Silk Sonic (Bruno Mars & Anderson .Paak),2021-08-14,14,9,2020–2026,stratified_hash,high_complex,,[],[],insufficient_evidence,[],false,insufficient_evidence
song_76fa1f23eef57d0fae6fd00ae8b39859ff432bf3cef88c39427b1068d859cd9f,Freakin' Out,Dexter And The Moonrocks,2026-04-04,33,25,2020–2026,stratified_hash,lower_simple,,[],[],insufficient_evidence,[],false,insufficient_evidence
song_87601c4495e29dd78c08f886e87be68703081cf94601eb92946cddd4af0e3c8f,Scared To Start,Michael Marcagi,2024-02-17,54,23,2020–2026,stratified_hash,lower_simple,,"[""Pop"", ""Alternative / Indie"", ""Jazz / Blues""]","[""Pop"", ""Alternative / Indie"", ""Jazz / Blues""]",direct_song_multiple,"[""MusicBrainz/recording""]",true,ambiguous
song_8cabf73aee51cdc04b1de61678cdf92a72f5c75171f8e9f4047833f5ffa10e72,2040,Lil Baby & Lil Durk,2021-06-19,31,2,2020–2026,stratified_hash,lower_complex,,[],[],insufficient_evidence,[],false,insufficient_evidence
song_9adb3d1a0131719ef13c364403cf53a1962d992abdcd05c29cd951e04ab8cc07,Water,Tyla,2023-10-14,7,29,2020–2026,challenge,predeclared_identity,,"[""Pop"", ""R&B / Soul""]","[""Pop"", ""R&B / Soul""]",direct_song_multiple,"[""MusicBrainz/recording""]",true,ambiguous
song_a85c2b7319a6d1100694b5a1c6871fbf8ae7dd4db41701fed7defc5d5cbc8468,What Kinda Man,Parker McCollum,2025-08-30,66,12,2020–2026,stratified_hash,lower_simple,,[],[],insufficient_evidence,[],false,insufficient_evidence
song_ae6df658640328431990dc870952a8bd79d6952671c30aad8294c7fc91096afb,Last Last,Burna Boy,2022-07-23,44,19,2020–2026,challenge,predeclared_identity,,[],[],insufficient_evidence,[],false,insufficient_evidence
song_b028c48b9eef5844f1d9ddf61cbe61a1c74e0e8ded5d1ac5b0ca70f5f39c6ed2,After A Few,Travis Denning,2020-04-11,31,15,2020–2026,stratified_hash,lower_simple,Country,"[""Country""]","[""Country""]",direct_single_category,"[""MusicBrainz/recording""]",false,confident_primary
song_b17ed17841395852c51ebd8c46533bbc42b9790bd96e8a2bc4d32a61e93f64ec,Oh U Went,Young Thug Featuring Drake,2023-07-08,19,15,2020–2026,stratified_hash,high_complex,,[],[],insufficient_evidence,[],false,insufficient_evidence
song_beb686e166af1e1d4043dd7b3528ba4c99a18700c6f3a7242dfd42d5a495c72a,Nonsense,Sabrina Carpenter,2023-01-28,56,19,2020–2026,stratified_hash,lower_simple,,"[""Pop"", ""R&B / Soul"", ""Alternative / Indie""]","[""Pop"", ""R&B / Soul"", ""Alternative / Indie""]",direct_song_multiple,"[""MusicBrainz/recording""]",true,ambiguous
song_c3a98a95fd7b160dac6930b5e68f1923ca9e546da3eb9d48441d487d3f55c3d7,Sneaky,21 Savage,2024-01-27,33,3,2020–2026,stratified_hash,lower_simple,,"[""Hip-Hop / Rap""]","[""Hip-Hop / Rap""]",artist_context_only,"[""Wikidata/artist""]",false,context_only
song_c3d047f8f63b834001f15e6a211ba69af7996df10f0f20284c59a63ffa6e2e76,Runway,Lady Gaga & Doechii,2026-04-25,50,4,2020–2026,stratified_hash,lower_complex,,[],[],insufficient_evidence,[],false,insufficient_evidence
song_c6420d8ecfca0032a3387c63df5134ba2146ac048ea0ffb0aad4bd0d8db6e075,Make Them Pay,Drake,2026-05-30,10,6,2020–2026,stratified_hash,high_simple,,[],[],insufficient_evidence,[],false,insufficient_evidence
song_c947bdc9902c04e11bb64dfc1b9f93d7f7347acabb9a6cbcdf46493ad034c547,Seven,Jung Kook Featuring Latto,2023-07-29,1,15,2020–2026,stratified_hash,high_complex,,"[""Pop"", ""Electronic / Dance""]","[""Pop"", ""Electronic / Dance""]",direct_song_multiple,"[""MusicBrainz/recording""]",true,ambiguous
song_d303660918f1645504b17b34c66f09df19f460405ea8a3c978b6a86333c90053,Nice To Meet You,Myles Smith,2025-06-14,25,33,2020–2026,stratified_hash,high_simple,,"[""Pop"", ""Electronic / Dance""]","[""Pop"", ""Electronic / Dance""]",direct_song_multiple,"[""MusicBrainz/recording""]",true,ambiguous
song_d32a84dacb8bbd6d91a6514decc9b51d7661efe788b020e5bd9ad749cc5ba8db,Essence,Wizkid Featuring Justin Bieber & Tems,2021-07-17,9,35,2020–2026,challenge,predeclared_identity,Electronic / Dance,"[""Pop"", ""R&B / Soul"", ""Latin"", ""Electronic / Dance""]","[""Electronic / Dance""]",direct_single_category,"[""MusicBrainz/recording""]",false,confident_primary
song_d7e9573c1e70adad7ade1b701ddfa86aaeb97415f9841e0d3d90c6dca6ac3cca,Dynamite,BTS,2020-09-05,1,32,2020–2026,challenge,predeclared_identity,,"[""Pop"", ""K-Pop""]","[""Pop"", ""K-Pop""]",direct_song_multiple,"[""MusicBrainz/recording""]",true,ambiguous
song_db04e403f30e54ba8db19acba031571ca1dc8c3259b105812056593f11029127,Ice Cream,BLACKPINK X Selena Gomez,2020-09-12,13,8,2020–2026,challenge,predeclared_identity,,[],[],insufficient_evidence,[],false,insufficient_evidence
song_dc622e83556500e1683288e4bdb9892c32a49dd9dbb2b8b80f8f8bb9eab21fa4,Lifestyle,Jason Derulo Featuring Adam Levine,2021-02-20,71,5,2020–2026,stratified_hash,lower_complex,,"[""Pop"", ""Electronic / Dance"", ""Jazz / Blues""]","[""Pop"", ""Electronic / Dance"", ""Jazz / Blues""]",direct_song_multiple,"[""MusicBrainz/recording""]",true,ambiguous
song_f31e5ce558c5ca0d470646e9d16a8d49e0310dc9d38a21979003381537bfd3b7,Keys To My Life,¥$: Kanye West & Ty Dolla $ign,2024-02-24,55,1,2020–2026,stratified_hash,lower_complex,,[],[],insufficient_evidence,[],false,insufficient_evidence
song_f4570518167097d33c481ab1639d78f88e65f00f4fe8a0125aa94d97782c2125,Road Rage,"Eminem, Dem Jointz & Sly Pyper",2024-07-27,59,1,2020–2026,stratified_hash,lower_complex,,[],[],insufficient_evidence,[],false,insufficient_evidence
song_f5daad636fce6213fbf775c1e0ed2b596ff259fa88b5bea40660fa9ed8dbcaf0,Die With A Smile,Lady Gaga & Bruno Mars,2024-08-31,1,60,2020–2026,stratified_hash,high_complex,,"[""Pop"", ""Rock"", ""R&B / Soul"", ""Electronic / Dance""]","[""Pop"", ""Rock"", ""R&B / Soul"", ""Electronic / Dance""]",direct_song_multiple,"[""MusicBrainz/recording""]",true,ambiguous
song_f71a8469af565fdf41a9efaa9f233185285419106daa5b17f9db0ca2c64a4bad,Selfish,Justin Timberlake,2024-02-10,19,13,2020–2026,stratified_hash,high_simple,,"[""Pop"", ""Hip-Hop / Rap"", ""R&B / Soul""]","[""Pop"", ""Hip-Hop / Rap"", ""R&B / Soul""]",direct_song_multiple,"[""MusicBrainz/recording""]",true,ambiguous
song_f8dd6e390379dbb863c52c009616abec33c43d33e57fad3a074059031a4d9c40,Freedom Was A Highway,Jimmie Allen & Brad Paisley,2021-10-23,45,20,2020–2026,stratified_hash,lower_complex,,"[""Pop"", ""Rock"", ""Country""]","[""Rock"", ""Country""]",direct_song_multiple,"[""MusicBrainz/recording""]",true,ambiguous
song_fbf16c03b4d57fbe0378cb557e9a22424e34468f09a1119ba332fb3e9d7b1836,Back To The Streets,Saweetie Featuring Jhene Aiko,2020-11-07,58,13,2020–2026,stratified_hash,lower_complex,,[],[],insufficient_evidence,[],false,insufficient_evidence
