primary_genre,classifier,valid_rolling_endpoints,earliest_month,earliest_mean,earliest_window_n,earliest_min_monthly_n,latest_month,latest_mean,latest_window_n,latest_min_monthly_n,minimum_month,minimum_mean,minimum_window_n,minimum_min_monthly_n,maximum_month,maximum_mean,maximum_window_n,maximum_min_monthly_n,latest_minus_earliest,rolling_range
All genres,detox_identity_attack,807,1959-07,0.003047478581,782,52,2026-09,0.0354779307,988,79,1965-03,0.001369418954,927,74,2020-07,0.07784089312,1017,79,0.03243045212,0.07647147416
All genres,detox_insult,807,1959-07,0.03462549479,782,52,2026-09,0.1043999282,988,79,1986-09,0.01934022474,988,79,2020-07,0.1966647453,1017,79,0.06977443337,0.1773245206
All genres,detox_obscene,807,1959-07,0.01385033594,782,52,2026-09,0.2003775289,988,79,1961-05,0.005174393634,811,60,2019-02,0.3492078827,999,79,0.186527193,0.3440334891
All genres,detox_severe_toxicity,807,1959-07,0.0002211506286,782,52,2026-09,0.01208515243,988,79,1960-11,4.629649271e-05,832,63,2019-01,0.02754381712,997,79,0.0118640018,0.02749752063
All genres,detox_sexual_explicit,807,1959-07,0.00800937627,782,52,2026-09,0.03775818451,988,79,1969-10,0.002315356484,865,67,2022-04,0.0662454644,990,74,0.02974880824,0.06393010791
All genres,detox_threat,807,1959-07,0.00624630818,782,52,2026-09,0.005266888769,988,79,1976-10,0.001514583094,874,66,2017-02,0.01498749523,1000,80,-0.0009794194112,0.01347291213
All genres,detox_toxicity,807,1959-07,0.07500179662,782,52,2026-09,0.2651548339,988,79,1969-11,0.05217071156,862,67,2019-02,0.431305919,999,79,0.1901530373,0.3791352074
All genres,emotion_admiration,807,1959-07,0.03378142709,782,52,2026-09,0.02048546789,988,79,2024-03,0.0138926249,1024,80,2003-10,0.04299017204,954,77,-0.0132959592,0.02909754713
All genres,emotion_amusement,807,1959-07,0.02138528607,782,52,2026-09,0.02586711069,988,79,1981-10,0.006542169965,991,71,2014-09,0.03589128669,1051,83,0.004481824627,0.02934911672
All genres,emotion_anger,807,1959-07,0.008739591133,782,52,2026-09,0.0323968011,988,79,1960-04,0.007249986908,776,52,2024-07,0.05964092549,1033,82,0.02365720997,0.05239093858
All genres,emotion_annoyance,807,1959-07,0.02165419385,782,52,2026-09,0.0728555994,988,79,1960-04,0.01893121874,776,52,2024-07,0.1116899663,1033,82,0.05120140556,0.09275874755
All genres,emotion_approval,807,1959-07,0.03725448488,782,52,2026-09,0.0582495519,988,79,1959-07,0.03725448488,782,52,2004-04,0.06604121145,932,71,0.02099506701,0.02878672656
All genres,emotion_caring,807,1959-07,0.02945092912,782,52,2026-09,0.01875092107,988,79,2022-04,0.01362328557,990,74,1993-02,0.0513431285,883,67,-0.01070000805,0.03771984294
All genres,emotion_confusion,807,1959-07,0.02125742296,782,52,2026-09,0.02819373207,988,79,1970-04,0.01361831536,838,65,1998-03,0.03769062031,881,66,0.00693630911,0.02407230494
All genres,emotion_curiosity,807,1959-07,0.03069478143,782,52,2026-09,0.04422476856,988,79,2012-07,0.01992178334,1052,84,2002-05,0.05006479251,978,78,0.01352998713,0.03014300917
All genres,emotion_desire,807,1959-07,0.07666689113,782,52,2026-09,0.06142657161,988,79,2024-02,0.03091940181,1031,80,2000-12,0.09374147259,977,76,-0.01524031952,0.06282207079
All genres,emotion_disappointment,807,1959-07,0.04686423499,782,52,2026-09,0.05715077108,988,79,2015-01,0.03641885169,1016,81,1999-06,0.07517728865,918,63,0.0102865361,0.03875843696
All genres,emotion_disapproval,807,1959-07,0.009470164618,782,52,2026-09,0.027240688,988,79,1959-08,0.008986741965,779,52,1991-03,0.03316054268,953,75,0.01777052338,0.02417380072
All genres,emotion_disgust,807,1959-07,0.003705376316,782,52,2026-09,0.006643700354,988,79,1977-04,0.003134895983,889,66,2023-11,0.009183403522,1017,80,0.002938324038,0.006048507539
All genres,emotion_embarrassment,807,1959-07,0.002825558768,782,52,2026-09,0.004035940394,988,79,1993-05,0.002272798528,875,67,2023-11,0.006973113063,1017,80,0.001210381626,0.004700314534
All genres,emotion_excitement,807,1959-07,0.03367463522,782,52,2026-09,0.01845161,988,79,2006-12,0.0113988085,963,73,1960-05,0.03647241898,779,52,-0.01522302522,0.02507361048
All genres,emotion_fear,807,1959-07,0.0098715175,782,52,2026-09,0.01543807917,988,79,1963-04,0.006635825308,842,66,1986-02,0.03242630173,1010,79,0.005566561675,0.02579047642
All genres,emotion_gratitude,807,1959-07,0.003652852036,782,52,2026-09,0.007564179908,988,79,2015-03,0.0008005246385,1016,81,1978-10,0.01566241322,973,75,0.003911327872,0.01486188858
All genres,emotion_grief,807,1959-07,0.004157276405,782,52,2026-09,0.002203299893,988,79,2015-01,0.001649587884,1016,81,1961-12,0.004977887998,813,60,-0.001953976512,0.003328300114
All genres,emotion_joy,807,1959-07,0.05391983337,782,52,2026-09,0.03349714544,988,79,2020-07,0.01780853532,1017,79,1967-11,0.06092950547,925,75,-0.02042268793,0.04312097014
All genres,emotion_love,807,1959-07,0.323155464,782,52,2026-09,0.1131407674,988,79,2023-01,0.09125565007,1008,77,1961-08,0.3345153299,797,60,-0.2100146966,0.2432596798
All genres,emotion_nervousness,807,1959-07,0.008906710853,782,52,2026-09,0.008009222001,988,79,2015-12,0.005641241608,1010,80,2019-02,0.01459547925,999,79,-0.0008974888517,0.008954237639
All genres,emotion_neutral,807,1959-07,0.3027749754,782,52,2026-09,0.3956880779,988,79,1961-10,0.2858954498,799,60,2023-06,0.4640442606,1009,77,0.09291310248,0.1781488108
All genres,emotion_optimism,807,1959-07,0.02415443226,782,52,2026-09,0.02580802385,988,79,2024-02,0.01321936864,1031,80,2001-05,0.0365265493,975,77,0.001653591592,0.02330718066
All genres,emotion_pride,807,1959-07,0.001496999922,782,52,2026-09,0.001340758316,988,79,2020-02,0.001093499253,1035,79,1971-11,0.004410336984,857,61,-0.0001562416056,0.003316837731
All genres,emotion_realization,807,1959-07,0.01820709867,782,52,2026-09,0.02080350871,988,79,2018-02,0.01576750394,1050,81,2008-09,0.03613767143,1020,82,0.002596410041,0.02037016748
All genres,emotion_relief,807,1959-07,0.002775930478,782,52,2026-09,0.002403918257,988,79,2020-02,0.001869621992,1035,79,1975-11,0.004194928098,846,66,-0.0003720122211,0.002325306106
All genres,emotion_remorse,807,1959-07,0.01073394827,782,52,2026-09,0.006950062506,988,79,1978-12,0.003276657182,977,75,2007-11,0.01879318956,973,78,-0.003783885759,0.01551653238
All genres,emotion_sadness,807,1959-07,0.1125070771,782,52,2026-09,0.05943948271,988,79,2015-01,0.03791454706,1016,81,1965-04,0.1504379403,918,67,-0.05306759438,0.1125233933
All genres,emotion_surprise,807,1959-07,0.009207253005,782,52,2026-09,0.00599787236,988,79,2023-06,0.005297096429,1009,77,1978-08,0.01826927004,972,75,-0.003209380646,0.01297217361
All genres,ll_explicit_language,807,1959-07,0.0834153845,782,52,2026-09,0.4821406504,988,79,1961-07,0.05318543572,797,60,2024-07,0.6428849947,1033,82,0.3987252659,0.589699559
All genres,ll_sexual_content,807,1959-07,0.3937743697,782,52,2026-09,0.5762201702,988,79,1973-09,0.295096113,917,71,2018-05,0.6866404172,1021,79,0.1824458005,0.3915443042
All genres,ll_substance_use,807,1959-07,0.07338697174,782,52,2026-09,0.43712686,988,79,1961-12,0.04659462652,813,60,2018-11,0.5508466683,1001,79,0.3637398882,0.5042520417
All genres,ll_violence,807,1959-07,0.107660343,782,52,2026-09,0.3031023715,988,79,1964-09,0.06765587598,911,70,2020-09,0.3773658857,1008,78,0.1954420285,0.3097100097
All genres,sentiment_negative,807,1959-07,0.245411521,782,52,2026-09,0.2820747438,988,79,1976-09,0.2414007326,876,66,2024-07,0.2927049706,1033,82,0.03666322285,0.05130423795
All genres,sentiment_neutral,807,1959-07,0.4116274842,782,52,2026-09,0.4257812002,988,79,1960-03,0.4083711806,779,52,2017-08,0.4362113793,1045,82,0.01415371596,0.02784019877
All genres,sentiment_positive,807,1959-07,0.3429609931,782,52,2026-09,0.2921440586,988,79,2020-07,0.2797099452,1017,79,1959-11,0.3453384558,774,52,-0.0508169345,0.06562851058
Afrobeats / African Pop,detox_identity_attack,0,,,,,,,,,,,,,,,,,,
Afrobeats / African Pop,detox_insult,0,,,,,,,,,,,,,,,,,,
Afrobeats / African Pop,detox_obscene,0,,,,,,,,,,,,,,,,,,
Afrobeats / African Pop,detox_severe_toxicity,0,,,,,,,,,,,,,,,,,,
Afrobeats / African Pop,detox_sexual_explicit,0,,,,,,,,,,,,,,,,,,
Afrobeats / African Pop,detox_threat,0,,,,,,,,,,,,,,,,,,
Afrobeats / African Pop,detox_toxicity,0,,,,,,,,,,,,,,,,,,
Afrobeats / African Pop,emotion_admiration,0,,,,,,,,,,,,,,,,,,
Afrobeats / African Pop,emotion_amusement,0,,,,,,,,,,,,,,,,,,
Afrobeats / African Pop,emotion_anger,0,,,,,,,,,,,,,,,,,,
Afrobeats / African Pop,emotion_annoyance,0,,,,,,,,,,,,,,,,,,
Afrobeats / African Pop,emotion_approval,0,,,,,,,,,,,,,,,,,,
Afrobeats / African Pop,emotion_caring,0,,,,,,,,,,,,,,,,,,
Afrobeats / African Pop,emotion_confusion,0,,,,,,,,,,,,,,,,,,
Afrobeats / African Pop,emotion_curiosity,0,,,,,,,,,,,,,,,,,,
Afrobeats / African Pop,emotion_desire,0,,,,,,,,,,,,,,,,,,
Afrobeats / African Pop,emotion_disappointment,0,,,,,,,,,,,,,,,,,,
Afrobeats / African Pop,emotion_disapproval,0,,,,,,,,,,,,,,,,,,
Afrobeats / African Pop,emotion_disgust,0,,,,,,,,,,,,,,,,,,
Afrobeats / African Pop,emotion_embarrassment,0,,,,,,,,,,,,,,,,,,
Afrobeats / African Pop,emotion_excitement,0,,,,,,,,,,,,,,,,,,
Afrobeats / African Pop,emotion_fear,0,,,,,,,,,,,,,,,,,,
Afrobeats / African Pop,emotion_gratitude,0,,,,,,,,,,,,,,,,,,
Afrobeats / African Pop,emotion_grief,0,,,,,,,,,,,,,,,,,,
Afrobeats / African Pop,emotion_joy,0,,,,,,,,,,,,,,,,,,
Afrobeats / African Pop,emotion_love,0,,,,,,,,,,,,,,,,,,
Afrobeats / African Pop,emotion_nervousness,0,,,,,,,,,,,,,,,,,,
Afrobeats / African Pop,emotion_neutral,0,,,,,,,,,,,,,,,,,,
Afrobeats / African Pop,emotion_optimism,0,,,,,,,,,,,,,,,,,,
Afrobeats / African Pop,emotion_pride,0,,,,,,,,,,,,,,,,,,
Afrobeats / African Pop,emotion_realization,0,,,,,,,,,,,,,,,,,,
Afrobeats / African Pop,emotion_relief,0,,,,,,,,,,,,,,,,,,
Afrobeats / African Pop,emotion_remorse,0,,,,,,,,,,,,,,,,,,
Afrobeats / African Pop,emotion_sadness,0,,,,,,,,,,,,,,,,,,
Afrobeats / African Pop,emotion_surprise,0,,,,,,,,,,,,,,,,,,
Afrobeats / African Pop,ll_explicit_language,0,,,,,,,,,,,,,,,,,,
Afrobeats / African Pop,ll_sexual_content,0,,,,,,,,,,,,,,,,,,
Afrobeats / African Pop,ll_substance_use,0,,,,,,,,,,,,,,,,,,
Afrobeats / African Pop,ll_violence,0,,,,,,,,,,,,,,,,,,
Afrobeats / African Pop,sentiment_negative,0,,,,,,,,,,,,,,,,,,
Afrobeats / African Pop,sentiment_neutral,0,,,,,,,,,,,,,,,,,,
Afrobeats / African Pop,sentiment_positive,0,,,,,,,,,,,,,,,,,,
Alternative / Indie,detox_identity_attack,87,1983-08,0.001375787322,69,5,2014-08,0.001328384706,89,5,2000-03,0.001296076274,102,7,1996-11,0.009191517239,135,6,-4.74026155e-05,0.007895440964
Alternative / Indie,detox_insult,87,1983-08,0.009441502185,69,5,2014-08,0.01509079606,89,5,1983-08,0.009441502185,69,5,1994-12,0.1337426224,117,8,0.005649293875,0.1243011203
Alternative / Indie,detox_obscene,87,1983-08,0.005081137081,69,5,2014-08,0.01784450253,89,5,1983-10,0.004916525366,72,5,1995-01,0.1385915614,119,8,0.01276336545,0.133675036
Alternative / Indie,detox_severe_toxicity,87,1983-08,3.046498024e-05,69,5,2014-08,8.604646981e-05,89,5,1983-10,2.995478975e-05,72,5,1995-01,0.009741005363,119,8,5.558148957e-05,0.009711050573
Alternative / Indie,detox_sexual_explicit,87,1983-08,0.007617772629,69,5,2014-08,0.00178009114,89,5,2013-11,0.0009805297438,86,6,1998-10,0.08867126032,78,5,-0.005837681489,0.08769073058
Alternative / Indie,detox_threat,87,1983-08,0.000595234988,69,5,2014-08,0.009147061866,89,5,1983-08,0.000595234988,69,5,2014-01,0.01840532861,84,6,0.008551826878,0.01781009362
Alternative / Indie,detox_toxicity,87,1983-08,0.0355203564,69,5,2014-08,0.07859999258,89,5,1983-10,0.03410866106,72,5,1994-12,0.2704472371,117,8,0.04307963618,0.236338576
Alternative / Indie,emotion_admiration,87,1983-08,0.01260930209,69,5,2014-08,0.01629917207,89,5,2013-04,0.00386140217,86,5,1996-06,0.07133683694,131,7,0.003689869986,0.06747543477
Alternative / Indie,emotion_amusement,87,1983-08,0.01927723801,69,5,2014-08,0.009747175647,89,5,1994-05,0.002074264626,92,5,1996-09,0.07388103863,135,7,-0.009530062367,0.071806774
Alternative / Indie,emotion_anger,87,1983-08,0.005323509117,69,5,2014-08,0.0113423138,89,5,1983-08,0.005323509117,69,5,1999-11,0.0448238446,119,7,0.006018804683,0.03950033548
Alternative / Indie,emotion_annoyance,87,1983-08,0.03149726945,69,5,2014-08,0.04095341614,89,5,1998-11,0.02820774022,75,5,1994-05,0.117198402,92,5,0.009456146693,0.08899066182
Alternative / Indie,emotion_approval,87,1983-08,0.03169861214,69,5,2014-08,0.03158090828,89,5,2007-04,0.02837541563,119,8,2003-02,0.1060428703,80,5,-0.0001177038556,0.07766745466
Alternative / Indie,emotion_caring,87,1983-08,0.006643333179,69,5,2014-08,0.01232672346,89,5,1998-09,0.004293518983,81,5,2003-02,0.09740547065,80,5,0.005683390276,0.09311195167
Alternative / Indie,emotion_confusion,87,1983-08,0.03317641613,69,5,2014-08,0.08259708588,89,5,1983-11,0.02498031869,73,5,1998-03,0.1466313411,97,6,0.04942066975,0.1216510225
Alternative / Indie,emotion_curiosity,87,1983-08,0.03120437067,69,5,2014-08,0.09436685824,89,5,1983-11,0.02647330782,73,5,2014-04,0.1035171823,87,6,0.06316248757,0.07704387449
Alternative / Indie,emotion_desire,87,1983-08,0.03785118763,69,5,2014-08,0.03781693091,89,5,2013-04,0.01316968814,86,5,1999-04,0.1333683447,96,5,-3.425671669e-05,0.1201986565
Alternative / Indie,emotion_disappointment,87,1983-08,0.04486743461,69,5,2014-08,0.05046389795,89,5,1983-10,0.04028093497,72,5,1994-05,0.1333886447,92,5,0.005596463347,0.09310770974
Alternative / Indie,emotion_disapproval,87,1983-08,0.01701347023,69,5,2014-08,0.03742208508,89,5,2014-02,0.01309530444,83,6,2000-05,0.08203063718,98,5,0.02040861486,0.06893533275
Alternative / Indie,emotion_disgust,87,1983-08,0.003643154373,69,5,2014-08,0.006409526323,89,5,1983-08,0.003643154373,69,5,2007-02,0.009680003027,110,5,0.002766371951,0.006036848655
Alternative / Indie,emotion_embarrassment,87,1983-08,0.002787175943,69,5,2014-08,0.005414673014,89,5,1983-08,0.002787175943,69,5,1997-11,0.0131631289,102,6,0.002627497071,0.01037595296
Alternative / Indie,emotion_excitement,87,1983-08,0.0205160542,69,5,2014-08,0.1059386565,89,5,1997-10,0.004236406581,102,6,2014-06,0.1133832674,90,6,0.08542260235,0.1091468608
Alternative / Indie,emotion_fear,87,1983-08,0.02182545044,69,5,2014-08,0.04009974179,89,5,2000-05,0.005377212836,98,5,1998-10,0.04769269424,78,5,0.01827429135,0.0423154814
Alternative / Indie,emotion_gratitude,87,1983-08,0.0005365642133,69,5,2014-08,0.001180143367,89,5,2007-03,0.000370945953,117,6,2000-05,0.05849634646,98,5,0.0006435791533,0.0581254005
Alternative / Indie,emotion_grief,87,1983-08,0.003756700128,69,5,2014-08,0.002557464326,89,5,2000-05,0.001759018599,98,5,2013-04,0.004626436568,86,5,-0.001199235802,0.00286741797
Alternative / Indie,emotion_joy,87,1983-08,0.01666210538,69,5,2014-08,0.1065626235,89,5,2007-02,0.00955830877,110,5,2014-07,0.1077654338,90,6,0.08990051814,0.09820712502
Alternative / Indie,emotion_love,87,1983-08,0.1077761576,69,5,2014-08,0.07649487993,89,5,1998-06,0.00750251741,91,5,2003-03,0.1164228961,82,5,-0.03128127768,0.1089203787
Alternative / Indie,emotion_nervousness,87,1983-08,0.02643769435,69,5,2014-08,0.02074860134,89,5,2000-05,0.004973480974,98,5,1996-06,0.02954345468,131,7,-0.005689093007,0.02456997371
Alternative / Indie,emotion_neutral,87,1983-08,0.4867412093,69,5,2014-08,0.3168262333,89,5,2013-04,0.2787987432,86,5,1983-09,0.4895531535,71,5,-0.169914976,0.2107544103
Alternative / Indie,emotion_optimism,87,1983-08,0.01440990552,69,5,2014-08,0.01184749115,89,5,1994-09,0.009643731462,112,7,2003-02,0.06177930837,80,5,-0.002562414364,0.0521355769
Alternative / Indie,emotion_pride,87,1983-08,0.0009299569478,69,5,2014-08,0.002717290609,89,5,2007-03,0.0007044137108,117,6,2014-07,0.002810177979,90,6,0.001787333661,0.002105764268
Alternative / Indie,emotion_realization,87,1983-08,0.02789776555,69,5,2014-08,0.03529207536,89,5,1994-05,0.02239486363,92,5,2013-04,0.0882486675,86,5,0.007394309808,0.06585380388
Alternative / Indie,emotion_relief,87,1983-08,0.00229621377,69,5,2014-08,0.005061592316,89,5,1998-09,0.001546359989,81,5,2014-07,0.005134048913,90,6,0.002765378546,0.003587688924
Alternative / Indie,emotion_remorse,87,1983-08,0.004180188425,69,5,2014-08,0.005288944361,89,5,1995-02,0.002394919678,117,6,2013-04,0.01155451065,86,5,0.001108755935,0.009159590973
Alternative / Indie,emotion_sadness,87,1983-08,0.1147519369,69,5,2014-08,0.05473465832,89,5,2000-05,0.04154037964,98,5,2013-04,0.1805722285,86,5,-0.06001727858,0.1390318488
Alternative / Indie,emotion_surprise,87,1983-08,0.009271241109,69,5,2014-08,0.01605544926,89,5,1994-08,0.003680337799,107,6,1998-11,0.04637770792,75,5,0.006784208151,0.04269737012
Alternative / Indie,ll_explicit_language,87,1983-08,0.04826600795,69,5,2014-08,0.08898121152,89,5,1983-10,0.04485900205,72,5,2013-04,0.5517987055,86,5,0.04071520357,0.5069397034
Alternative / Indie,ll_sexual_content,87,1983-08,0.2598889092,69,5,2014-08,0.2483098095,89,5,2000-02,0.2422652306,105,7,1998-10,0.4742168137,78,5,-0.01157909966,0.2319515831
Alternative / Indie,ll_substance_use,87,1983-08,0.2879671307,69,5,2014-08,0.08363678238,89,5,2003-02,0.03496680754,80,5,1998-02,0.4716621795,98,6,-0.2043303483,0.436695372
Alternative / Indie,ll_violence,87,1983-08,0.2091454609,69,5,2014-08,0.4022488202,89,5,1996-12,0.1080672934,133,6,2013-12,0.6125021103,86,6,0.1931033593,0.5044348168
Alternative / Indie,sentiment_negative,87,1983-08,0.2945811935,69,5,2014-08,0.267278262,89,5,2014-08,0.267278262,89,5,2007-02,0.3350806132,110,5,-0.02730293147,0.0678023512
Alternative / Indie,sentiment_neutral,87,1983-08,0.409340789,69,5,2014-08,0.4075225783,89,5,2014-01,0.3939320043,84,6,2003-05,0.4257613601,81,5,-0.001818210668,0.03182935579
Alternative / Indie,sentiment_positive,87,1983-08,0.2960780216,69,5,2014-08,0.3251991628,89,5,1995-02,0.2643495578,117,6,2014-02,0.3369192672,83,6,0.02912114118,0.07256970933
Country,detox_identity_attack,355,1960-11,0.003043273417,93,6,2026-09,0.003196325509,255,15,1982-05,0.0007425512806,88,5,1973-11,0.01306779356,114,6,0.0001530520921,0.01232524228
Country,detox_insult,355,1960-11,0.01306499493,93,6,2026-09,0.01568634765,255,15,2016-12,0.006898626675,174,12,2010-08,0.05256925522,245,18,0.002621352717,0.04567062855
Country,detox_obscene,355,1960-11,0.001166913573,93,6,2026-09,0.05937298008,255,15,1961-01,0.001087106139,87,5,2024-05,0.1798648786,260,14,0.05820606651,0.1787777724
Country,detox_severe_toxicity,355,1960-11,2.97905629e-05,93,6,2026-09,0.0003752250778,255,15,1981-04,2.432195651e-05,95,6,2024-03,0.0006212273228,268,14,0.0003454345149,0.0005969053663
Country,detox_sexual_explicit,355,1960-11,0.0007775591249,93,6,2026-09,0.003730857182,255,15,1961-01,0.0005778443528,87,5,2010-01,0.02203945349,262,18,0.002953298057,0.02146160914
Country,detox_threat,355,1960-11,0.004151058745,93,6,2026-09,0.002608089749,255,15,1974-07,0.0002435508351,112,6,2024-08,0.01870067216,275,14,-0.001542968996,0.01845712133
Country,detox_toxicity,355,1960-11,0.03800767332,93,6,2026-09,0.1005206295,255,15,2003-02,0.02892035801,211,14,2024-05,0.2616939939,260,14,0.06251295617,0.2327736359
Country,emotion_admiration,355,1960-11,0.006419783935,93,6,2026-09,0.01018475469,255,15,1960-12,0.006389823372,91,5,2003-12,0.07738976278,199,12,0.003764970757,0.0709999394
Country,emotion_amusement,355,1960-11,0.003855986055,93,6,2026-09,0.01559280433,255,15,1982-02,0.00254737596,103,6,2011-03,0.05293927262,260,19,0.01173681828,0.05039189666
Country,emotion_anger,355,1960-11,0.01284644374,93,6,2026-09,0.02273175095,255,15,2004-04,0.004057814927,197,13,2023-11,0.03453344365,286,14,0.009885307207,0.03047562872
Country,emotion_annoyance,355,1960-11,0.02281701168,93,6,2026-09,0.06363110657,255,15,1981-04,0.01596596383,95,6,2025-05,0.1114632883,282,13,0.04081409489,0.09549732452
Country,emotion_approval,355,1960-11,0.0251895133,93,6,2026-09,0.05172189497,255,15,1960-12,0.02500736892,91,5,2004-05,0.09977297496,197,13,0.02653238167,0.07476560604
Country,emotion_caring,355,1960-11,0.03382547205,93,6,2026-09,0.01686745145,255,15,2025-04,0.008107363116,258,13,1975-08,0.07303814103,108,6,-0.0169580206,0.06493077791
Country,emotion_confusion,355,1960-11,0.02046751889,93,6,2026-09,0.02904362531,255,15,2004-10,0.006794165227,197,13,2026-01,0.05558596105,281,13,0.008576106421,0.04879179582
Country,emotion_curiosity,355,1960-11,0.05050048338,93,6,2026-09,0.03363964153,255,15,2004-10,0.008632696245,197,13,1998-09,0.07490926682,111,6,-0.01686084185,0.06627657058
Country,emotion_desire,355,1960-11,0.0796392636,93,6,2026-09,0.07142443453,255,15,2023-02,0.02624020256,252,15,2001-05,0.1146524046,244,18,-0.008214829068,0.08841220203
Country,emotion_disappointment,355,1960-11,0.09849437026,93,6,2026-09,0.06790737706,255,15,2015-01,0.02326399237,239,15,1960-11,0.09849437026,93,6,-0.03058699319,0.07523037789
Country,emotion_disapproval,355,1960-11,0.01328909646,93,6,2026-09,0.03401917809,255,15,1975-08,0.01156820613,108,6,2023-03,0.04184035425,276,15,0.02073008163,0.03027214813
Country,emotion_disgust,355,1960-11,0.004931168381,93,6,2026-09,0.005003735437,255,15,2015-02,0.002377651248,235,15,2024-02,0.006588669706,283,14,7.256705617e-05,0.004211018458
Country,emotion_embarrassment,355,1960-11,0.00303703646,93,6,2026-09,0.003327757015,255,15,2015-09,0.001384221081,233,15,2009-03,0.01024449075,241,17,0.0002907205547,0.008860269673
Country,emotion_excitement,355,1960-11,0.007875134819,93,6,2026-09,0.01620082241,255,15,1960-11,0.007875134819,93,6,1981-08,0.04429285916,107,6,0.008325687589,0.03641772434
Country,emotion_fear,355,1960-11,0.02415032159,93,6,2026-09,0.006405845196,255,15,2015-07,0.00372914438,241,15,2003-12,0.04903752932,199,12,-0.01774447639,0.04530838494
Country,emotion_gratitude,355,1960-11,0.001081425221,93,6,2026-09,0.0008792687888,255,15,2015-07,0.0006154292937,241,15,2018-06,0.01740777727,192,12,-0.0002021564327,0.01679234798
Country,emotion_grief,355,1960-11,0.007947957535,93,6,2026-09,0.002422101615,255,15,2016-05,0.001021659539,206,13,1960-11,0.007947957535,93,6,-0.005525855919,0.006926297996
Country,emotion_joy,355,1960-11,0.01784529296,93,6,2026-09,0.03196278234,255,15,2024-08,0.01414785206,275,14,1975-11,0.09133202958,108,6,0.01411748937,0.07718417752
Country,emotion_love,355,1960-11,0.224503759,93,6,2026-09,0.08295480012,255,15,2022-06,0.05431278263,236,16,1982-03,0.3755390914,100,6,-0.1415489589,0.3212263088
Country,emotion_nervousness,355,1960-11,0.01815356273,93,6,2026-09,0.005827411039,255,15,2015-09,0.003027211228,233,15,2019-02,0.02698907119,188,12,-0.01232615169,0.02396185997
Country,emotion_neutral,355,1960-11,0.3314834873,93,6,2026-09,0.4581501867,255,15,1998-09,0.2066150548,111,6,2022-11,0.5057985344,240,16,0.1266666995,0.2991834796
Country,emotion_optimism,355,1960-11,0.01925343582,93,6,2026-09,0.02344928448,255,15,2023-04,0.01271506305,280,15,2020-12,0.07657348462,240,13,0.00419584866,0.06385842156
Country,emotion_pride,355,1960-11,0.001717381986,93,6,2026-09,0.001316286993,255,15,2024-08,0.001034121983,275,14,2008-06,0.009906201419,216,14,-0.0004010949932,0.008872079436
Country,emotion_realization,355,1960-11,0.01972264194,93,6,2026-09,0.03110156856,255,15,1982-02,0.01665235591,103,6,2008-11,0.05127107485,232,17,0.01137892662,0.03461871894
Country,emotion_relief,355,1960-11,0.003007534636,93,6,2026-09,0.002861271766,255,15,2016-02,0.001735495483,223,15,1975-11,0.009007291177,108,6,-0.0001462628699,0.007271795694
Country,emotion_remorse,355,1960-11,0.01217554816,93,6,2026-09,0.003679914193,255,15,2015-02,0.0009942113277,235,15,1982-05,0.03395329632,88,5,-0.008495633965,0.03295908499
Country,emotion_sadness,355,1960-11,0.2691040873,93,6,2026-09,0.06875300268,255,15,2016-05,0.01320099813,206,13,1960-11,0.2691040873,93,6,-0.2003510846,0.2559030891
Country,emotion_surprise,355,1960-11,0.007941584266,93,6,2026-09,0.007668000563,255,15,2013-07,0.003359264957,278,21,1998-09,0.03233480137,111,6,-0.0002735837029,0.02897553641
Country,ll_explicit_language,355,1960-11,0.0293937757,93,6,2026-09,0.4153473429,255,15,1982-02,0.02798410036,103,6,2024-05,0.6086990963,260,14,0.3859535672,0.5807149959
Country,ll_sexual_content,355,1960-11,0.3149613717,93,6,2026-09,0.32137073,255,15,2025-12,0.2276727581,278,13,2014-12,0.6147958197,242,15,0.006409358342,0.3871230616
Country,ll_substance_use,355,1960-11,0.1149219606,93,6,2026-09,0.5712763408,255,15,2001-02,0.1090113718,249,18,2015-04,0.7298683447,236,15,0.4563543802,0.6208569729
Country,ll_violence,355,1960-11,0.2165427493,93,6,2026-09,0.2146719197,255,15,1974-07,0.04176182082,112,6,2024-12,0.3118869397,280,16,-0.001870829593,0.2701251189
Country,sentiment_negative,355,1960-11,0.316461663,93,6,2026-09,0.2844131834,255,15,1981-05,0.2156641063,100,6,1960-11,0.316461663,93,6,-0.03204847957,0.1007975567
Country,sentiment_neutral,355,1960-11,0.4132047657,93,6,2026-09,0.4254618215,255,15,1960-11,0.4132047657,93,6,2018-01,0.4385153404,206,15,0.01225705581,0.0253105747
Country,sentiment_positive,355,1960-11,0.2703335643,93,6,2026-09,0.2901249936,255,15,1960-12,0.2702329304,91,5,1981-05,0.3658084246,100,6,0.01979142932,0.09557549419
Electronic / Dance,detox_identity_attack,92,1978-07,0.003358975746,91,5,2017-09,0.003436023249,89,5,2017-02,0.00128712035,96,5,1995-06,0.004136029453,91,5,7.704750314e-05,0.002848909103
Electronic / Dance,detox_insult,92,1978-07,0.01538739051,91,5,2017-09,0.02607420165,89,5,2014-11,0.003081865435,73,5,2013-11,0.07149439319,85,5,0.01068681114,0.06841252776
Electronic / Dance,detox_obscene,92,1978-07,0.02366192713,91,5,2017-09,0.03662334975,89,5,2014-11,0.003262972872,73,5,2013-11,0.1744724311,85,5,0.01296142263,0.1712094582
Electronic / Dance,detox_severe_toxicity,92,1978-07,0.0008438168433,91,5,2017-09,0.0001662687167,89,5,2014-11,5.915500418e-05,73,5,2013-11,0.005392979634,85,5,-0.0006775481266,0.00533382463
Electronic / Dance,detox_sexual_explicit,92,1978-07,0.01228691213,91,5,2017-09,0.003860384895,89,5,2014-11,0.00161161116,73,5,1995-03,0.05585443185,81,5,-0.008426527235,0.05424282069
Electronic / Dance,detox_threat,92,1978-07,0.01068549782,91,5,2017-09,0.00403901965,89,5,1995-02,0.0004315262876,75,5,2014-10,0.03662712098,73,5,-0.006646478173,0.03619559469
Electronic / Dance,detox_toxicity,92,1978-07,0.1012518778,91,5,2017-09,0.08609840449,89,5,1996-12,0.06603547414,97,6,2013-07,0.233973094,88,5,-0.01515347328,0.1679376199
Electronic / Dance,emotion_admiration,92,1978-07,0.01812873734,91,5,2017-09,0.01708074121,89,5,1995-03,0.006376589279,81,5,1979-09,0.0468738455,164,8,-0.001047996129,0.04049725622
Electronic / Dance,emotion_amusement,92,1978-07,0.01531548694,91,5,2017-09,0.002381110692,89,5,2014-11,0.002193239263,73,5,1991-09,0.05157958859,112,6,-0.01293437625,0.04938634933
Electronic / Dance,emotion_anger,92,1978-07,0.01233091901,91,5,2017-09,0.009788873432,89,5,1992-11,0.00707514618,87,5,1995-03,0.04345042836,81,5,-0.00254204558,0.03637528218
Electronic / Dance,emotion_annoyance,92,1978-07,0.02873918157,91,5,2017-09,0.03060558297,89,5,1979-11,0.01858720838,160,8,2017-01,0.05346288191,97,5,0.001866401401,0.03487567353
Electronic / Dance,emotion_approval,92,1978-07,0.0503009092,91,5,2017-09,0.03406280091,89,5,2017-04,0.02375860778,98,5,1992-11,0.07267176736,87,5,-0.01623810828,0.04891315959
Electronic / Dance,emotion_caring,92,1978-07,0.01760429504,91,5,2017-09,0.03452010824,89,5,1978-11,0.009756325363,107,5,2014-04,0.1057430346,83,5,0.01691581319,0.09598670922
Electronic / Dance,emotion_confusion,92,1978-07,0.0249508371,91,5,2017-09,0.03074260232,89,5,2012-06,0.006517568457,110,7,2014-04,0.0565654748,83,5,0.005791765219,0.05004790634
Electronic / Dance,emotion_curiosity,92,1978-07,0.02668387425,91,5,2017-09,0.06252590149,89,5,2012-05,0.0137927717,103,5,2014-04,0.07732667525,83,5,0.03584202725,0.06353390355
Electronic / Dance,emotion_desire,92,1978-07,0.02788778067,91,5,2017-09,0.09580965825,89,5,1978-07,0.02788778067,91,5,2014-06,0.09866522377,77,5,0.06792187758,0.0707774431
Electronic / Dance,emotion_disappointment,92,1978-07,0.04897313861,91,5,2017-09,0.05442278625,89,5,1979-08,0.0208038774,165,8,2017-01,0.1026337018,97,5,0.005449647634,0.08182982436
Electronic / Dance,emotion_disapproval,92,1978-07,0.02663129937,91,5,2017-09,0.02444837334,89,5,2014-05,0.01072631479,79,5,1995-04,0.0616737832,87,5,-0.002182926035,0.05094746841
Electronic / Dance,emotion_disgust,92,1978-07,0.004186688549,91,5,2017-09,0.003200676718,89,5,1991-06,0.002733153946,123,7,1979-02,0.005959493102,129,8,-0.0009860118314,0.003226339156
Electronic / Dance,emotion_embarrassment,92,1978-07,0.006304435898,91,5,2017-09,0.002282487046,89,5,1979-09,0.001382462083,164,8,1978-12,0.01083593281,114,6,-0.004021948852,0.009453470727
Electronic / Dance,emotion_excitement,92,1978-07,0.06177963669,91,5,2017-09,0.009457718241,89,5,2017-09,0.009457718241,89,5,1978-11,0.07474605705,107,5,-0.05232191844,0.06528833881
Electronic / Dance,emotion_fear,92,1978-07,0.003878102654,91,5,2017-09,0.004729725547,89,5,1996-12,0.003824397041,97,6,1995-09,0.03190524022,99,5,0.0008516228929,0.02808084318
Electronic / Dance,emotion_gratitude,92,1978-07,0.0010450515,91,5,2017-09,0.01142549293,89,5,1995-05,0.000792975357,90,5,2013-09,0.02817990484,86,5,0.01038044143,0.02738692948
Electronic / Dance,emotion_grief,92,1978-07,0.001416755446,91,5,2017-09,0.002329895757,89,5,1978-07,0.001416755446,91,5,1996-12,0.004100477813,97,6,0.0009131403106,0.002683722367
Electronic / Dance,emotion_joy,92,1978-07,0.05862059551,91,5,2017-09,0.01289879689,89,5,2017-02,0.008457751351,96,5,1979-09,0.124504966,164,8,-0.04572179862,0.1160472147
Electronic / Dance,emotion_love,92,1978-07,0.2047237784,91,5,2017-09,0.09927177431,89,5,2017-01,0.0692505544,97,5,1995-02,0.339233776,75,5,-0.1054520041,0.2699832216
Electronic / Dance,emotion_nervousness,92,1978-07,0.004214179672,91,5,2017-09,0.00430620284,89,5,2012-05,0.00330670741,103,5,1995-09,0.01885645604,99,5,9.202316837e-05,0.01554974863
Electronic / Dance,emotion_neutral,92,1978-07,0.4439603132,91,5,2017-09,0.4338808856,89,5,1997-01,0.2357483747,101,6,1991-09,0.4767217493,112,6,-0.01007942758,0.2409733747
Electronic / Dance,emotion_optimism,92,1978-07,0.01034275122,91,5,2017-09,0.03315919573,89,5,2012-06,0.008429591781,110,7,2017-01,0.06678096406,97,5,0.02281644451,0.05835137228
Electronic / Dance,emotion_pride,92,1978-07,0.001194302702,91,5,2017-09,0.001040790909,89,5,1991-04,0.00079378014,115,5,2012-06,0.002604527527,110,7,-0.0001535117922,0.001810747387
Electronic / Dance,emotion_realization,92,1978-07,0.01490029292,91,5,2017-09,0.01792380449,89,5,1979-08,0.01105996055,165,8,2014-02,0.04945440931,82,5,0.003023511568,0.03839444876
Electronic / Dance,emotion_relief,92,1978-07,0.002159842692,91,5,2017-09,0.002648348285,89,5,1991-06,0.001549350736,123,7,1979-10,0.003918735276,164,8,0.0004885055933,0.00236938454
Electronic / Dance,emotion_remorse,92,1978-07,0.002518574998,91,5,2017-09,0.005908354735,89,5,1978-07,0.002518574998,91,5,2014-11,0.02266477631,73,5,0.003389779737,0.02014620131
Electronic / Dance,emotion_sadness,92,1978-07,0.03305215616,91,5,2017-09,0.06738980194,89,5,1979-08,0.01916921606,165,8,1996-12,0.1265778783,97,6,0.03433764578,0.1074086623
Electronic / Dance,emotion_surprise,92,1978-07,0.01719426353,91,5,2017-09,0.006804848749,89,5,2012-06,0.003645685855,110,7,1978-12,0.01766511561,114,6,-0.01038941478,0.01401942975
Electronic / Dance,ll_explicit_language,92,1978-07,0.04752432466,91,5,2017-09,0.1805665309,89,5,1978-08,0.04393859871,94,5,2012-05,0.3994447721,103,5,0.1330422062,0.3555061734
Electronic / Dance,ll_sexual_content,92,1978-07,0.4671838871,91,5,2017-09,0.3157151293,89,5,2014-02,0.2734605252,82,5,1997-04,0.6633941275,114,7,-0.1514687578,0.3899336023
Electronic / Dance,ll_substance_use,92,1978-07,0.1844355275,91,5,2017-09,0.5424058949,89,5,1997-03,0.04280380063,111,7,2017-08,0.553815646,94,5,0.3579703674,0.5110118454
Electronic / Dance,ll_violence,92,1978-07,0.1493854655,91,5,2017-09,0.2075014311,89,5,1979-01,0.03950019196,122,8,2013-06,0.2920702847,91,5,0.05811596557,0.2525700928
Electronic / Dance,sentiment_negative,92,1978-07,0.2276882007,91,5,2017-09,0.2783354241,89,5,1996-12,0.2140578876,97,6,2017-03,0.2814586071,99,5,0.05064722339,0.06740071949
Electronic / Dance,sentiment_neutral,92,1978-07,0.438274604,91,5,2017-09,0.4345588382,89,5,2013-12,0.4082925789,83,5,1998-02,0.4492602224,100,5,-0.003715765793,0.04096764355
Electronic / Dance,sentiment_positive,92,1978-07,0.3340371925,91,5,2017-09,0.2871057318,89,5,2017-03,0.2814505078,99,5,1996-12,0.3660205198,97,6,-0.04693146067,0.08457001194
Folk / Singer-Songwriter,detox_identity_attack,0,,,,,,,,,,,,,,,,,,
Folk / Singer-Songwriter,detox_insult,0,,,,,,,,,,,,,,,,,,
Folk / Singer-Songwriter,detox_obscene,0,,,,,,,,,,,,,,,,,,
Folk / Singer-Songwriter,detox_severe_toxicity,0,,,,,,,,,,,,,,,,,,
Folk / Singer-Songwriter,detox_sexual_explicit,0,,,,,,,,,,,,,,,,,,
Folk / Singer-Songwriter,detox_threat,0,,,,,,,,,,,,,,,,,,
Folk / Singer-Songwriter,detox_toxicity,0,,,,,,,,,,,,,,,,,,
Folk / Singer-Songwriter,emotion_admiration,0,,,,,,,,,,,,,,,,,,
Folk / Singer-Songwriter,emotion_amusement,0,,,,,,,,,,,,,,,,,,
Folk / Singer-Songwriter,emotion_anger,0,,,,,,,,,,,,,,,,,,
Folk / Singer-Songwriter,emotion_annoyance,0,,,,,,,,,,,,,,,,,,
Folk / Singer-Songwriter,emotion_approval,0,,,,,,,,,,,,,,,,,,
Folk / Singer-Songwriter,emotion_caring,0,,,,,,,,,,,,,,,,,,
Folk / Singer-Songwriter,emotion_confusion,0,,,,,,,,,,,,,,,,,,
Folk / Singer-Songwriter,emotion_curiosity,0,,,,,,,,,,,,,,,,,,
Folk / Singer-Songwriter,emotion_desire,0,,,,,,,,,,,,,,,,,,
Folk / Singer-Songwriter,emotion_disappointment,0,,,,,,,,,,,,,,,,,,
Folk / Singer-Songwriter,emotion_disapproval,0,,,,,,,,,,,,,,,,,,
Folk / Singer-Songwriter,emotion_disgust,0,,,,,,,,,,,,,,,,,,
Folk / Singer-Songwriter,emotion_embarrassment,0,,,,,,,,,,,,,,,,,,
Folk / Singer-Songwriter,emotion_excitement,0,,,,,,,,,,,,,,,,,,
Folk / Singer-Songwriter,emotion_fear,0,,,,,,,,,,,,,,,,,,
Folk / Singer-Songwriter,emotion_gratitude,0,,,,,,,,,,,,,,,,,,
Folk / Singer-Songwriter,emotion_grief,0,,,,,,,,,,,,,,,,,,
Folk / Singer-Songwriter,emotion_joy,0,,,,,,,,,,,,,,,,,,
Folk / Singer-Songwriter,emotion_love,0,,,,,,,,,,,,,,,,,,
Folk / Singer-Songwriter,emotion_nervousness,0,,,,,,,,,,,,,,,,,,
Folk / Singer-Songwriter,emotion_neutral,0,,,,,,,,,,,,,,,,,,
Folk / Singer-Songwriter,emotion_optimism,0,,,,,,,,,,,,,,,,,,
Folk / Singer-Songwriter,emotion_pride,0,,,,,,,,,,,,,,,,,,
Folk / Singer-Songwriter,emotion_realization,0,,,,,,,,,,,,,,,,,,
Folk / Singer-Songwriter,emotion_relief,0,,,,,,,,,,,,,,,,,,
Folk / Singer-Songwriter,emotion_remorse,0,,,,,,,,,,,,,,,,,,
Folk / Singer-Songwriter,emotion_sadness,0,,,,,,,,,,,,,,,,,,
Folk / Singer-Songwriter,emotion_surprise,0,,,,,,,,,,,,,,,,,,
Folk / Singer-Songwriter,ll_explicit_language,0,,,,,,,,,,,,,,,,,,
Folk / Singer-Songwriter,ll_sexual_content,0,,,,,,,,,,,,,,,,,,
Folk / Singer-Songwriter,ll_substance_use,0,,,,,,,,,,,,,,,,,,
Folk / Singer-Songwriter,ll_violence,0,,,,,,,,,,,,,,,,,,
Folk / Singer-Songwriter,sentiment_negative,0,,,,,,,,,,,,,,,,,,
Folk / Singer-Songwriter,sentiment_neutral,0,,,,,,,,,,,,,,,,,,
Folk / Singer-Songwriter,sentiment_positive,0,,,,,,,,,,,,,,,,,,
Gospel / Christian,detox_identity_attack,0,,,,,,,,,,,,,,,,,,
Gospel / Christian,detox_insult,0,,,,,,,,,,,,,,,,,,
Gospel / Christian,detox_obscene,0,,,,,,,,,,,,,,,,,,
Gospel / Christian,detox_severe_toxicity,0,,,,,,,,,,,,,,,,,,
Gospel / Christian,detox_sexual_explicit,0,,,,,,,,,,,,,,,,,,
Gospel / Christian,detox_threat,0,,,,,,,,,,,,,,,,,,
Gospel / Christian,detox_toxicity,0,,,,,,,,,,,,,,,,,,
Gospel / Christian,emotion_admiration,0,,,,,,,,,,,,,,,,,,
Gospel / Christian,emotion_amusement,0,,,,,,,,,,,,,,,,,,
Gospel / Christian,emotion_anger,0,,,,,,,,,,,,,,,,,,
Gospel / Christian,emotion_annoyance,0,,,,,,,,,,,,,,,,,,
Gospel / Christian,emotion_approval,0,,,,,,,,,,,,,,,,,,
Gospel / Christian,emotion_caring,0,,,,,,,,,,,,,,,,,,
Gospel / Christian,emotion_confusion,0,,,,,,,,,,,,,,,,,,
Gospel / Christian,emotion_curiosity,0,,,,,,,,,,,,,,,,,,
Gospel / Christian,emotion_desire,0,,,,,,,,,,,,,,,,,,
Gospel / Christian,emotion_disappointment,0,,,,,,,,,,,,,,,,,,
Gospel / Christian,emotion_disapproval,0,,,,,,,,,,,,,,,,,,
Gospel / Christian,emotion_disgust,0,,,,,,,,,,,,,,,,,,
Gospel / Christian,emotion_embarrassment,0,,,,,,,,,,,,,,,,,,
Gospel / Christian,emotion_excitement,0,,,,,,,,,,,,,,,,,,
Gospel / Christian,emotion_fear,0,,,,,,,,,,,,,,,,,,
Gospel / Christian,emotion_gratitude,0,,,,,,,,,,,,,,,,,,
Gospel / Christian,emotion_grief,0,,,,,,,,,,,,,,,,,,
Gospel / Christian,emotion_joy,0,,,,,,,,,,,,,,,,,,
Gospel / Christian,emotion_love,0,,,,,,,,,,,,,,,,,,
Gospel / Christian,emotion_nervousness,0,,,,,,,,,,,,,,,,,,
Gospel / Christian,emotion_neutral,0,,,,,,,,,,,,,,,,,,
Gospel / Christian,emotion_optimism,0,,,,,,,,,,,,,,,,,,
Gospel / Christian,emotion_pride,0,,,,,,,,,,,,,,,,,,
Gospel / Christian,emotion_realization,0,,,,,,,,,,,,,,,,,,
Gospel / Christian,emotion_relief,0,,,,,,,,,,,,,,,,,,
Gospel / Christian,emotion_remorse,0,,,,,,,,,,,,,,,,,,
Gospel / Christian,emotion_sadness,0,,,,,,,,,,,,,,,,,,
Gospel / Christian,emotion_surprise,0,,,,,,,,,,,,,,,,,,
Gospel / Christian,ll_explicit_language,0,,,,,,,,,,,,,,,,,,
Gospel / Christian,ll_sexual_content,0,,,,,,,,,,,,,,,,,,
Gospel / Christian,ll_substance_use,0,,,,,,,,,,,,,,,,,,
Gospel / Christian,ll_violence,0,,,,,,,,,,,,,,,,,,
Gospel / Christian,sentiment_negative,0,,,,,,,,,,,,,,,,,,
Gospel / Christian,sentiment_neutral,0,,,,,,,,,,,,,,,,,,
Gospel / Christian,sentiment_positive,0,,,,,,,,,,,,,,,,,,
Hip-Hop / Rap,detox_identity_attack,406,1991-11,0.01438814323,91,5,2026-09,0.1867630594,180,8,1991-11,0.01438814323,91,5,2000-11,0.2419892394,103,5,0.1723749162,0.2276010962
Hip-Hop / Rap,detox_insult,406,1991-11,0.06803464364,91,5,2026-09,0.3871992507,180,8,1991-11,0.06803464364,91,5,2024-11,0.4539098908,270,12,0.319164607,0.3858752471
Hip-Hop / Rap,detox_obscene,406,1991-11,0.09235737382,91,5,2026-09,0.6470764957,180,8,1991-11,0.09235737382,91,5,2024-07,0.7422990849,280,13,0.5547191219,0.6499417111
Hip-Hop / Rap,detox_severe_toxicity,406,1991-11,0.004229670312,91,5,2026-09,0.06520077265,180,8,1991-11,0.004229670312,91,5,2015-05,0.08798417989,193,9,0.06097110233,0.08375450958
Hip-Hop / Rap,detox_sexual_explicit,406,1991-11,0.05770082171,91,5,2026-09,0.1313007167,180,8,1993-05,0.0430996443,126,5,2000-11,0.1785680855,103,5,0.07359989494,0.1354684412
Hip-Hop / Rap,detox_threat,406,1991-11,0.01165080215,91,5,2026-09,0.01122170334,180,8,1992-07,0.002678469076,117,8,2026-02,0.01776372967,185,8,-0.0004290988116,0.0150852606
Hip-Hop / Rap,detox_toxicity,406,1991-11,0.2149267717,91,5,2026-09,0.7336333597,180,8,1991-11,0.2149267717,91,5,2024-07,0.8258099984,280,13,0.5187065879,0.6108832267
Hip-Hop / Rap,emotion_admiration,406,1991-11,0.04731958507,91,5,2026-09,0.008620147728,180,8,2023-02,0.00492907121,234,6,1992-06,0.05456310847,115,8,-0.03869943734,0.04963403726
Hip-Hop / Rap,emotion_amusement,406,1991-11,0.01341061529,91,5,2026-09,0.03333373554,180,8,1991-11,0.01341061529,91,5,1997-06,0.07933025674,119,6,0.01992312024,0.06591964144
Hip-Hop / Rap,emotion_anger,406,1991-11,0.02088180126,91,5,2026-09,0.08416621124,180,8,2006-03,0.01674709282,218,11,2024-09,0.1310931342,266,12,0.06328440997,0.1143460413
Hip-Hop / Rap,emotion_annoyance,406,1991-11,0.05854941031,91,5,2026-09,0.1429112685,180,8,2006-03,0.04762547289,218,11,2024-07,0.1884792784,280,13,0.08436185819,0.1408538055
Hip-Hop / Rap,emotion_approval,406,1991-11,0.06569779781,91,5,2026-09,0.02550723406,180,8,2018-10,0.02317897063,403,24,1992-06,0.07393056902,115,8,-0.04019056375,0.0507515984
Hip-Hop / Rap,emotion_caring,406,1991-11,0.02242786823,91,5,2026-09,0.008541487765,180,8,1995-08,0.003268384221,143,8,2012-06,0.02690684317,216,14,-0.01388638046,0.02363845895
Hip-Hop / Rap,emotion_confusion,406,1991-11,0.01229987673,91,5,2026-09,0.02428653372,180,8,2008-09,0.005607899858,201,14,2014-06,0.04136339308,159,9,0.01198665699,0.03575549322
Hip-Hop / Rap,emotion_curiosity,406,1991-11,0.02394369121,91,5,2026-09,0.03019443897,180,8,2015-07,0.01067538137,209,13,2004-12,0.04042737161,235,15,0.00625074776,0.02975199024
Hip-Hop / Rap,emotion_desire,406,1991-11,0.0231772674,91,5,2026-09,0.02630650265,180,8,1995-09,0.00522874026,141,8,2009-12,0.06042461241,161,9,0.00312923525,0.05519587215
Hip-Hop / Rap,emotion_disappointment,406,1991-11,0.02679332188,91,5,2026-09,0.02391408256,180,8,2008-07,0.01084577461,192,13,2018-08,0.05055729828,386,24,-0.002879239321,0.03971152366
Hip-Hop / Rap,emotion_disapproval,406,1991-11,0.01753568059,91,5,2026-09,0.01699170203,180,8,1998-07,0.009138455241,111,5,2018-08,0.02879679248,386,24,-0.0005439785593,0.01965833723
Hip-Hop / Rap,emotion_disgust,406,1991-11,0.006883894982,91,5,2026-09,0.008349577419,180,8,1993-05,0.003250693752,126,5,2021-06,0.01655251331,337,20,0.001465682437,0.01330181956
Hip-Hop / Rap,emotion_embarrassment,406,1991-11,0.01375425854,91,5,2026-09,0.002720545721,180,8,1998-07,0.001486714939,111,5,1992-02,0.01413705436,104,5,-0.01103371282,0.01265033942
Hip-Hop / Rap,emotion_excitement,406,1991-11,0.01797135405,91,5,2026-09,0.006929211991,180,8,2023-05,0.00402712453,193,6,2009-04,0.02270589845,183,11,-0.01104214206,0.01867877392
Hip-Hop / Rap,emotion_fear,406,1991-11,0.007987438923,91,5,2026-09,0.004738205975,180,8,2008-04,0.001750886729,179,12,2020-08,0.01584918329,417,27,-0.003249232948,0.01409829656
Hip-Hop / Rap,emotion_gratitude,406,1991-11,0.0007062330517,91,5,2026-09,0.00250167708,180,8,1999-08,0.0003662252954,92,5,2009-10,0.01797583898,165,9,0.001795444028,0.01760961368
Hip-Hop / Rap,emotion_grief,406,1991-11,0.001044216212,91,5,2026-09,0.0008554434685,180,8,2008-07,0.0005329601569,192,13,2018-11,0.00228810576,412,24,-0.0001887727439,0.001755145603
Hip-Hop / Rap,emotion_joy,406,1991-11,0.03173974518,91,5,2026-09,0.007607719095,180,8,2023-06,0.005819359606,194,6,2012-07,0.04621634451,219,14,-0.02413202608,0.04039698491
Hip-Hop / Rap,emotion_love,406,1991-11,0.134365358,91,5,2026-09,0.06483102514,180,8,2018-02,0.01566844382,333,21,2003-11,0.1983411592,187,9,-0.06953433286,0.1826727154
Hip-Hop / Rap,emotion_nervousness,406,1991-11,0.004730586941,91,5,2026-09,0.002377678714,180,8,2008-07,0.0009353475319,192,13,2025-09,0.01716064852,212,9,-0.002352908227,0.01622530099
Hip-Hop / Rap,emotion_neutral,406,1991-11,0.5023733639,91,5,2026-09,0.5352909253,180,8,2003-12,0.4345203157,188,9,2006-10,0.6672405602,187,9,0.03291756141,0.2327202444
Hip-Hop / Rap,emotion_optimism,406,1991-11,0.01424584063,91,5,2026-09,0.03161499876,180,8,1996-01,0.004646732496,126,8,2026-03,0.04254544611,162,8,0.01736915813,0.03789871361
Hip-Hop / Rap,emotion_pride,406,1991-11,0.001181174816,91,5,2026-09,0.0006373897196,180,8,2001-01,0.0005809815856,113,6,2012-05,0.003178176889,213,14,-0.000543785096,0.002597195303
Hip-Hop / Rap,emotion_realization,406,1991-11,0.01278184227,91,5,2026-09,0.008587577961,180,8,2000-11,0.006794399592,103,5,2011-08,0.02784534847,187,13,-0.004194264306,0.02105094888
Hip-Hop / Rap,emotion_relief,406,1991-11,0.00190603028,91,5,2026-09,0.0007018233554,180,8,2000-12,0.0006770388154,107,5,2015-12,0.002845523279,242,14,-0.001204206925,0.002168484464
Hip-Hop / Rap,emotion_remorse,406,1991-11,0.00363125275,91,5,2026-09,0.002910083548,180,8,1995-06,0.0005962872429,151,8,2001-10,0.03279966601,136,9,-0.0007211692022,0.03220337877
Hip-Hop / Rap,emotion_sadness,406,1991-11,0.02183954357,91,5,2026-09,0.01766107432,180,8,2008-07,0.004763417897,192,13,2020-08,0.05752807199,417,27,-0.004178469248,0.05276465409
Hip-Hop / Rap,emotion_surprise,406,1991-11,0.003892695836,91,5,2026-09,0.002660891543,180,8,2023-08,0.002494300407,176,6,2018-09,0.01878910817,396,24,-0.001231804293,0.01629480776
Hip-Hop / Rap,ll_explicit_language,406,1991-11,0.7953000001,91,5,2026-09,0.9524572048,180,8,1991-11,0.7953000001,91,5,2002-02,0.9949782212,145,9,0.1571572047,0.1996782211
Hip-Hop / Rap,ll_sexual_content,406,1991-11,0.746971914,91,5,2026-09,0.8678817946,180,8,1992-11,0.6921553255,102,5,2000-11,0.9907093504,103,5,0.1209098805,0.2985540249
Hip-Hop / Rap,ll_substance_use,406,1991-11,0.4558364034,91,5,2026-09,0.7910699572,180,8,1992-05,0.4171776865,114,7,1996-10,0.8496801401,106,6,0.3352335539,0.4325024536
Hip-Hop / Rap,ll_violence,406,1991-11,0.3625230709,91,5,2026-09,0.6088814932,180,8,1992-01,0.3203956818,99,5,1999-06,0.8179504957,94,5,0.2463584223,0.4975548139
Hip-Hop / Rap,sentiment_negative,406,1991-11,0.2817918098,91,5,2026-09,0.2796516924,180,8,2006-03,0.2559525228,218,11,1999-05,0.3095884883,95,5,-0.002140117373,0.0536359655
Hip-Hop / Rap,sentiment_neutral,406,1991-11,0.4116063433,91,5,2026-09,0.4463045233,180,8,1991-11,0.4116063433,91,5,2015-12,0.4463756215,242,14,0.03469818009,0.03476927822
Hip-Hop / Rap,sentiment_positive,406,1991-11,0.3066018475,91,5,2026-09,0.2740437848,180,8,2000-12,0.2655405814,107,5,1991-11,0.3066018475,91,5,-0.03255806266,0.04106126605
Jazz / Blues,detox_identity_attack,0,,,,,,,,,,,,,,,,,,
Jazz / Blues,detox_insult,0,,,,,,,,,,,,,,,,,,
Jazz / Blues,detox_obscene,0,,,,,,,,,,,,,,,,,,
Jazz / Blues,detox_severe_toxicity,0,,,,,,,,,,,,,,,,,,
Jazz / Blues,detox_sexual_explicit,0,,,,,,,,,,,,,,,,,,
Jazz / Blues,detox_threat,0,,,,,,,,,,,,,,,,,,
Jazz / Blues,detox_toxicity,0,,,,,,,,,,,,,,,,,,
Jazz / Blues,emotion_admiration,0,,,,,,,,,,,,,,,,,,
Jazz / Blues,emotion_amusement,0,,,,,,,,,,,,,,,,,,
Jazz / Blues,emotion_anger,0,,,,,,,,,,,,,,,,,,
Jazz / Blues,emotion_annoyance,0,,,,,,,,,,,,,,,,,,
Jazz / Blues,emotion_approval,0,,,,,,,,,,,,,,,,,,
Jazz / Blues,emotion_caring,0,,,,,,,,,,,,,,,,,,
Jazz / Blues,emotion_confusion,0,,,,,,,,,,,,,,,,,,
Jazz / Blues,emotion_curiosity,0,,,,,,,,,,,,,,,,,,
Jazz / Blues,emotion_desire,0,,,,,,,,,,,,,,,,,,
Jazz / Blues,emotion_disappointment,0,,,,,,,,,,,,,,,,,,
Jazz / Blues,emotion_disapproval,0,,,,,,,,,,,,,,,,,,
Jazz / Blues,emotion_disgust,0,,,,,,,,,,,,,,,,,,
Jazz / Blues,emotion_embarrassment,0,,,,,,,,,,,,,,,,,,
Jazz / Blues,emotion_excitement,0,,,,,,,,,,,,,,,,,,
Jazz / Blues,emotion_fear,0,,,,,,,,,,,,,,,,,,
Jazz / Blues,emotion_gratitude,0,,,,,,,,,,,,,,,,,,
Jazz / Blues,emotion_grief,0,,,,,,,,,,,,,,,,,,
Jazz / Blues,emotion_joy,0,,,,,,,,,,,,,,,,,,
Jazz / Blues,emotion_love,0,,,,,,,,,,,,,,,,,,
Jazz / Blues,emotion_nervousness,0,,,,,,,,,,,,,,,,,,
Jazz / Blues,emotion_neutral,0,,,,,,,,,,,,,,,,,,
Jazz / Blues,emotion_optimism,0,,,,,,,,,,,,,,,,,,
Jazz / Blues,emotion_pride,0,,,,,,,,,,,,,,,,,,
Jazz / Blues,emotion_realization,0,,,,,,,,,,,,,,,,,,
Jazz / Blues,emotion_relief,0,,,,,,,,,,,,,,,,,,
Jazz / Blues,emotion_remorse,0,,,,,,,,,,,,,,,,,,
Jazz / Blues,emotion_sadness,0,,,,,,,,,,,,,,,,,,
Jazz / Blues,emotion_surprise,0,,,,,,,,,,,,,,,,,,
Jazz / Blues,ll_explicit_language,0,,,,,,,,,,,,,,,,,,
Jazz / Blues,ll_sexual_content,0,,,,,,,,,,,,,,,,,,
Jazz / Blues,ll_substance_use,0,,,,,,,,,,,,,,,,,,
Jazz / Blues,ll_violence,0,,,,,,,,,,,,,,,,,,
Jazz / Blues,sentiment_negative,0,,,,,,,,,,,,,,,,,,
Jazz / Blues,sentiment_neutral,0,,,,,,,,,,,,,,,,,,
Jazz / Blues,sentiment_positive,0,,,,,,,,,,,,,,,,,,
K-Pop,detox_identity_attack,0,,,,,,,,,,,,,,,,,,
K-Pop,detox_insult,0,,,,,,,,,,,,,,,,,,
K-Pop,detox_obscene,0,,,,,,,,,,,,,,,,,,
K-Pop,detox_severe_toxicity,0,,,,,,,,,,,,,,,,,,
K-Pop,detox_sexual_explicit,0,,,,,,,,,,,,,,,,,,
K-Pop,detox_threat,0,,,,,,,,,,,,,,,,,,
K-Pop,detox_toxicity,0,,,,,,,,,,,,,,,,,,
K-Pop,emotion_admiration,0,,,,,,,,,,,,,,,,,,
K-Pop,emotion_amusement,0,,,,,,,,,,,,,,,,,,
K-Pop,emotion_anger,0,,,,,,,,,,,,,,,,,,
K-Pop,emotion_annoyance,0,,,,,,,,,,,,,,,,,,
K-Pop,emotion_approval,0,,,,,,,,,,,,,,,,,,
K-Pop,emotion_caring,0,,,,,,,,,,,,,,,,,,
K-Pop,emotion_confusion,0,,,,,,,,,,,,,,,,,,
K-Pop,emotion_curiosity,0,,,,,,,,,,,,,,,,,,
K-Pop,emotion_desire,0,,,,,,,,,,,,,,,,,,
K-Pop,emotion_disappointment,0,,,,,,,,,,,,,,,,,,
K-Pop,emotion_disapproval,0,,,,,,,,,,,,,,,,,,
K-Pop,emotion_disgust,0,,,,,,,,,,,,,,,,,,
K-Pop,emotion_embarrassment,0,,,,,,,,,,,,,,,,,,
K-Pop,emotion_excitement,0,,,,,,,,,,,,,,,,,,
K-Pop,emotion_fear,0,,,,,,,,,,,,,,,,,,
K-Pop,emotion_gratitude,0,,,,,,,,,,,,,,,,,,
K-Pop,emotion_grief,0,,,,,,,,,,,,,,,,,,
K-Pop,emotion_joy,0,,,,,,,,,,,,,,,,,,
K-Pop,emotion_love,0,,,,,,,,,,,,,,,,,,
K-Pop,emotion_nervousness,0,,,,,,,,,,,,,,,,,,
K-Pop,emotion_neutral,0,,,,,,,,,,,,,,,,,,
K-Pop,emotion_optimism,0,,,,,,,,,,,,,,,,,,
K-Pop,emotion_pride,0,,,,,,,,,,,,,,,,,,
K-Pop,emotion_realization,0,,,,,,,,,,,,,,,,,,
K-Pop,emotion_relief,0,,,,,,,,,,,,,,,,,,
K-Pop,emotion_remorse,0,,,,,,,,,,,,,,,,,,
K-Pop,emotion_sadness,0,,,,,,,,,,,,,,,,,,
K-Pop,emotion_surprise,0,,,,,,,,,,,,,,,,,,
K-Pop,ll_explicit_language,0,,,,,,,,,,,,,,,,,,
K-Pop,ll_sexual_content,0,,,,,,,,,,,,,,,,,,
K-Pop,ll_substance_use,0,,,,,,,,,,,,,,,,,,
K-Pop,ll_violence,0,,,,,,,,,,,,,,,,,,
K-Pop,sentiment_negative,0,,,,,,,,,,,,,,,,,,
K-Pop,sentiment_neutral,0,,,,,,,,,,,,,,,,,,
K-Pop,sentiment_positive,0,,,,,,,,,,,,,,,,,,
Latin,detox_identity_attack,4,2023-12,0.004405487104,144,6,2024-03,0.005472931152,142,6,2023-12,0.004405487104,144,6,2024-03,0.005472931152,142,6,0.001067444048,0.001067444048
Latin,detox_insult,4,2023-12,0.005324069918,144,6,2024-03,0.005691154964,142,6,2023-12,0.005324069918,144,6,2024-03,0.005691154964,142,6,0.0003670850462,0.0003670850462
Latin,detox_obscene,4,2023-12,0.04030605971,144,6,2024-03,0.04055456995,142,6,2024-01,0.03933294348,147,6,2024-03,0.04055456995,142,6,0.0002485102367,0.001221626474
Latin,detox_severe_toxicity,4,2023-12,0.0003307312594,144,6,2024-03,0.0003520973909,142,6,2024-01,0.000330266441,147,6,2024-03,0.0003520973909,142,6,2.136613154e-05,2.183094989e-05
Latin,detox_sexual_explicit,4,2023-12,0.01197063945,144,6,2024-03,0.0120569092,142,6,2023-12,0.01197063945,144,6,2024-01,0.01211989952,147,6,8.626975495e-05,0.0001492600717
Latin,detox_threat,4,2023-12,0.0003539009661,144,6,2024-03,0.0003656449038,142,6,2024-01,0.0003516060749,147,6,2024-03,0.0003656449038,142,6,1.174393775e-05,1.403882897e-05
Latin,detox_toxicity,4,2023-12,0.08727407864,144,6,2024-03,0.08999832301,142,6,2024-01,0.08567845821,147,6,2024-03,0.08999832301,142,6,0.00272424437,0.004319864799
Latin,emotion_admiration,4,2023-12,0.003343886331,144,6,2024-03,0.004537950651,142,6,2023-12,0.003343886331,144,6,2024-03,0.004537950651,142,6,0.00119406432,0.00119406432
Latin,emotion_amusement,4,2023-12,0.003668065387,144,6,2024-03,0.003620940996,142,6,2024-01,0.003593490255,147,6,2023-12,0.003668065387,144,6,-4.71243908e-05,7.457513215e-05
Latin,emotion_anger,4,2023-12,0.002726752516,144,6,2024-03,0.002636010388,142,6,2024-03,0.002636010388,142,6,2023-12,0.002726752516,144,6,-9.074212857e-05,9.074212857e-05
Latin,emotion_annoyance,4,2023-12,0.01108566437,144,6,2024-03,0.01045421172,142,6,2024-03,0.01045421172,142,6,2023-12,0.01108566437,144,6,-0.0006314526513,0.0006314526513
Latin,emotion_approval,4,2023-12,0.02363384739,144,6,2024-03,0.0240067448,142,6,2023-12,0.02363384739,144,6,2024-02,0.02403116655,144,6,0.0003728974037,0.0003973191565
Latin,emotion_caring,4,2023-12,0.002477622478,144,6,2024-03,0.002381586522,142,6,2024-03,0.002381586522,142,6,2023-12,0.002477622478,144,6,-9.603595633e-05,9.603595633e-05
Latin,emotion_confusion,4,2023-12,0.02185946613,144,6,2024-03,0.01917001621,142,6,2024-03,0.01917001621,142,6,2024-01,0.0229519422,147,6,-0.00268944992,0.003781925998
Latin,emotion_curiosity,4,2023-12,0.02764095384,144,6,2024-03,0.02557601627,142,6,2024-03,0.02557601627,142,6,2024-01,0.02983140177,147,6,-0.002064937568,0.0042553855
Latin,emotion_desire,4,2023-12,0.008099355878,144,6,2024-03,0.008070721263,142,6,2024-03,0.008070721263,142,6,2023-12,0.008099355878,144,6,-2.863461508e-05,2.863461508e-05
Latin,emotion_disappointment,4,2023-12,0.004304014568,144,6,2024-03,0.003833126062,142,6,2024-03,0.003833126062,142,6,2023-12,0.004304014568,144,6,-0.0004708885058,0.0004708885058
Latin,emotion_disapproval,4,2023-12,0.01530793869,144,6,2024-03,0.01332764018,142,6,2024-03,0.01332764018,142,6,2023-12,0.01530793869,144,6,-0.001980298513,0.001980298513
Latin,emotion_disgust,4,2023-12,0.002067838893,144,6,2024-03,0.002009757418,142,6,2024-03,0.002009757418,142,6,2023-12,0.002067838893,144,6,-5.808147493e-05,5.808147493e-05
Latin,emotion_embarrassment,4,2023-12,0.001514490347,144,6,2024-03,0.001055760471,142,6,2024-03,0.001055760471,142,6,2023-12,0.001514490347,144,6,-0.0004587298761,0.0004587298761
Latin,emotion_excitement,4,2023-12,0.003315898393,144,6,2024-03,0.004094059176,142,6,2023-12,0.003315898393,144,6,2024-03,0.004094059176,142,6,0.0007781607833,0.0007781607833
Latin,emotion_fear,4,2023-12,0.001554290777,144,6,2024-03,0.001499719642,142,6,2024-03,0.001499719642,142,6,2023-12,0.001554290777,144,6,-5.457113477e-05,5.457113477e-05
Latin,emotion_gratitude,4,2023-12,0.0007337547372,144,6,2024-03,0.0007387370867,142,6,2024-01,0.0007297914177,147,6,2024-03,0.0007387370867,142,6,4.982349428e-06,8.945668923e-06
Latin,emotion_grief,4,2023-12,0.000522046828,144,6,2024-03,0.0004335121905,142,6,2024-03,0.0004335121905,142,6,2023-12,0.000522046828,144,6,-8.853463748e-05,8.853463748e-05
Latin,emotion_joy,4,2023-12,0.002748357979,144,6,2024-03,0.002992610449,142,6,2023-12,0.002748357979,144,6,2024-03,0.002992610449,142,6,0.0002442524702,0.0002442524702
Latin,emotion_love,4,2023-12,0.002065259488,144,6,2024-03,0.002096208761,142,6,2024-01,0.002061929156,147,6,2024-03,0.002096208761,142,6,3.094927278e-05,3.427960444e-05
Latin,emotion_nervousness,4,2023-12,0.0005332285119,144,6,2024-03,0.0004805170223,142,6,2024-03,0.0004805170223,142,6,2023-12,0.0005332285119,144,6,-5.271148959e-05,5.271148959e-05
Latin,emotion_neutral,4,2023-12,0.9010809082,144,6,2024-03,0.9085410316,142,6,2023-12,0.9010809082,144,6,2024-03,0.9085410316,142,6,0.00746012336,0.00746012336
Latin,emotion_optimism,4,2023-12,0.003081981305,144,6,2024-03,0.003049568433,142,6,2024-03,0.003049568433,142,6,2024-01,0.003090970624,147,6,-3.241287191e-05,4.140219108e-05
Latin,emotion_pride,4,2023-12,0.0003575359364,144,6,2024-03,0.0003936825587,142,6,2023-12,0.0003575359364,144,6,2024-03,0.0003936825587,142,6,3.614662227e-05,3.614662227e-05
Latin,emotion_realization,4,2023-12,0.009091019085,144,6,2024-03,0.008988645028,142,6,2024-03,0.008988645028,142,6,2023-12,0.009091019085,144,6,-0.0001023740569,0.0001023740569
Latin,emotion_relief,4,2023-12,0.0005288034482,144,6,2024-03,0.0005009403403,142,6,2024-03,0.0005009403403,142,6,2023-12,0.0005288034482,144,6,-2.78631079e-05,2.78631079e-05
Latin,emotion_remorse,4,2023-12,0.002461675962,144,6,2024-03,0.0007132955336,142,6,2024-03,0.0007132955336,142,6,2023-12,0.002461675962,144,6,-0.001748380428,0.001748380428
Latin,emotion_sadness,4,2023-12,0.004836226256,144,6,2024-03,0.002571984679,142,6,2024-03,0.002571984679,142,6,2023-12,0.004836226256,144,6,-0.002264241577,0.002264241577
Latin,emotion_surprise,4,2023-12,0.002295837283,144,6,2024-03,0.002565455001,142,6,2023-12,0.002295837283,144,6,2024-03,0.002565455001,142,6,0.000269617718,0.000269617718
Latin,ll_explicit_language,4,2023-12,0.2575050258,144,6,2024-03,0.2711519453,142,6,2023-12,0.2575050258,144,6,2024-03,0.2711519453,142,6,0.01364691952,0.01364691952
Latin,ll_sexual_content,4,2023-12,0.531457982,144,6,2024-03,0.521551924,142,6,2024-03,0.521551924,142,6,2024-01,0.5350351288,147,6,-0.009906057933,0.01348320475
Latin,ll_substance_use,4,2023-12,0.3754741047,144,6,2024-03,0.4178312141,142,6,2023-12,0.3754741047,144,6,2024-03,0.4178312141,142,6,0.04235710934,0.04235710934
Latin,ll_violence,4,2023-12,0.00856571655,144,6,2024-03,0.008659331558,142,6,2023-12,0.00856571655,144,6,2024-03,0.008659331558,142,6,9.361500758e-05,9.361500758e-05
Latin,sentiment_negative,4,2023-12,0.27297614,144,6,2024-03,0.2772890516,142,6,2023-12,0.27297614,144,6,2024-03,0.2772890516,142,6,0.004312911602,0.004312911602
Latin,sentiment_neutral,4,2023-12,0.432856455,144,6,2024-03,0.4319587038,142,6,2024-03,0.4319587038,142,6,2024-01,0.4332460977,147,6,-0.0008977512125,0.001287393906
Latin,sentiment_positive,4,2023-12,0.2941674029,144,6,2024-03,0.2907522462,142,6,2024-03,0.2907522462,142,6,2023-12,0.2941674029,144,6,-0.003415156688,0.003415156688
Metal,detox_identity_attack,0,,,,,,,,,,,,,,,,,,
Metal,detox_insult,0,,,,,,,,,,,,,,,,,,
Metal,detox_obscene,0,,,,,,,,,,,,,,,,,,
Metal,detox_severe_toxicity,0,,,,,,,,,,,,,,,,,,
Metal,detox_sexual_explicit,0,,,,,,,,,,,,,,,,,,
Metal,detox_threat,0,,,,,,,,,,,,,,,,,,
Metal,detox_toxicity,0,,,,,,,,,,,,,,,,,,
Metal,emotion_admiration,0,,,,,,,,,,,,,,,,,,
Metal,emotion_amusement,0,,,,,,,,,,,,,,,,,,
Metal,emotion_anger,0,,,,,,,,,,,,,,,,,,
Metal,emotion_annoyance,0,,,,,,,,,,,,,,,,,,
Metal,emotion_approval,0,,,,,,,,,,,,,,,,,,
Metal,emotion_caring,0,,,,,,,,,,,,,,,,,,
Metal,emotion_confusion,0,,,,,,,,,,,,,,,,,,
Metal,emotion_curiosity,0,,,,,,,,,,,,,,,,,,
Metal,emotion_desire,0,,,,,,,,,,,,,,,,,,
Metal,emotion_disappointment,0,,,,,,,,,,,,,,,,,,
Metal,emotion_disapproval,0,,,,,,,,,,,,,,,,,,
Metal,emotion_disgust,0,,,,,,,,,,,,,,,,,,
Metal,emotion_embarrassment,0,,,,,,,,,,,,,,,,,,
Metal,emotion_excitement,0,,,,,,,,,,,,,,,,,,
Metal,emotion_fear,0,,,,,,,,,,,,,,,,,,
Metal,emotion_gratitude,0,,,,,,,,,,,,,,,,,,
Metal,emotion_grief,0,,,,,,,,,,,,,,,,,,
Metal,emotion_joy,0,,,,,,,,,,,,,,,,,,
Metal,emotion_love,0,,,,,,,,,,,,,,,,,,
Metal,emotion_nervousness,0,,,,,,,,,,,,,,,,,,
Metal,emotion_neutral,0,,,,,,,,,,,,,,,,,,
Metal,emotion_optimism,0,,,,,,,,,,,,,,,,,,
Metal,emotion_pride,0,,,,,,,,,,,,,,,,,,
Metal,emotion_realization,0,,,,,,,,,,,,,,,,,,
Metal,emotion_relief,0,,,,,,,,,,,,,,,,,,
Metal,emotion_remorse,0,,,,,,,,,,,,,,,,,,
Metal,emotion_sadness,0,,,,,,,,,,,,,,,,,,
Metal,emotion_surprise,0,,,,,,,,,,,,,,,,,,
Metal,ll_explicit_language,0,,,,,,,,,,,,,,,,,,
Metal,ll_sexual_content,0,,,,,,,,,,,,,,,,,,
Metal,ll_substance_use,0,,,,,,,,,,,,,,,,,,
Metal,ll_violence,0,,,,,,,,,,,,,,,,,,
Metal,sentiment_negative,0,,,,,,,,,,,,,,,,,,
Metal,sentiment_neutral,0,,,,,,,,,,,,,,,,,,
Metal,sentiment_positive,0,,,,,,,,,,,,,,,,,,
Other,detox_identity_attack,0,,,,,,,,,,,,,,,,,,
Other,detox_insult,0,,,,,,,,,,,,,,,,,,
Other,detox_obscene,0,,,,,,,,,,,,,,,,,,
Other,detox_severe_toxicity,0,,,,,,,,,,,,,,,,,,
Other,detox_sexual_explicit,0,,,,,,,,,,,,,,,,,,
Other,detox_threat,0,,,,,,,,,,,,,,,,,,
Other,detox_toxicity,0,,,,,,,,,,,,,,,,,,
Other,emotion_admiration,0,,,,,,,,,,,,,,,,,,
Other,emotion_amusement,0,,,,,,,,,,,,,,,,,,
Other,emotion_anger,0,,,,,,,,,,,,,,,,,,
Other,emotion_annoyance,0,,,,,,,,,,,,,,,,,,
Other,emotion_approval,0,,,,,,,,,,,,,,,,,,
Other,emotion_caring,0,,,,,,,,,,,,,,,,,,
Other,emotion_confusion,0,,,,,,,,,,,,,,,,,,
Other,emotion_curiosity,0,,,,,,,,,,,,,,,,,,
Other,emotion_desire,0,,,,,,,,,,,,,,,,,,
Other,emotion_disappointment,0,,,,,,,,,,,,,,,,,,
Other,emotion_disapproval,0,,,,,,,,,,,,,,,,,,
Other,emotion_disgust,0,,,,,,,,,,,,,,,,,,
Other,emotion_embarrassment,0,,,,,,,,,,,,,,,,,,
Other,emotion_excitement,0,,,,,,,,,,,,,,,,,,
Other,emotion_fear,0,,,,,,,,,,,,,,,,,,
Other,emotion_gratitude,0,,,,,,,,,,,,,,,,,,
Other,emotion_grief,0,,,,,,,,,,,,,,,,,,
Other,emotion_joy,0,,,,,,,,,,,,,,,,,,
Other,emotion_love,0,,,,,,,,,,,,,,,,,,
Other,emotion_nervousness,0,,,,,,,,,,,,,,,,,,
Other,emotion_neutral,0,,,,,,,,,,,,,,,,,,
Other,emotion_optimism,0,,,,,,,,,,,,,,,,,,
Other,emotion_pride,0,,,,,,,,,,,,,,,,,,
Other,emotion_realization,0,,,,,,,,,,,,,,,,,,
Other,emotion_relief,0,,,,,,,,,,,,,,,,,,
Other,emotion_remorse,0,,,,,,,,,,,,,,,,,,
Other,emotion_sadness,0,,,,,,,,,,,,,,,,,,
Other,emotion_surprise,0,,,,,,,,,,,,,,,,,,
Other,ll_explicit_language,0,,,,,,,,,,,,,,,,,,
Other,ll_sexual_content,0,,,,,,,,,,,,,,,,,,
Other,ll_substance_use,0,,,,,,,,,,,,,,,,,,
Other,ll_violence,0,,,,,,,,,,,,,,,,,,
Other,sentiment_negative,0,,,,,,,,,,,,,,,,,,
Other,sentiment_neutral,0,,,,,,,,,,,,,,,,,,
Other,sentiment_positive,0,,,,,,,,,,,,,,,,,,
Pop,detox_identity_attack,807,1959-07,0.001940294963,305,22,2026-09,0.003031948067,262,13,1995-03,0.0005483060072,137,9,1997-05,0.01426470076,91,5,0.001091653103,0.01371639475
Pop,detox_insult,807,1959-07,0.01491823358,305,22,2026-09,0.0546312965,262,13,1999-02,0.003396593597,135,8,2025-06,0.1275545671,244,15,0.03971306292,0.1241579735
Pop,detox_obscene,807,1959-07,0.008727820926,305,22,2026-09,0.1251732583,262,13,1972-09,0.001607406817,200,12,2024-03,0.2441401698,198,9,0.1164454373,0.2425327629
Pop,detox_severe_toxicity,807,1959-07,0.0001833464836,305,22,2026-09,0.001729209243,262,13,1972-10,2.379149851e-05,194,11,2022-04,0.008240701993,249,16,0.00154586276,0.008216910494
Pop,detox_sexual_explicit,807,1959-07,0.003430104888,305,22,2026-09,0.02789107111,262,13,1973-08,0.0009049577475,130,8,2022-04,0.05574644443,249,16,0.02446096622,0.05484148669
Pop,detox_threat,807,1959-07,0.002391085501,305,22,2026-09,0.004820394906,262,13,1975-07,0.0003316503171,169,11,2017-01,0.02182874042,297,21,0.002429309405,0.0214970901
Pop,detox_toxicity,807,1959-07,0.03525176821,305,22,2026-09,0.1992819868,262,13,1972-10,0.01872488337,194,11,2025-05,0.3502201646,244,15,0.1640302186,0.3314952812
Pop,emotion_admiration,807,1959-07,0.03819177797,305,22,2026-09,0.03280224288,262,13,1997-07,0.00827194967,100,6,2006-11,0.09971619692,160,9,-0.005389535091,0.09144424725
Pop,emotion_amusement,807,1959-07,0.01548052794,305,22,2026-09,0.04552051697,262,13,1996-09,0.002081530793,86,5,2004-04,0.06130230186,146,9,0.03003998903,0.05922077106
Pop,emotion_anger,807,1959-07,0.00565069613,305,22,2026-09,0.01721760638,262,13,1959-08,0.005440083283,305,22,2003-03,0.04384848599,94,6,0.01156691025,0.03840840271
Pop,emotion_annoyance,807,1959-07,0.01400986383,305,22,2026-09,0.04677399428,262,13,1959-10,0.01292899733,296,20,2003-02,0.1271779392,96,6,0.03276413044,0.1142489419
Pop,emotion_approval,807,1959-07,0.03771778843,305,22,2026-09,0.07413400273,262,13,1997-05,0.03217848358,91,5,2000-05,0.09401523731,142,8,0.03641621431,0.06183675373
Pop,emotion_caring,807,1959-07,0.0307709866,305,22,2026-09,0.01943861447,262,13,2023-08,0.01071325656,226,9,1995-07,0.1235643337,130,8,-0.01133237213,0.1128510771
Pop,emotion_confusion,807,1959-07,0.01926152182,305,22,2026-09,0.02390114483,262,13,1969-09,0.00838940194,257,17,2002-05,0.05130820323,118,6,0.00463962301,0.04291880129
Pop,emotion_curiosity,807,1959-07,0.02443999566,305,22,2026-09,0.05155783379,262,13,1969-11,0.0171581194,248,17,2002-05,0.09741841499,118,6,0.02711783813,0.08026029559
Pop,emotion_desire,807,1959-07,0.08613753811,305,22,2026-09,0.07161097142,262,13,1973-08,0.0279991118,130,8,1998-03,0.1392262282,163,9,-0.01452656668,0.1112271164
Pop,emotion_disappointment,807,1959-07,0.03511771534,305,22,2026-09,0.06396649144,262,13,1960-01,0.02946943596,286,20,2021-08,0.1061660517,232,12,0.0288487761,0.0766966157
Pop,emotion_disapproval,807,1959-07,0.007515691088,305,22,2026-09,0.02262623699,262,13,1959-08,0.006942457633,305,22,2024-07,0.04806839937,230,13,0.0151105459,0.04112594174
Pop,emotion_disgust,807,1959-07,0.002920335978,305,22,2026-09,0.00511799056,262,13,1970-07,0.002390178968,238,17,2024-03,0.009977051594,198,9,0.002197654582,0.007586872626
Pop,emotion_embarrassment,807,1959-07,0.002006705902,305,22,2026-09,0.005113320355,262,13,1970-07,0.00154457939,238,17,1973-11,0.01528821608,125,8,0.003106614453,0.01374363669
Pop,emotion_excitement,807,1959-07,0.04853595842,305,22,2026-09,0.02718196452,262,13,2006-06,0.00849729193,164,9,2000-02,0.05020248113,131,8,-0.02135399389,0.0417051892
Pop,emotion_fear,807,1959-07,0.006142912418,305,22,2026-09,0.01164491121,262,13,1974-05,0.003924650692,123,8,2005-03,0.08457194497,112,6,0.005501998792,0.08064729427
Pop,emotion_gratitude,807,1959-07,0.002110689024,305,22,2026-09,0.009088801735,262,13,2002-12,0.0005767853948,93,6,2005-11,0.07094671816,144,8,0.006978112711,0.07036993276
Pop,emotion_grief,807,1959-07,0.0042618857,305,22,2026-09,0.002357542916,262,13,2012-01,0.001805650537,303,21,1962-04,0.006206043552,281,17,-0.001904342784,0.004400393015
Pop,emotion_joy,807,1959-07,0.0681908615,305,22,2026-09,0.0590666768,262,13,2006-11,0.01113632749,160,9,2025-05,0.07582947147,244,15,-0.009124184706,0.06469314398
Pop,emotion_love,807,1959-07,0.3208756749,305,22,2026-09,0.1916230771,262,13,2007-03,0.06209309228,171,12,1961-03,0.3836823236,269,18,-0.1292525978,0.3215892313
Pop,emotion_nervousness,807,1959-07,0.006817690778,305,22,2026-09,0.008540402368,262,13,1975-08,0.004810344732,174,11,2005-03,0.03461617885,112,6,0.001722711591,0.02980583411
Pop,emotion_neutral,807,1959-07,0.2935594198,305,22,2026-09,0.2778724894,262,13,2004-12,0.1800369252,118,6,1986-07,0.4247424657,317,22,-0.01568693039,0.2447055405
Pop,emotion_optimism,807,1959-07,0.02942443846,305,22,2026-09,0.03290910171,262,13,2024-01,0.01058991134,204,9,2025-09,0.05356705921,241,15,0.003484663244,0.04297714787
Pop,emotion_pride,807,1959-07,0.001741579357,305,22,2026-09,0.001659121264,262,13,1998-11,0.0009603699551,157,8,1963-11,0.00365243818,335,20,-8.245809376e-05,0.002692068225
Pop,emotion_realization,807,1959-07,0.01913848277,305,22,2026-09,0.01762387078,262,13,1998-07,0.01235174132,178,11,2008-09,0.05880386117,235,12,-0.001514611996,0.04645211985
Pop,emotion_relief,807,1959-07,0.003046873912,305,22,2026-09,0.002812558856,262,13,2002-09,0.001637303596,99,6,2000-06,0.006286732708,147,8,-0.0002343150555,0.004649429113
Pop,emotion_remorse,807,1959-07,0.005491713288,305,22,2026-09,0.01051856268,262,13,2012-06,0.002177086981,286,21,2016-09,0.03786474941,308,21,0.005026849395,0.03568766243
Pop,emotion_sadness,807,1959-07,0.1045736269,305,22,2026-09,0.06530883175,262,13,2012-02,0.03620309951,301,21,1962-04,0.1759926149,281,17,-0.03926479517,0.1397895154
Pop,emotion_surprise,807,1959-07,0.008300462523,305,22,2026-09,0.006463603043,262,13,1998-06,0.003495594586,175,10,1992-07,0.02854160501,198,12,-0.001836859479,0.02504601043
Pop,ll_explicit_language,807,1959-07,0.04570235933,305,22,2026-09,0.3574454319,262,13,1965-10,0.01685699394,314,22,2024-02,0.549864307,197,9,0.3117430725,0.5330073131
Pop,ll_sexual_content,807,1959-07,0.3853389313,305,22,2026-09,0.6586709701,262,13,1995-05,0.1882714432,129,8,2026-01,0.7154657409,261,15,0.2733320388,0.5271942977
Pop,ll_substance_use,807,1959-07,0.04967523144,305,22,2026-09,0.2227992023,262,13,1966-03,0.01754663127,294,19,2018-12,0.4303289465,200,12,0.1731239709,0.4127823152
Pop,ll_violence,807,1959-07,0.02871174698,305,22,2026-09,0.2402903277,262,13,1959-07,0.02871174698,305,22,2019-09,0.362903384,251,15,0.2115785808,0.334191637
Pop,sentiment_negative,807,1959-07,0.2274265978,305,22,2026-09,0.278172311,262,13,1959-09,0.2247123517,309,22,1985-10,0.29891251,324,22,0.0507457132,0.07420015828
Pop,sentiment_neutral,807,1959-07,0.4075479198,305,22,2026-09,0.4146838542,262,13,1960-02,0.4041370981,293,20,2001-03,0.442786462,160,10,0.007135934378,0.03864936383
Pop,sentiment_positive,807,1959-07,0.3650254818,305,22,2026-09,0.3071438373,262,13,2006-09,0.2757806279,164,9,1959-10,0.3669230671,296,20,-0.05788164446,0.09114243922
R&B / Soul,detox_identity_attack,658,1959-07,0.001949101963,166,10,2026-04,0.007390941133,102,5,1981-07,0.0009953445258,176,13,2016-12,0.1073586558,124,5,0.00544183917,0.1063633113
R&B / Soul,detox_insult,658,1959-07,0.04317820873,166,10,2026-04,0.06823291564,102,5,1978-10,0.00660059506,146,6,2018-03,0.2538835131,104,5,0.02505470691,0.247282918
R&B / Soul,detox_obscene,658,1959-07,0.01406544214,166,10,2026-04,0.1569538475,102,5,1963-12,0.003826065482,254,15,2016-09,0.4613357049,115,5,0.1428884053,0.4575096394
R&B / Soul,detox_severe_toxicity,658,1959-07,6.470331875e-05,166,10,2026-04,0.005113156559,102,5,1978-02,4.427516902e-05,173,12,2016-09,0.04108051567,115,5,0.00504845324,0.0410362405
R&B / Soul,detox_sexual_explicit,658,1959-07,0.006714619177,166,10,2026-04,0.03228903377,102,5,1962-07,0.001497957138,237,15,2016-09,0.1502300355,115,5,0.02557441459,0.1487320784
R&B / Soul,detox_threat,658,1959-07,0.002793511674,166,10,2026-04,0.005015954047,102,5,1989-07,0.0003712142028,120,6,1965-11,0.0155693897,230,13,0.002222442372,0.0151981755
R&B / Soul,detox_toxicity,658,1959-07,0.09167914422,166,10,2026-04,0.2115083864,102,5,1969-02,0.03290205698,320,21,2016-10,0.5416221281,120,5,0.1198292422,0.5087200711
R&B / Soul,emotion_admiration,658,1959-07,0.04847007363,166,10,2026-04,0.02451230973,102,5,1972-06,0.01065599342,267,18,2014-09,0.1234559309,79,5,-0.0239577639,0.1127999375
R&B / Soul,emotion_amusement,658,1959-07,0.008049311955,166,10,2026-04,0.002705845309,102,5,2026-02,0.002601274536,111,7,1977-06,0.04978928478,217,13,-0.005343466646,0.04718801024
R&B / Soul,emotion_anger,658,1959-07,0.01527283899,166,10,2026-04,0.02951611324,102,5,1985-12,0.00639752777,207,14,2017-05,0.06135308188,112,5,0.01424327425,0.05495555411
R&B / Soul,emotion_annoyance,658,1959-07,0.02001861308,166,10,2026-04,0.07066179926,102,5,1985-12,0.01521559217,207,14,2017-08,0.1038949295,122,9,0.05064318617,0.08867933734
R&B / Soul,emotion_approval,658,1959-07,0.03393029622,166,10,2026-04,0.07827263285,102,5,1959-07,0.03393029622,166,10,2018-02,0.08952819777,107,5,0.04434233663,0.05559790155
R&B / Soul,emotion_caring,658,1959-07,0.03798274102,166,10,2026-04,0.03693322178,102,5,2009-07,0.01444463579,135,8,2003-03,0.08509086587,170,11,-0.001049519243,0.07064623008
R&B / Soul,emotion_confusion,658,1959-07,0.02209113446,166,10,2026-04,0.03679813531,102,5,1981-01,0.005755437846,176,12,1993-07,0.05391994346,193,12,0.01470700085,0.04816450562
R&B / Soul,emotion_curiosity,658,1959-07,0.04951883702,166,10,2026-04,0.08558757281,102,5,1979-08,0.01421596372,149,6,2026-04,0.08558757281,102,5,0.03606873579,0.07137160909
R&B / Soul,emotion_desire,658,1959-07,0.102932803,166,10,2026-04,0.08951536925,102,5,1980-02,0.02177498558,171,9,1995-03,0.1234231348,212,13,-0.01341743377,0.1016481492
R&B / Soul,emotion_disappointment,658,1959-07,0.03939411048,166,10,2026-04,0.07088645218,102,5,2014-09,0.01430702863,79,5,2025-12,0.08872771781,108,7,0.0314923417,0.07442068918
R&B / Soul,emotion_disapproval,658,1959-07,0.008315013143,166,10,2026-04,0.03166765491,102,5,1959-09,0.00786007906,170,10,2007-08,0.05068841637,169,11,0.02335264177,0.04282833731
R&B / Soul,emotion_disgust,658,1959-07,0.004588238625,166,10,2026-04,0.005495972287,102,5,1978-07,0.001975867085,160,9,1986-08,0.00817768666,197,12,0.0009077336625,0.006201819575
R&B / Soul,emotion_embarrassment,658,1959-07,0.00315670829,166,10,2026-04,0.002468552432,102,5,2014-09,0.001150681067,79,5,1970-12,0.01019801058,258,17,-0.0006881558582,0.009047329516
R&B / Soul,emotion_excitement,658,1959-07,0.03033415025,166,10,2026-04,0.009672163368,102,5,2026-01,0.007417522672,109,7,1985-07,0.05411026136,186,9,-0.02066198688,0.04669273869
R&B / Soul,emotion_fear,658,1959-07,0.009535422997,166,10,2026-04,0.005277183623,102,5,1976-08,0.002746343535,214,12,2010-01,0.07221768797,118,6,-0.004258239374,0.06947134444
R&B / Soul,emotion_gratitude,658,1959-07,0.01013575543,166,10,2026-04,0.0006157854659,102,5,2018-10,0.0004681674931,78,5,1972-04,0.02404437583,259,18,-0.009519969969,0.02357620833
R&B / Soul,emotion_grief,658,1959-07,0.004312766689,166,10,2026-04,0.001974234212,102,5,2014-09,0.0008504623231,79,5,1965-03,0.005874799815,282,14,-0.002338532477,0.005024337492
R&B / Soul,emotion_joy,658,1959-07,0.0616199297,166,10,2026-04,0.01173635639,102,5,2025-12,0.01065930607,108,7,1979-12,0.08778276037,164,9,-0.04988357331,0.0771234543
R&B / Soul,emotion_love,658,1959-07,0.4220536168,166,10,2026-04,0.2124045413,102,5,2001-06,0.1123814393,181,12,2014-09,0.485558606,79,5,-0.2096490755,0.3731771668
R&B / Soul,emotion_nervousness,658,1959-07,0.006082033701,166,10,2026-04,0.006918301704,102,5,2014-09,0.002298546327,79,5,2008-03,0.02010227089,161,11,0.000836268003,0.01780372457
R&B / Soul,emotion_neutral,658,1959-07,0.2138902767,166,10,2026-04,0.3249789609,102,5,1987-10,0.2044745579,180,11,2018-07,0.4115767067,92,5,0.1110886842,0.2071021488
R&B / Soul,emotion_optimism,658,1959-07,0.02467534046,166,10,2026-04,0.01958376278,102,5,2018-02,0.009656016067,107,5,2006-11,0.04874087025,140,7,-0.005091577678,0.03908485419
R&B / Soul,emotion_pride,658,1959-07,0.001574595477,166,10,2026-04,0.0009073270619,102,5,2026-04,0.0009073270619,102,5,1971-05,0.005005553205,266,16,-0.000667268415,0.004098226143
R&B / Soul,emotion_realization,658,1959-07,0.01397316512,166,10,2026-04,0.0133193462,102,5,2014-09,0.00848464539,79,5,1984-09,0.03968682852,139,8,-0.0006538189206,0.03120218313
R&B / Soul,emotion_relief,658,1959-07,0.002524090553,166,10,2026-04,0.001476176126,102,5,2014-09,0.001443133343,79,5,1985-05,0.005889148977,169,8,-0.001047914427,0.004446015633
R&B / Soul,emotion_remorse,658,1959-07,0.02272257173,166,10,2026-04,0.00476777277,102,5,2014-09,0.001300274631,79,5,2007-11,0.03001927239,156,11,-0.01795479896,0.02871899776
R&B / Soul,emotion_sadness,658,1959-07,0.1057681889,166,10,2026-04,0.05600340124,102,5,2014-09,0.008045862241,79,5,1965-03,0.1920502767,282,14,-0.04976478761,0.1840044144
R&B / Soul,emotion_surprise,658,1959-07,0.01048739448,166,10,2026-04,0.003570392471,102,5,2018-03,0.00270305657,104,5,1981-07,0.02371004204,176,13,-0.006917002006,0.02100698547
R&B / Soul,ll_explicit_language,658,1959-07,0.08455872148,166,10,2026-04,0.3580547082,102,5,1981-07,0.03995284164,176,13,2016-12,0.8828174625,124,5,0.2734959867,0.8428646208
R&B / Soul,ll_sexual_content,658,1959-07,0.4087873602,166,10,2026-04,0.7297510474,102,5,1973-09,0.3611995755,318,21,2018-10,0.8729675681,78,5,0.3209636872,0.5117679927
R&B / Soul,ll_substance_use,658,1959-07,0.07997095511,166,10,2026-04,0.2627368642,102,5,1963-06,0.01290038474,226,15,2018-01,0.5142403547,111,5,0.1827659091,0.5013399699
R&B / Soul,ll_violence,658,1959-07,0.08798163063,166,10,2026-04,0.2210973485,102,5,1978-12,0.01646763118,137,6,2017-04,0.2993064092,113,5,0.1331157178,0.282838778
R&B / Soul,sentiment_negative,658,1959-07,0.2470738928,166,10,2026-04,0.2830866412,102,5,1978-11,0.2126780592,139,6,2025-12,0.287886016,108,7,0.03601274841,0.07520795678
R&B / Soul,sentiment_neutral,658,1959-07,0.3998559783,166,10,2026-04,0.4202984684,102,5,1959-07,0.3998559783,166,10,2006-06,0.4552782455,123,7,0.02044249004,0.05542226715
R&B / Soul,sentiment_positive,658,1959-07,0.353070121,166,10,2026-04,0.2966149147,102,5,2016-10,0.2835060216,120,5,1960-04,0.3677947927,173,10,-0.05645520627,0.08428877109
Reggae / Dancehall,detox_identity_attack,0,,,,,,,,,,,,,,,,,,
Reggae / Dancehall,detox_insult,0,,,,,,,,,,,,,,,,,,
Reggae / Dancehall,detox_obscene,0,,,,,,,,,,,,,,,,,,
Reggae / Dancehall,detox_severe_toxicity,0,,,,,,,,,,,,,,,,,,
Reggae / Dancehall,detox_sexual_explicit,0,,,,,,,,,,,,,,,,,,
Reggae / Dancehall,detox_threat,0,,,,,,,,,,,,,,,,,,
Reggae / Dancehall,detox_toxicity,0,,,,,,,,,,,,,,,,,,
Reggae / Dancehall,emotion_admiration,0,,,,,,,,,,,,,,,,,,
Reggae / Dancehall,emotion_amusement,0,,,,,,,,,,,,,,,,,,
Reggae / Dancehall,emotion_anger,0,,,,,,,,,,,,,,,,,,
Reggae / Dancehall,emotion_annoyance,0,,,,,,,,,,,,,,,,,,
Reggae / Dancehall,emotion_approval,0,,,,,,,,,,,,,,,,,,
Reggae / Dancehall,emotion_caring,0,,,,,,,,,,,,,,,,,,
Reggae / Dancehall,emotion_confusion,0,,,,,,,,,,,,,,,,,,
Reggae / Dancehall,emotion_curiosity,0,,,,,,,,,,,,,,,,,,
Reggae / Dancehall,emotion_desire,0,,,,,,,,,,,,,,,,,,
Reggae / Dancehall,emotion_disappointment,0,,,,,,,,,,,,,,,,,,
Reggae / Dancehall,emotion_disapproval,0,,,,,,,,,,,,,,,,,,
Reggae / Dancehall,emotion_disgust,0,,,,,,,,,,,,,,,,,,
Reggae / Dancehall,emotion_embarrassment,0,,,,,,,,,,,,,,,,,,
Reggae / Dancehall,emotion_excitement,0,,,,,,,,,,,,,,,,,,
Reggae / Dancehall,emotion_fear,0,,,,,,,,,,,,,,,,,,
Reggae / Dancehall,emotion_gratitude,0,,,,,,,,,,,,,,,,,,
Reggae / Dancehall,emotion_grief,0,,,,,,,,,,,,,,,,,,
Reggae / Dancehall,emotion_joy,0,,,,,,,,,,,,,,,,,,
Reggae / Dancehall,emotion_love,0,,,,,,,,,,,,,,,,,,
Reggae / Dancehall,emotion_nervousness,0,,,,,,,,,,,,,,,,,,
Reggae / Dancehall,emotion_neutral,0,,,,,,,,,,,,,,,,,,
Reggae / Dancehall,emotion_optimism,0,,,,,,,,,,,,,,,,,,
Reggae / Dancehall,emotion_pride,0,,,,,,,,,,,,,,,,,,
Reggae / Dancehall,emotion_realization,0,,,,,,,,,,,,,,,,,,
Reggae / Dancehall,emotion_relief,0,,,,,,,,,,,,,,,,,,
Reggae / Dancehall,emotion_remorse,0,,,,,,,,,,,,,,,,,,
Reggae / Dancehall,emotion_sadness,0,,,,,,,,,,,,,,,,,,
Reggae / Dancehall,emotion_surprise,0,,,,,,,,,,,,,,,,,,
Reggae / Dancehall,ll_explicit_language,0,,,,,,,,,,,,,,,,,,
Reggae / Dancehall,ll_sexual_content,0,,,,,,,,,,,,,,,,,,
Reggae / Dancehall,ll_substance_use,0,,,,,,,,,,,,,,,,,,
Reggae / Dancehall,ll_violence,0,,,,,,,,,,,,,,,,,,
Reggae / Dancehall,sentiment_negative,0,,,,,,,,,,,,,,,,,,
Reggae / Dancehall,sentiment_neutral,0,,,,,,,,,,,,,,,,,,
Reggae / Dancehall,sentiment_positive,0,,,,,,,,,,,,,,,,,,
Rock,detox_identity_attack,527,1959-07,0.001839913648,182,8,2009-08,0.005594889001,111,6,1992-03,0.001153247451,204,13,1999-11,0.01047377195,87,6,0.003754975353,0.0093205245
Rock,detox_insult,527,1959-07,0.03029640251,182,8,2009-08,0.1209838191,111,6,1994-02,0.006126919935,91,6,2009-07,0.1230878441,112,6,0.09068741654,0.1169609242
Rock,detox_obscene,527,1959-07,0.007662970237,182,8,2009-08,0.1802811222,111,6,1994-02,0.003391494978,91,6,2009-06,0.1916452516,111,6,0.1726181519,0.1882537566
Rock,detox_severe_toxicity,527,1959-07,7.953937016e-05,182,8,2009-08,0.006224450469,111,6,1962-03,3.908151136e-05,157,9,2007-03,0.01492679993,115,7,0.006144911098,0.01488771842
Rock,detox_sexual_explicit,527,1959-07,0.005011835285,182,8,2009-08,0.06127555549,111,6,1994-02,0.001308655193,91,6,2009-08,0.06127555549,111,6,0.0562637202,0.0599669003
Rock,detox_threat,527,1959-07,0.00357323223,182,8,2009-08,0.005923735095,111,6,1976-10,0.0008161509097,278,17,1995-09,0.02876200845,140,9,0.002350502864,0.02794585754
Rock,detox_toxicity,527,1959-07,0.06599756644,182,8,2009-08,0.2972778659,111,6,1965-01,0.04267992413,231,13,2009-08,0.2972778659,111,6,0.2312802994,0.2545979417
Rock,emotion_admiration,527,1959-07,0.02663524567,182,8,2009-08,0.01352477497,111,6,2002-09,0.002975416837,121,8,2000-01,0.06910835707,87,5,-0.0131104707,0.06613294023
Rock,emotion_amusement,527,1959-07,0.02597830951,182,8,2009-08,0.01444914446,111,6,1996-08,0.001840647281,85,5,1963-02,0.04565669311,118,7,-0.01152916505,0.04381604583
Rock,emotion_anger,527,1959-07,0.01038288017,182,8,2009-08,0.02119612511,111,6,1962-06,0.005002350673,153,9,1999-11,0.04697226734,87,6,0.01081324494,0.04196991666
Rock,emotion_annoyance,527,1959-07,0.03096148026,182,8,2009-08,0.07304021514,111,6,1962-06,0.01627589278,153,9,2002-09,0.09696555593,121,8,0.04207873488,0.08068966315
Rock,emotion_approval,527,1959-07,0.03991147473,182,8,2009-08,0.03665634158,111,6,2002-08,0.02082245393,123,8,2001-02,0.07758149286,87,5,-0.003255133151,0.05675903893
Rock,emotion_caring,527,1959-07,0.02642114062,182,8,2009-08,0.02941448447,111,6,1962-11,0.008577854946,117,7,1995-02,0.06595293697,124,7,0.002993343852,0.05737508203
Rock,emotion_confusion,527,1959-07,0.02733747737,182,8,2009-08,0.03423151674,111,6,1963-10,0.005448516388,99,5,2002-07,0.064161517,121,8,0.006894039375,0.05871300062
Rock,emotion_curiosity,527,1959-07,0.03294628897,182,8,2009-08,0.08034489808,111,6,2008-02,0.0127970342,134,7,2009-08,0.08034489808,111,6,0.04739860912,0.06754786389
Rock,emotion_desire,527,1959-07,0.05145152228,182,8,2009-08,0.03273885561,111,6,1963-07,0.01721291241,105,6,1995-09,0.1109818392,140,9,-0.01871266668,0.0937689268
Rock,emotion_disappointment,527,1959-07,0.06896773704,182,8,2009-08,0.123399184,111,6,1964-04,0.01891043934,125,5,2008-05,0.1494462166,131,6,0.054431447,0.1305357773
Rock,emotion_disapproval,527,1959-07,0.01137641366,182,8,2009-08,0.02633826287,111,6,1962-06,0.005612857048,153,9,2002-08,0.05935870139,123,8,0.01496184921,0.05374584434
Rock,emotion_disgust,527,1959-07,0.003767981629,182,8,2009-08,0.004468904614,111,6,1963-09,0.002347745624,101,5,2003-02,0.01112347061,120,6,0.0007009229854,0.008775724982
Rock,emotion_embarrassment,527,1959-07,0.004684208423,182,8,2009-08,0.003736602936,111,6,1962-09,0.001567987859,135,8,2002-09,0.01108045026,121,8,-0.000947605487,0.009512462398
Rock,emotion_excitement,527,1959-07,0.02370997681,182,8,2009-08,0.008482388535,111,6,2002-08,0.005252288499,123,8,1963-05,0.05778055655,112,7,-0.01522758828,0.05252826805
Rock,emotion_fear,527,1959-07,0.02094895704,182,8,2009-08,0.01120970158,111,6,1962-07,0.002243436477,148,9,2002-12,0.08733279293,114,6,-0.009739255455,0.08508935646
Rock,emotion_gratitude,527,1959-07,0.002384885347,182,8,2009-08,0.002416072677,111,6,1984-09,0.0004236002786,329,22,2008-03,0.05367916433,134,7,3.118732946e-05,0.05325556405
Rock,emotion_grief,527,1959-07,0.004257758184,182,8,2009-08,0.003103484713,111,6,1964-04,0.001500592889,125,5,1999-11,0.005412331008,87,6,-0.00115427347,0.003911738119
Rock,emotion_joy,527,1959-07,0.03601063167,182,8,2009-08,0.01381303784,111,6,2003-04,0.005050426861,132,6,1963-02,0.08962532196,118,7,-0.02219759383,0.0845748951
Rock,emotion_love,527,1959-07,0.2828996264,182,8,2009-08,0.09030682995,111,6,2006-03,0.01767871683,109,7,1961-08,0.3014119182,153,7,-0.1925927965,0.2837332013
Rock,emotion_nervousness,527,1959-07,0.01881167266,182,8,2009-08,0.01477190992,111,6,1962-07,0.002626248728,148,9,2004-03,0.029671084,159,9,-0.004039762739,0.02704483527
Rock,emotion_neutral,527,1959-07,0.3248926791,182,8,2009-08,0.3441319262,111,6,1996-08,0.2838082811,85,5,1964-03,0.5331319391,111,5,0.01923924704,0.249323658
Rock,emotion_optimism,527,1959-07,0.02506084153,182,8,2009-08,0.06723247343,111,6,1967-11,0.009591625427,234,13,2009-08,0.06723247343,111,6,0.0421716319,0.057640848
Rock,emotion_pride,527,1959-07,0.001286918582,182,8,2009-08,0.000879044857,111,6,1996-05,0.000700601288,104,5,1971-12,0.007203679094,247,17,-0.0004078737247,0.006503077806
Rock,emotion_realization,527,1959-07,0.02232899171,182,8,2009-08,0.0276323331,111,6,1961-01,0.01272247688,173,8,2008-01,0.06068171985,130,7,0.005303341394,0.04795924296
Rock,emotion_relief,527,1959-07,0.002796085894,182,8,2009-08,0.002161944017,111,6,1996-05,0.001761078851,104,5,2008-02,0.0064899251,134,7,-0.0006341418762,0.004728846249
Rock,emotion_remorse,527,1959-07,0.009280719745,182,8,2009-08,0.004814124915,111,6,2000-01,0.001934731217,87,5,2008-05,0.05598463029,131,6,-0.00446659483,0.05404989908
Rock,emotion_sadness,527,1959-07,0.1263975132,182,8,2009-08,0.105397712,111,6,1964-04,0.02690091218,125,5,2005-01,0.18368063,160,10,-0.02099980117,0.1567797178
Rock,emotion_surprise,527,1959-07,0.01337930397,182,8,2009-08,0.007728736297,111,6,1960-11,0.004548939492,175,8,2001-04,0.03442873755,87,5,-0.005650567673,0.02987979806
Rock,ll_explicit_language,527,1959-07,0.1037810904,182,8,2009-08,0.3756674336,111,6,1968-10,0.02860881863,186,9,2003-05,0.4836719147,134,6,0.2718863432,0.455063096
Rock,ll_sexual_content,527,1959-07,0.4296205296,182,8,2009-08,0.3161257196,111,6,2003-02,0.09739564589,120,6,1960-03,0.5559136946,149,8,-0.11349481,0.4585180488
Rock,ll_substance_use,527,1959-07,0.0222595066,182,8,2009-08,0.2396072913,111,6,1959-07,0.0222595066,182,8,1974-03,0.2984685737,265,16,0.2173477847,0.2762090671
Rock,ll_violence,527,1959-07,0.1269325526,182,8,2009-08,0.2192921433,111,6,1961-08,0.02884429438,153,7,1996-08,0.4202745058,85,5,0.09235959072,0.3914302114
Rock,sentiment_negative,527,1959-07,0.2586808445,182,8,2009-08,0.3137293789,111,6,1962-12,0.2224770067,115,7,2002-07,0.3559035234,121,8,0.0550485344,0.1334265166
Rock,sentiment_neutral,527,1959-07,0.4242363408,182,8,2009-08,0.425355773,111,6,2005-09,0.4052260507,136,7,1963-07,0.4465434204,105,6,0.00111943222,0.04131736974
Rock,sentiment_positive,527,1959-07,0.3170828174,182,8,2009-08,0.2609148372,111,6,2002-07,0.235705373,121,8,1962-06,0.3413420111,153,9,-0.05616798016,0.1056366381
